driver1,driver2,driver_srch_str,EBV class,Indicator,ebv_srch_str,complete_srch_str
Land/sea use change,Direct exploitation of natural resources,"(((""land use chang*"" OR ""land cover chang*"" OR ""land* system* chang*"" OR ""land* chang*"" OR ""land* degradation"" OR ""land* conversion"" OR ""land management"") OR ((marine OR ocean OR sea*) AND use AND change*) OR (""habitat loss*"" OR ""habitat degradation*"" OR ""habitat chang*"" OR ""habitat conversion"" OR ""habitat modification*"" OR ""habitat fragmentation"" OR ""habitat management"") OR (biofuel* OR biogas*) OR ((residential OR urban* OR cities OR housing OR commercial OR industrial OR touris* OR recreation*) AND (extent OR area OR cover* OR proportion* OR percentage*) AND (develop* OR expan* OR increas*)) OR (deforestation OR afforestation OR ""wood plantation*"" OR ""forest* plantation*"" OR ""pulp* plantation*"") OR ((aquaculture* OR agricultur* OR crop* OR ""cultivated area*"" OR farmland OR pasture) AND (develop* OR expan* OR increas* OR intensification OR extensification OR abandon* OR chang*)) OR (livestock AND (farm* OR ranch* OR graz* OR densit*)) OR (energy AND (drill* OR min* OR quarry*)) OR (((transport* OR service) AND (network* OR corridor* OR infrastructure*)) OR road* OR rail* OR ""ship* lane*"" OR ""flight path*"") OR (""system* modification*"" OR (dams OR (water AND (management OR use)))))) AND ((((((natur* AND resource*) OR material* OR (biomass OR ""fossil fuel*"" OR ore* OR mineral*)) OR ((biological AND resource*) OR wildlife OR animal* OR plant* OR population*) OR water) AND ((overextraction OR overexploitation) OR (extraction OR exploitation OR withdraw*) OR depletion OR (hunting OR collect* OR gather* OR poaching OR ""bush meat*""))) OR ((forest* OR wood OR timber*) AND (harvest* OR logging*)) OR (soil* AND (erosion OR acidification OR degradation)) OR (fisher* OR fishing OR (bycatch OR by-catch))))",Community composition,NA,"(((communit* OR assemblage* OR taxonom* OR species) AND (dominance* OR richness OR turnover OR diversit* OR composition OR similarit)) OR (""species interaction"" OR ""biotic interaction*""))","TS=(((((communit* OR assemblage* OR taxonom* OR species) AND (dominance* OR richness OR turnover OR diversit* OR composition OR similarit)) OR (""species interaction"" OR ""biotic interaction*""))) AND ((((""land use chang*"" OR ""land cover chang*"" OR ""land* system* chang*"" OR ""land* chang*"" OR ""land* degradation"" OR ""land* conversion"" OR ""land management"") OR ((marine OR ocean OR sea*) AND use AND change*) OR (""habitat loss*"" OR ""habitat degradation*"" OR ""habitat chang*"" OR ""habitat conversion"" OR ""habitat modification*"" OR ""habitat fragmentation"" OR ""habitat management"") OR (biofuel* OR biogas*) OR ((residential OR urban* OR cities OR housing OR commercial OR industrial OR touris* OR recreation*) AND (extent OR area OR cover* OR proportion* OR percentage*) AND (develop* OR expan* OR increas*)) OR (deforestation OR afforestation OR ""wood plantation*"" OR ""forest* plantation*"" OR ""pulp* plantation*"") OR ((aquaculture* OR agricultur* OR crop* OR ""cultivated area*"" OR farmland OR pasture) AND (develop* OR expan* OR increas* OR intensification OR extensification OR abandon* OR chang*)) OR (livestock AND (farm* OR ranch* OR graz* OR densit*)) OR (energy AND (drill* OR min* OR quarry*)) OR (((transport* OR service) AND (network* OR corridor* OR infrastructure*)) OR road* OR rail* OR ""ship* lane*"" OR ""flight path*"") OR (""system* modification*"" OR (dams OR (water AND (management OR use)))))) AND ((((((natur* AND resource*) OR material* OR (biomass OR ""fossil fuel*"" OR ore* OR mineral*)) OR ((biological AND resource*) OR wildlife OR animal* OR plant* OR population*) OR water) AND ((overextraction OR overexploitation) OR (extraction OR exploitation OR withdraw*) OR depletion OR (hunting OR collect* OR gather* OR poaching OR ""bush meat*""))) OR ((forest* OR wood OR timber*) AND (harvest* OR logging*)) OR (soil* AND (erosion OR acidification OR degradation)) OR (fisher* OR fishing OR (bycatch OR by-catch))))) AND (que*bec OR canada OR montr*al or Saint-Lawrence or Bas-Saint-Laurent or Saguenay or Lac-Saint-Jean  or Capitale-Nationale or Mauricie or Estrie or Outaouais or Abitibi-T*miscamingue or C*te-Nord or Nord-du-Qu*bec or Gasp*sie–*les-de-la-Madeleine or Chaudi*re-Appalaches or Laval or Lanaudi*re or Laurentides or Mont*r*gie or Centre-du-Qu*bec))"
Land/sea use change,Direct exploitation of natural resources,"(((""land use chang*"" OR ""land cover chang*"" OR ""land* system* chang*"" OR ""land* chang*"" OR ""land* degradation"" OR ""land* conversion"" OR ""land management"") OR ((marine OR ocean OR sea*) AND use AND change*) OR (""habitat loss*"" OR ""habitat degradation*"" OR ""habitat chang*"" OR ""habitat conversion"" OR ""habitat modification*"" OR ""habitat fragmentation"" OR ""habitat management"") OR (biofuel* OR biogas*) OR ((residential OR urban* OR cities OR housing OR commercial OR industrial OR touris* OR recreation*) AND (extent OR area OR cover* OR proportion* OR percentage*) AND (develop* OR expan* OR increas*)) OR (deforestation OR afforestation OR ""wood plantation*"" OR ""forest* plantation*"" OR ""pulp* plantation*"") OR ((aquaculture* OR agricultur* OR crop* OR ""cultivated area*"" OR farmland OR pasture) AND (develop* OR expan* OR increas* OR intensification OR extensification OR abandon* OR chang*)) OR (livestock AND (farm* OR ranch* OR graz* OR densit*)) OR (energy AND (drill* OR min* OR quarry*)) OR (((transport* OR service) AND (network* OR corridor* OR infrastructure*)) OR road* OR rail* OR ""ship* lane*"" OR ""flight path*"") OR (""system* modification*"" OR (dams OR (water AND (management OR use)))))) AND ((((((natur* AND resource*) OR material* OR (biomass OR ""fossil fuel*"" OR ore* OR mineral*)) OR ((biological AND resource*) OR wildlife OR animal* OR plant* OR population*) OR water) AND ((overextraction OR overexploitation) OR (extraction OR exploitation OR withdraw*) OR depletion OR (hunting OR collect* OR gather* OR poaching OR ""bush meat*""))) OR ((forest* OR wood OR timber*) AND (harvest* OR logging*)) OR (soil* AND (erosion OR acidification OR degradation)) OR (fisher* OR fishing OR (bycatch OR by-catch))))",Ecosystem function,NA,"(""ecosystem function"" OR ""net primary productivity"" OR ""secondary productivity"" OR ""nutrient retention"" OR ""disturbance regime"" OR ""carbon sequestration"")","TS=(((""ecosystem function"" OR ""net primary productivity"" OR ""secondary productivity"" OR ""nutrient retention"" OR ""disturbance regime"" OR ""carbon sequestration"")) AND ((((""land use chang*"" OR ""land cover chang*"" OR ""land* system* chang*"" OR ""land* chang*"" OR ""land* degradation"" OR ""land* conversion"" OR ""land management"") OR ((marine OR ocean OR sea*) AND use AND change*) OR (""habitat loss*"" OR ""habitat degradation*"" OR ""habitat chang*"" OR ""habitat conversion"" OR ""habitat modification*"" OR ""habitat fragmentation"" OR ""habitat management"") OR (biofuel* OR biogas*) OR ((residential OR urban* OR cities OR housing OR commercial OR industrial OR touris* OR recreation*) AND (extent OR area OR cover* OR proportion* OR percentage*) AND (develop* OR expan* OR increas*)) OR (deforestation OR afforestation OR ""wood plantation*"" OR ""forest* plantation*"" OR ""pulp* plantation*"") OR ((aquaculture* OR agricultur* OR crop* OR ""cultivated area*"" OR farmland OR pasture) AND (develop* OR expan* OR increas* OR intensification OR extensification OR abandon* OR chang*)) OR (livestock AND (farm* OR ranch* OR graz* OR densit*)) OR (energy AND (drill* OR min* OR quarry*)) OR (((transport* OR service) AND (network* OR corridor* OR infrastructure*)) OR road* OR rail* OR ""ship* lane*"" OR ""flight path*"") OR (""system* modification*"" OR (dams OR (water AND (management OR use)))))) AND ((((((natur* AND resource*) OR material* OR (biomass OR ""fossil fuel*"" OR ore* OR mineral*)) OR ((biological AND resource*) OR wildlife OR animal* OR plant* OR population*) OR water) AND ((overextraction OR overexploitation) OR (extraction OR exploitation OR withdraw*) OR depletion OR (hunting OR collect* OR gather* OR poaching OR ""bush meat*""))) OR ((forest* OR wood OR timber*) AND (harvest* OR logging*)) OR (soil* AND (erosion OR acidification OR degradation)) OR (fisher* OR fishing OR (bycatch OR by-catch))))) AND (que*bec OR canada OR montr*al or Saint-Lawrence or Bas-Saint-Laurent or Saguenay or Lac-Saint-Jean  or Capitale-Nationale or Mauricie or Estrie or Outaouais or Abitibi-T*miscamingue or C*te-Nord or Nord-du-Qu*bec or Gasp*sie–*les-de-la-Madeleine or Chaudi*re-Appalaches or Laval or Lanaudi*re or Laurentides or Mont*r*gie or Centre-du-Qu*bec))"
Land/sea use change,Direct exploitation of natural resources,"(((""land use chang*"" OR ""land cover chang*"" OR ""land* system* chang*"" OR ""land* chang*"" OR ""land* degradation"" OR ""land* conversion"" OR ""land management"") OR ((marine OR ocean OR sea*) AND use AND change*) OR (""habitat loss*"" OR ""habitat degradation*"" OR ""habitat chang*"" OR ""habitat conversion"" OR ""habitat modification*"" OR ""habitat fragmentation"" OR ""habitat management"") OR (biofuel* OR biogas*) OR ((residential OR urban* OR cities OR housing OR commercial OR industrial OR touris* OR recreation*) AND (extent OR area OR cover* OR proportion* OR percentage*) AND (develop* OR expan* OR increas*)) OR (deforestation OR afforestation OR ""wood plantation*"" OR ""forest* plantation*"" OR ""pulp* plantation*"") OR ((aquaculture* OR agricultur* OR crop* OR ""cultivated area*"" OR farmland OR pasture) AND (develop* OR expan* OR increas* OR intensification OR extensification OR abandon* OR chang*)) OR (livestock AND (farm* OR ranch* OR graz* OR densit*)) OR (energy AND (drill* OR min* OR quarry*)) OR (((transport* OR service) AND (network* OR corridor* OR infrastructure*)) OR road* OR rail* OR ""ship* lane*"" OR ""flight path*"") OR (""system* modification*"" OR (dams OR (water AND (management OR use)))))) AND ((((((natur* AND resource*) OR material* OR (biomass OR ""fossil fuel*"" OR ore* OR mineral*)) OR ((biological AND resource*) OR wildlife OR animal* OR plant* OR population*) OR water) AND ((overextraction OR overexploitation) OR (extraction OR exploitation OR withdraw*) OR depletion OR (hunting OR collect* OR gather* OR poaching OR ""bush meat*""))) OR ((forest* OR wood OR timber*) AND (harvest* OR logging*)) OR (soil* AND (erosion OR acidification OR degradation)) OR (fisher* OR fishing OR (bycatch OR by-catch))))",Ecosystem structure,NA,"(""ecosystem* structure"" OR ""habitat structure"" OR ((ecosystem OR habitat*) AND ((extent OR area OR coverage OR proportion) AND fragmentation)) OR ((ecosystem OR landscape) AND composition AND ""functional type""))","TS=(((""ecosystem* structure"" OR ""habitat structure"" OR ((ecosystem OR habitat*) AND ((extent OR area OR coverage OR proportion) AND fragmentation)) OR ((ecosystem OR landscape) AND composition AND ""functional type""))) AND ((((""land use chang*"" OR ""land cover chang*"" OR ""land* system* chang*"" OR ""land* chang*"" OR ""land* degradation"" OR ""land* conversion"" OR ""land management"") OR ((marine OR ocean OR sea*) AND use AND change*) OR (""habitat loss*"" OR ""habitat degradation*"" OR ""habitat chang*"" OR ""habitat conversion"" OR ""habitat modification*"" OR ""habitat fragmentation"" OR ""habitat management"") OR (biofuel* OR biogas*) OR ((residential OR urban* OR cities OR housing OR commercial OR industrial OR touris* OR recreation*) AND (extent OR area OR cover* OR proportion* OR percentage*) AND (develop* OR expan* OR increas*)) OR (deforestation OR afforestation OR ""wood plantation*"" OR ""forest* plantation*"" OR ""pulp* plantation*"") OR ((aquaculture* OR agricultur* OR crop* OR ""cultivated area*"" OR farmland OR pasture) AND (develop* OR expan* OR increas* OR intensification OR extensification OR abandon* OR chang*)) OR (livestock AND (farm* OR ranch* OR graz* OR densit*)) OR (energy AND (drill* OR min* OR quarry*)) OR (((transport* OR service) AND (network* OR corridor* OR infrastructure*)) OR road* OR rail* OR ""ship* lane*"" OR ""flight path*"") OR (""system* modification*"" OR (dams OR (water AND (management OR use)))))) AND ((((((natur* AND resource*) OR material* OR (biomass OR ""fossil fuel*"" OR ore* OR mineral*)) OR ((biological AND resource*) OR wildlife OR animal* OR plant* OR population*) OR water) AND ((overextraction OR overexploitation) OR (extraction OR exploitation OR withdraw*) OR depletion OR (hunting OR collect* OR gather* OR poaching OR ""bush meat*""))) OR ((forest* OR wood OR timber*) AND (harvest* OR logging*)) OR (soil* AND (erosion OR acidification OR degradation)) OR (fisher* OR fishing OR (bycatch OR by-catch))))) AND (que*bec OR canada OR montr*al or Saint-Lawrence or Bas-Saint-Laurent or Saguenay or Lac-Saint-Jean  or Capitale-Nationale or Mauricie or Estrie or Outaouais or Abitibi-T*miscamingue or C*te-Nord or Nord-du-Qu*bec or Gasp*sie–*les-de-la-Madeleine or Chaudi*re-Appalaches or Laval or Lanaudi*re or Laurentides or Mont*r*gie or Centre-du-Qu*bec))"
Land/sea use change,Direct exploitation of natural resources,"(((""land use chang*"" OR ""land cover chang*"" OR ""land* system* chang*"" OR ""land* chang*"" OR ""land* degradation"" OR ""land* conversion"" OR ""land management"") OR ((marine OR ocean OR sea*) AND use AND change*) OR (""habitat loss*"" OR ""habitat degradation*"" OR ""habitat chang*"" OR ""habitat conversion"" OR ""habitat modification*"" OR ""habitat fragmentation"" OR ""habitat management"") OR (biofuel* OR biogas*) OR ((residential OR urban* OR cities OR housing OR commercial OR industrial OR touris* OR recreation*) AND (extent OR area OR cover* OR proportion* OR percentage*) AND (develop* OR expan* OR increas*)) OR (deforestation OR afforestation OR ""wood plantation*"" OR ""forest* plantation*"" OR ""pulp* plantation*"") OR ((aquaculture* OR agricultur* OR crop* OR ""cultivated area*"" OR farmland OR pasture) AND (develop* OR expan* OR increas* OR intensification OR extensification OR abandon* OR chang*)) OR (livestock AND (farm* OR ranch* OR graz* OR densit*)) OR (energy AND (drill* OR min* OR quarry*)) OR (((transport* OR service) AND (network* OR corridor* OR infrastructure*)) OR road* OR rail* OR ""ship* lane*"" OR ""flight path*"") OR (""system* modification*"" OR (dams OR (water AND (management OR use)))))) AND ((((((natur* AND resource*) OR material* OR (biomass OR ""fossil fuel*"" OR ore* OR mineral*)) OR ((biological AND resource*) OR wildlife OR animal* OR plant* OR population*) OR water) AND ((overextraction OR overexploitation) OR (extraction OR exploitation OR withdraw*) OR depletion OR (hunting OR collect* OR gather* OR poaching OR ""bush meat*""))) OR ((forest* OR wood OR timber*) AND (harvest* OR logging*)) OR (soil* AND (erosion OR acidification OR degradation)) OR (fisher* OR fishing OR (bycatch OR by-catch))))",Genetic composition,NA,"(""genetic* composition"" OR (co-ancestr* OR coancestr) OR ""allel diversit"" OR ""phylogenetic diversit"" OR (""population diversit"" OR (population AND ""genetic differen"")) OR ((breed OR variet) AND diversit) OR ""intra-specific diversit"" OR ""genetic diversit"" OR ""genetic variation"")","TS=(((""genetic* composition"" OR (co-ancestr* OR coancestr) OR ""allel diversit"" OR ""phylogenetic diversit"" OR (""population diversit"" OR (population AND ""genetic differen"")) OR ((breed OR variet) AND diversit) OR ""intra-specific diversit"" OR ""genetic diversit"" OR ""genetic variation"")) AND ((((""land use chang*"" OR ""land cover chang*"" OR ""land* system* chang*"" OR ""land* chang*"" OR ""land* degradation"" OR ""land* conversion"" OR ""land management"") OR ((marine OR ocean OR sea*) AND use AND change*) OR (""habitat loss*"" OR ""habitat degradation*"" OR ""habitat chang*"" OR ""habitat conversion"" OR ""habitat modification*"" OR ""habitat fragmentation"" OR ""habitat management"") OR (biofuel* OR biogas*) OR ((residential OR urban* OR cities OR housing OR commercial OR industrial OR touris* OR recreation*) AND (extent OR area OR cover* OR proportion* OR percentage*) AND (develop* OR expan* OR increas*)) OR (deforestation OR afforestation OR ""wood plantation*"" OR ""forest* plantation*"" OR ""pulp* plantation*"") OR ((aquaculture* OR agricultur* OR crop* OR ""cultivated area*"" OR farmland OR pasture) AND (develop* OR expan* OR increas* OR intensification OR extensification OR abandon* OR chang*)) OR (livestock AND (farm* OR ranch* OR graz* OR densit*)) OR (energy AND (drill* OR min* OR quarry*)) OR (((transport* OR service) AND (network* OR corridor* OR infrastructure*)) OR road* OR rail* OR ""ship* lane*"" OR ""flight path*"") OR (""system* modification*"" OR (dams OR (water AND (management OR use)))))) AND ((((((natur* AND resource*) OR material* OR (biomass OR ""fossil fuel*"" OR ore* OR mineral*)) OR ((biological AND resource*) OR wildlife OR animal* OR plant* OR population*) OR water) AND ((overextraction OR overexploitation) OR (extraction OR exploitation OR withdraw*) OR depletion OR (hunting OR collect* OR gather* OR poaching OR ""bush meat*""))) OR ((forest* OR wood OR timber*) AND (harvest* OR logging*)) OR (soil* AND (erosion OR acidification OR degradation)) OR (fisher* OR fishing OR (bycatch OR by-catch))))) AND (que*bec OR canada OR montr*al or Saint-Lawrence or Bas-Saint-Laurent or Saguenay or Lac-Saint-Jean  or Capitale-Nationale or Mauricie or Estrie or Outaouais or Abitibi-T*miscamingue or C*te-Nord or Nord-du-Qu*bec or Gasp*sie–*les-de-la-Madeleine or Chaudi*re-Appalaches or Laval or Lanaudi*re or Laurentides or Mont*r*gie or Centre-du-Qu*bec))"
Land/sea use change,Direct exploitation of natural resources,"(((""land use chang*"" OR ""land cover chang*"" OR ""land* system* chang*"" OR ""land* chang*"" OR ""land* degradation"" OR ""land* conversion"" OR ""land management"") OR ((marine OR ocean OR sea*) AND use AND change*) OR (""habitat loss*"" OR ""habitat degradation*"" OR ""habitat chang*"" OR ""habitat conversion"" OR ""habitat modification*"" OR ""habitat fragmentation"" OR ""habitat management"") OR (biofuel* OR biogas*) OR ((residential OR urban* OR cities OR housing OR commercial OR industrial OR touris* OR recreation*) AND (extent OR area OR cover* OR proportion* OR percentage*) AND (develop* OR expan* OR increas*)) OR (deforestation OR afforestation OR ""wood plantation*"" OR ""forest* plantation*"" OR ""pulp* plantation*"") OR ((aquaculture* OR agricultur* OR crop* OR ""cultivated area*"" OR farmland OR pasture) AND (develop* OR expan* OR increas* OR intensification OR extensification OR abandon* OR chang*)) OR (livestock AND (farm* OR ranch* OR graz* OR densit*)) OR (energy AND (drill* OR min* OR quarry*)) OR (((transport* OR service) AND (network* OR corridor* OR infrastructure*)) OR road* OR rail* OR ""ship* lane*"" OR ""flight path*"") OR (""system* modification*"" OR (dams OR (water AND (management OR use)))))) AND ((((((natur* AND resource*) OR material* OR (biomass OR ""fossil fuel*"" OR ore* OR mineral*)) OR ((biological AND resource*) OR wildlife OR animal* OR plant* OR population*) OR water) AND ((overextraction OR overexploitation) OR (extraction OR exploitation OR withdraw*) OR depletion OR (hunting OR collect* OR gather* OR poaching OR ""bush meat*""))) OR ((forest* OR wood OR timber*) AND (harvest* OR logging*)) OR (soil* AND (erosion OR acidification OR degradation)) OR (fisher* OR fishing OR (bycatch OR by-catch))))",Species populations,NA,(species OR population) AND ((distribution OR range) OR (abundance OR size* OR densit* OR demograph* OR dynamic* OR reproduct* OR surviv* OR growth OR persistence OR viab*) OR (structure AND (age OR size))),"TS=(((species OR population) AND ((distribution OR range) OR (abundance OR size* OR densit* OR demograph* OR dynamic* OR reproduct* OR surviv* OR growth OR persistence OR viab*) OR (structure AND (age OR size)))) AND ((((""land use chang*"" OR ""land cover chang*"" OR ""land* system* chang*"" OR ""land* chang*"" OR ""land* degradation"" OR ""land* conversion"" OR ""land management"") OR ((marine OR ocean OR sea*) AND use AND change*) OR (""habitat loss*"" OR ""habitat degradation*"" OR ""habitat chang*"" OR ""habitat conversion"" OR ""habitat modification*"" OR ""habitat fragmentation"" OR ""habitat management"") OR (biofuel* OR biogas*) OR ((residential OR urban* OR cities OR housing OR commercial OR industrial OR touris* OR recreation*) AND (extent OR area OR cover* OR proportion* OR percentage*) AND (develop* OR expan* OR increas*)) OR (deforestation OR afforestation OR ""wood plantation*"" OR ""forest* plantation*"" OR ""pulp* plantation*"") OR ((aquaculture* OR agricultur* OR crop* OR ""cultivated area*"" OR farmland OR pasture) AND (develop* OR expan* OR increas* OR intensification OR extensification OR abandon* OR chang*)) OR (livestock AND (farm* OR ranch* OR graz* OR densit*)) OR (energy AND (drill* OR min* OR quarry*)) OR (((transport* OR service) AND (network* OR corridor* OR infrastructure*)) OR road* OR rail* OR ""ship* lane*"" OR ""flight path*"") OR (""system* modification*"" OR (dams OR (water AND (management OR use)))))) AND ((((((natur* AND resource*) OR material* OR (biomass OR ""fossil fuel*"" OR ore* OR mineral*)) OR ((biological AND resource*) OR wildlife OR animal* OR plant* OR population*) OR water) AND ((overextraction OR overexploitation) OR (extraction OR exploitation OR withdraw*) OR depletion OR (hunting OR collect* OR gather* OR poaching OR ""bush meat*""))) OR ((forest* OR wood OR timber*) AND (harvest* OR logging*)) OR (soil* AND (erosion OR acidification OR degradation)) OR (fisher* OR fishing OR (bycatch OR by-catch))))) AND (que*bec OR canada OR montr*al or Saint-Lawrence or Bas-Saint-Laurent or Saguenay or Lac-Saint-Jean  or Capitale-Nationale or Mauricie or Estrie or Outaouais or Abitibi-T*miscamingue or C*te-Nord or Nord-du-Qu*bec or Gasp*sie–*les-de-la-Madeleine or Chaudi*re-Appalaches or Laval or Lanaudi*re or Laurentides or Mont*r*gie or Centre-du-Qu*bec))"
Land/sea use change,Direct exploitation of natural resources,"(((""land use chang*"" OR ""land cover chang*"" OR ""land* system* chang*"" OR ""land* chang*"" OR ""land* degradation"" OR ""land* conversion"" OR ""land management"") OR ((marine OR ocean OR sea*) AND use AND change*) OR (""habitat loss*"" OR ""habitat degradation*"" OR ""habitat chang*"" OR ""habitat conversion"" OR ""habitat modification*"" OR ""habitat fragmentation"" OR ""habitat management"") OR (biofuel* OR biogas*) OR ((residential OR urban* OR cities OR housing OR commercial OR industrial OR touris* OR recreation*) AND (extent OR area OR cover* OR proportion* OR percentage*) AND (develop* OR expan* OR increas*)) OR (deforestation OR afforestation OR ""wood plantation*"" OR ""forest* plantation*"" OR ""pulp* plantation*"") OR ((aquaculture* OR agricultur* OR crop* OR ""cultivated area*"" OR farmland OR pasture) AND (develop* OR expan* OR increas* OR intensification OR extensification OR abandon* OR chang*)) OR (livestock AND (farm* OR ranch* OR graz* OR densit*)) OR (energy AND (drill* OR min* OR quarry*)) OR (((transport* OR service) AND (network* OR corridor* OR infrastructure*)) OR road* OR rail* OR ""ship* lane*"" OR ""flight path*"") OR (""system* modification*"" OR (dams OR (water AND (management OR use)))))) AND ((((((natur* AND resource*) OR material* OR (biomass OR ""fossil fuel*"" OR ore* OR mineral*)) OR ((biological AND resource*) OR wildlife OR animal* OR plant* OR population*) OR water) AND ((overextraction OR overexploitation) OR (extraction OR exploitation OR withdraw*) OR depletion OR (hunting OR collect* OR gather* OR poaching OR ""bush meat*""))) OR ((forest* OR wood OR timber*) AND (harvest* OR logging*)) OR (soil* AND (erosion OR acidification OR degradation)) OR (fisher* OR fishing OR (bycatch OR by-catch))))",Species traits,NA,"((""ecological trait"" OR ""biological trait"" OR ""species trait"") OR (""body mass"" OR ""body size"") OR ""natal dispers"" OR ((migrat* OR dispers* OR demograph* OR physiolog* OR life-history* OR phenolog) AND (trait OR behav* OR attribute OR feature)))","TS=((((""ecological trait"" OR ""biological trait"" OR ""species trait"") OR (""body mass"" OR ""body size"") OR ""natal dispers"" OR ((migrat* OR dispers* OR demograph* OR physiolog* OR life-history* OR phenolog) AND (trait OR behav* OR attribute OR feature)))) AND ((((""land use chang*"" OR ""land cover chang*"" OR ""land* system* chang*"" OR ""land* chang*"" OR ""land* degradation"" OR ""land* conversion"" OR ""land management"") OR ((marine OR ocean OR sea*) AND use AND change*) OR (""habitat loss*"" OR ""habitat degradation*"" OR ""habitat chang*"" OR ""habitat conversion"" OR ""habitat modification*"" OR ""habitat fragmentation"" OR ""habitat management"") OR (biofuel* OR biogas*) OR ((residential OR urban* OR cities OR housing OR commercial OR industrial OR touris* OR recreation*) AND (extent OR area OR cover* OR proportion* OR percentage*) AND (develop* OR expan* OR increas*)) OR (deforestation OR afforestation OR ""wood plantation*"" OR ""forest* plantation*"" OR ""pulp* plantation*"") OR ((aquaculture* OR agricultur* OR crop* OR ""cultivated area*"" OR farmland OR pasture) AND (develop* OR expan* OR increas* OR intensification OR extensification OR abandon* OR chang*)) OR (livestock AND (farm* OR ranch* OR graz* OR densit*)) OR (energy AND (drill* OR min* OR quarry*)) OR (((transport* OR service) AND (network* OR corridor* OR infrastructure*)) OR road* OR rail* OR ""ship* lane*"" OR ""flight path*"") OR (""system* modification*"" OR (dams OR (water AND (management OR use)))))) AND ((((((natur* AND resource*) OR material* OR (biomass OR ""fossil fuel*"" OR ore* OR mineral*)) OR ((biological AND resource*) OR wildlife OR animal* OR plant* OR population*) OR water) AND ((overextraction OR overexploitation) OR (extraction OR exploitation OR withdraw*) OR depletion OR (hunting OR collect* OR gather* OR poaching OR ""bush meat*""))) OR ((forest* OR wood OR timber*) AND (harvest* OR logging*)) OR (soil* AND (erosion OR acidification OR degradation)) OR (fisher* OR fishing OR (bycatch OR by-catch))))) AND (que*bec OR canada OR montr*al or Saint-Lawrence or Bas-Saint-Laurent or Saguenay or Lac-Saint-Jean  or Capitale-Nationale or Mauricie or Estrie or Outaouais or Abitibi-T*miscamingue or C*te-Nord or Nord-du-Qu*bec or Gasp*sie–*les-de-la-Madeleine or Chaudi*re-Appalaches or Laval or Lanaudi*re or Laurentides or Mont*r*gie or Centre-du-Qu*bec))"
Land/sea use change,Direct exploitation of natural resources,"(((""land use chang*"" OR ""land cover chang*"" OR ""land* system* chang*"" OR ""land* chang*"" OR ""land* degradation"" OR ""land* conversion"" OR ""land management"") OR ((marine OR ocean OR sea*) AND use AND change*) OR (""habitat loss*"" OR ""habitat degradation*"" OR ""habitat chang*"" OR ""habitat conversion"" OR ""habitat modification*"" OR ""habitat fragmentation"" OR ""habitat management"") OR (biofuel* OR biogas*) OR ((residential OR urban* OR cities OR housing OR commercial OR industrial OR touris* OR recreation*) AND (extent OR area OR cover* OR proportion* OR percentage*) AND (develop* OR expan* OR increas*)) OR (deforestation OR afforestation OR ""wood plantation*"" OR ""forest* plantation*"" OR ""pulp* plantation*"") OR ((aquaculture* OR agricultur* OR crop* OR ""cultivated area*"" OR farmland OR pasture) AND (develop* OR expan* OR increas* OR intensification OR extensification OR abandon* OR chang*)) OR (livestock AND (farm* OR ranch* OR graz* OR densit*)) OR (energy AND (drill* OR min* OR quarry*)) OR (((transport* OR service) AND (network* OR corridor* OR infrastructure*)) OR road* OR rail* OR ""ship* lane*"" OR ""flight path*"") OR (""system* modification*"" OR (dams OR (water AND (management OR use)))))) AND ((((((natur* AND resource*) OR material* OR (biomass OR ""fossil fuel*"" OR ore* OR mineral*)) OR ((biological AND resource*) OR wildlife OR animal* OR plant* OR population*) OR water) AND ((overextraction OR overexploitation) OR (extraction OR exploitation OR withdraw*) OR depletion OR (hunting OR collect* OR gather* OR poaching OR ""bush meat*""))) OR ((forest* OR wood OR timber*) AND (harvest* OR logging*)) OR (soil* AND (erosion OR acidification OR degradation)) OR (fisher* OR fishing OR (bycatch OR by-catch))))",Community composition,Global bird species richness,"(global OR world*) AND bird* AND ""species richness""","TS=(((global OR world*) AND bird* AND ""species richness"") AND ((((""land use chang*"" OR ""land cover chang*"" OR ""land* system* chang*"" OR ""land* chang*"" OR ""land* degradation"" OR ""land* conversion"" OR ""land management"") OR ((marine OR ocean OR sea*) AND use AND change*) OR (""habitat loss*"" OR ""habitat degradation*"" OR ""habitat chang*"" OR ""habitat conversion"" OR ""habitat modification*"" OR ""habitat fragmentation"" OR ""habitat management"") OR (biofuel* OR biogas*) OR ((residential OR urban* OR cities OR housing OR commercial OR industrial OR touris* OR recreation*) AND (extent OR area OR cover* OR proportion* OR percentage*) AND (develop* OR expan* OR increas*)) OR (deforestation OR afforestation OR ""wood plantation*"" OR ""forest* plantation*"" OR ""pulp* plantation*"") OR ((aquaculture* OR agricultur* OR crop* OR ""cultivated area*"" OR farmland OR pasture) AND (develop* OR expan* OR increas* OR intensification OR extensification OR abandon* OR chang*)) OR (livestock AND (farm* OR ranch* OR graz* OR densit*)) OR (energy AND (drill* OR min* OR quarry*)) OR (((transport* OR service) AND (network* OR corridor* OR infrastructure*)) OR road* OR rail* OR ""ship* lane*"" OR ""flight path*"") OR (""system* modification*"" OR (dams OR (water AND (management OR use)))))) AND ((((((natur* AND resource*) OR material* OR (biomass OR ""fossil fuel*"" OR ore* OR mineral*)) OR ((biological AND resource*) OR wildlife OR animal* OR plant* OR population*) OR water) AND ((overextraction OR overexploitation) OR (extraction OR exploitation OR withdraw*) OR depletion OR (hunting OR collect* OR gather* OR poaching OR ""bush meat*""))) OR ((forest* OR wood OR timber*) AND (harvest* OR logging*)) OR (soil* AND (erosion OR acidification OR degradation)) OR (fisher* OR fishing OR (bycatch OR by-catch))))) AND (que*bec OR canada OR montr*al or Saint-Lawrence or Bas-Saint-Laurent or Saguenay or Lac-Saint-Jean  or Capitale-Nationale or Mauricie or Estrie or Outaouais or Abitibi-T*miscamingue or C*te-Nord or Nord-du-Qu*bec or Gasp*sie–*les-de-la-Madeleine or Chaudi*re-Appalaches or Laval or Lanaudi*re or Laurentides or Mont*r*gie or Centre-du-Qu*bec))"
Land/sea use change,Direct exploitation of natural resources,"(((""land use chang*"" OR ""land cover chang*"" OR ""land* system* chang*"" OR ""land* chang*"" OR ""land* degradation"" OR ""land* conversion"" OR ""land management"") OR ((marine OR ocean OR sea*) AND use AND change*) OR (""habitat loss*"" OR ""habitat degradation*"" OR ""habitat chang*"" OR ""habitat conversion"" OR ""habitat modification*"" OR ""habitat fragmentation"" OR ""habitat management"") OR (biofuel* OR biogas*) OR ((residential OR urban* OR cities OR housing OR commercial OR industrial OR touris* OR recreation*) AND (extent OR area OR cover* OR proportion* OR percentage*) AND (develop* OR expan* OR increas*)) OR (deforestation OR afforestation OR ""wood plantation*"" OR ""forest* plantation*"" OR ""pulp* plantation*"") OR ((aquaculture* OR agricultur* OR crop* OR ""cultivated area*"" OR farmland OR pasture) AND (develop* OR expan* OR increas* OR intensification OR extensification OR abandon* OR chang*)) OR (livestock AND (farm* OR ranch* OR graz* OR densit*)) OR (energy AND (drill* OR min* OR quarry*)) OR (((transport* OR service) AND (network* OR corridor* OR infrastructure*)) OR road* OR rail* OR ""ship* lane*"" OR ""flight path*"") OR (""system* modification*"" OR (dams OR (water AND (management OR use)))))) AND ((((((natur* AND resource*) OR material* OR (biomass OR ""fossil fuel*"" OR ore* OR mineral*)) OR ((biological AND resource*) OR wildlife OR animal* OR plant* OR population*) OR water) AND ((overextraction OR overexploitation) OR (extraction OR exploitation OR withdraw*) OR depletion OR (hunting OR collect* OR gather* OR poaching OR ""bush meat*""))) OR ((forest* OR wood OR timber*) AND (harvest* OR logging*)) OR (soil* AND (erosion OR acidification OR degradation)) OR (fisher* OR fishing OR (bycatch OR by-catch))))",Community composition,Local species richness,"((species OR assemblage*) AND (richness OR diversit*) AND (local OR location* OR sample*)) AND (global OR world*) AND (""time series"" OR ""time-series"" OR temporal)","TS=((((species OR assemblage*) AND (richness OR diversit*) AND (local OR location* OR sample*)) AND (global OR world*) AND (""time series"" OR ""time-series"" OR temporal)) AND ((((""land use chang*"" OR ""land cover chang*"" OR ""land* system* chang*"" OR ""land* chang*"" OR ""land* degradation"" OR ""land* conversion"" OR ""land management"") OR ((marine OR ocean OR sea*) AND use AND change*) OR (""habitat loss*"" OR ""habitat degradation*"" OR ""habitat chang*"" OR ""habitat conversion"" OR ""habitat modification*"" OR ""habitat fragmentation"" OR ""habitat management"") OR (biofuel* OR biogas*) OR ((residential OR urban* OR cities OR housing OR commercial OR industrial OR touris* OR recreation*) AND (extent OR area OR cover* OR proportion* OR percentage*) AND (develop* OR expan* OR increas*)) OR (deforestation OR afforestation OR ""wood plantation*"" OR ""forest* plantation*"" OR ""pulp* plantation*"") OR ((aquaculture* OR agricultur* OR crop* OR ""cultivated area*"" OR farmland OR pasture) AND (develop* OR expan* OR increas* OR intensification OR extensification OR abandon* OR chang*)) OR (livestock AND (farm* OR ranch* OR graz* OR densit*)) OR (energy AND (drill* OR min* OR quarry*)) OR (((transport* OR service) AND (network* OR corridor* OR infrastructure*)) OR road* OR rail* OR ""ship* lane*"" OR ""flight path*"") OR (""system* modification*"" OR (dams OR (water AND (management OR use)))))) AND ((((((natur* AND resource*) OR material* OR (biomass OR ""fossil fuel*"" OR ore* OR mineral*)) OR ((biological AND resource*) OR wildlife OR animal* OR plant* OR population*) OR water) AND ((overextraction OR overexploitation) OR (extraction OR exploitation OR withdraw*) OR depletion OR (hunting OR collect* OR gather* OR poaching OR ""bush meat*""))) OR ((forest* OR wood OR timber*) AND (harvest* OR logging*)) OR (soil* AND (erosion OR acidification OR degradation)) OR (fisher* OR fishing OR (bycatch OR by-catch))))) AND (que*bec OR canada OR montr*al or Saint-Lawrence or Bas-Saint-Laurent or Saguenay or Lac-Saint-Jean  or Capitale-Nationale or Mauricie or Estrie or Outaouais or Abitibi-T*miscamingue or C*te-Nord or Nord-du-Qu*bec or Gasp*sie–*les-de-la-Madeleine or Chaudi*re-Appalaches or Laval or Lanaudi*re or Laurentides or Mont*r*gie or Centre-du-Qu*bec))"
Land/sea use change,Direct exploitation of natural resources,"(((""land use chang*"" OR ""land cover chang*"" OR ""land* system* chang*"" OR ""land* chang*"" OR ""land* degradation"" OR ""land* conversion"" OR ""land management"") OR ((marine OR ocean OR sea*) AND use AND change*) OR (""habitat loss*"" OR ""habitat degradation*"" OR ""habitat chang*"" OR ""habitat conversion"" OR ""habitat modification*"" OR ""habitat fragmentation"" OR ""habitat management"") OR (biofuel* OR biogas*) OR ((residential OR urban* OR cities OR housing OR commercial OR industrial OR touris* OR recreation*) AND (extent OR area OR cover* OR proportion* OR percentage*) AND (develop* OR expan* OR increas*)) OR (deforestation OR afforestation OR ""wood plantation*"" OR ""forest* plantation*"" OR ""pulp* plantation*"") OR ((aquaculture* OR agricultur* OR crop* OR ""cultivated area*"" OR farmland OR pasture) AND (develop* OR expan* OR increas* OR intensification OR extensification OR abandon* OR chang*)) OR (livestock AND (farm* OR ranch* OR graz* OR densit*)) OR (energy AND (drill* OR min* OR quarry*)) OR (((transport* OR service) AND (network* OR corridor* OR infrastructure*)) OR road* OR rail* OR ""ship* lane*"" OR ""flight path*"") OR (""system* modification*"" OR (dams OR (water AND (management OR use)))))) AND ((((((natur* AND resource*) OR material* OR (biomass OR ""fossil fuel*"" OR ore* OR mineral*)) OR ((biological AND resource*) OR wildlife OR animal* OR plant* OR population*) OR water) AND ((overextraction OR overexploitation) OR (extraction OR exploitation OR withdraw*) OR depletion OR (hunting OR collect* OR gather* OR poaching OR ""bush meat*""))) OR ((forest* OR wood OR timber*) AND (harvest* OR logging*)) OR (soil* AND (erosion OR acidification OR degradation)) OR (fisher* OR fishing OR (bycatch OR by-catch))))",Community composition,Local species turnover,"((species OR assemblage*) AND (turnover OR (composition* AND (change OR similarit*))) AND (local OR location* OR sample*)) AND (global OR world*) AND (""time series"" OR ""time-series"" OR temporal)","TS=((((species OR assemblage*) AND (turnover OR (composition* AND (change OR similarit*))) AND (local OR location* OR sample*)) AND (global OR world*) AND (""time series"" OR ""time-series"" OR temporal)) AND ((((""land use chang*"" OR ""land cover chang*"" OR ""land* system* chang*"" OR ""land* chang*"" OR ""land* degradation"" OR ""land* conversion"" OR ""land management"") OR ((marine OR ocean OR sea*) AND use AND change*) OR (""habitat loss*"" OR ""habitat degradation*"" OR ""habitat chang*"" OR ""habitat conversion"" OR ""habitat modification*"" OR ""habitat fragmentation"" OR ""habitat management"") OR (biofuel* OR biogas*) OR ((residential OR urban* OR cities OR housing OR commercial OR industrial OR touris* OR recreation*) AND (extent OR area OR cover* OR proportion* OR percentage*) AND (develop* OR expan* OR increas*)) OR (deforestation OR afforestation OR ""wood plantation*"" OR ""forest* plantation*"" OR ""pulp* plantation*"") OR ((aquaculture* OR agricultur* OR crop* OR ""cultivated area*"" OR farmland OR pasture) AND (develop* OR expan* OR increas* OR intensification OR extensification OR abandon* OR chang*)) OR (livestock AND (farm* OR ranch* OR graz* OR densit*)) OR (energy AND (drill* OR min* OR quarry*)) OR (((transport* OR service) AND (network* OR corridor* OR infrastructure*)) OR road* OR rail* OR ""ship* lane*"" OR ""flight path*"") OR (""system* modification*"" OR (dams OR (water AND (management OR use)))))) AND ((((((natur* AND resource*) OR material* OR (biomass OR ""fossil fuel*"" OR ore* OR mineral*)) OR ((biological AND resource*) OR wildlife OR animal* OR plant* OR population*) OR water) AND ((overextraction OR overexploitation) OR (extraction OR exploitation OR withdraw*) OR depletion OR (hunting OR collect* OR gather* OR poaching OR ""bush meat*""))) OR ((forest* OR wood OR timber*) AND (harvest* OR logging*)) OR (soil* AND (erosion OR acidification OR degradation)) OR (fisher* OR fishing OR (bycatch OR by-catch))))) AND (que*bec OR canada OR montr*al or Saint-Lawrence or Bas-Saint-Laurent or Saguenay or Lac-Saint-Jean  or Capitale-Nationale or Mauricie or Estrie or Outaouais or Abitibi-T*miscamingue or C*te-Nord or Nord-du-Qu*bec or Gasp*sie–*les-de-la-Madeleine or Chaudi*re-Appalaches or Laval or Lanaudi*re or Laurentides or Mont*r*gie or Centre-du-Qu*bec))"
Land/sea use change,Direct exploitation of natural resources,"(((""land use chang*"" OR ""land cover chang*"" OR ""land* system* chang*"" OR ""land* chang*"" OR ""land* degradation"" OR ""land* conversion"" OR ""land management"") OR ((marine OR ocean OR sea*) AND use AND change*) OR (""habitat loss*"" OR ""habitat degradation*"" OR ""habitat chang*"" OR ""habitat conversion"" OR ""habitat modification*"" OR ""habitat fragmentation"" OR ""habitat management"") OR (biofuel* OR biogas*) OR ((residential OR urban* OR cities OR housing OR commercial OR industrial OR touris* OR recreation*) AND (extent OR area OR cover* OR proportion* OR percentage*) AND (develop* OR expan* OR increas*)) OR (deforestation OR afforestation OR ""wood plantation*"" OR ""forest* plantation*"" OR ""pulp* plantation*"") OR ((aquaculture* OR agricultur* OR crop* OR ""cultivated area*"" OR farmland OR pasture) AND (develop* OR expan* OR increas* OR intensification OR extensification OR abandon* OR chang*)) OR (livestock AND (farm* OR ranch* OR graz* OR densit*)) OR (energy AND (drill* OR min* OR quarry*)) OR (((transport* OR service) AND (network* OR corridor* OR infrastructure*)) OR road* OR rail* OR ""ship* lane*"" OR ""flight path*"") OR (""system* modification*"" OR (dams OR (water AND (management OR use)))))) AND ((((((natur* AND resource*) OR material* OR (biomass OR ""fossil fuel*"" OR ore* OR mineral*)) OR ((biological AND resource*) OR wildlife OR animal* OR plant* OR population*) OR water) AND ((overextraction OR overexploitation) OR (extraction OR exploitation OR withdraw*) OR depletion OR (hunting OR collect* OR gather* OR poaching OR ""bush meat*""))) OR ((forest* OR wood OR timber*) AND (harvest* OR logging*)) OR (soil* AND (erosion OR acidification OR degradation)) OR (fisher* OR fishing OR (bycatch OR by-catch))))",Community composition,Mean species abundance,"""mean species abundance"" OR GLOBIO","TS=((""mean species abundance"" OR GLOBIO) AND ((((""land use chang*"" OR ""land cover chang*"" OR ""land* system* chang*"" OR ""land* chang*"" OR ""land* degradation"" OR ""land* conversion"" OR ""land management"") OR ((marine OR ocean OR sea*) AND use AND change*) OR (""habitat loss*"" OR ""habitat degradation*"" OR ""habitat chang*"" OR ""habitat conversion"" OR ""habitat modification*"" OR ""habitat fragmentation"" OR ""habitat management"") OR (biofuel* OR biogas*) OR ((residential OR urban* OR cities OR housing OR commercial OR industrial OR touris* OR recreation*) AND (extent OR area OR cover* OR proportion* OR percentage*) AND (develop* OR expan* OR increas*)) OR (deforestation OR afforestation OR ""wood plantation*"" OR ""forest* plantation*"" OR ""pulp* plantation*"") OR ((aquaculture* OR agricultur* OR crop* OR ""cultivated area*"" OR farmland OR pasture) AND (develop* OR expan* OR increas* OR intensification OR extensification OR abandon* OR chang*)) OR (livestock AND (farm* OR ranch* OR graz* OR densit*)) OR (energy AND (drill* OR min* OR quarry*)) OR (((transport* OR service) AND (network* OR corridor* OR infrastructure*)) OR road* OR rail* OR ""ship* lane*"" OR ""flight path*"") OR (""system* modification*"" OR (dams OR (water AND (management OR use)))))) AND ((((((natur* AND resource*) OR material* OR (biomass OR ""fossil fuel*"" OR ore* OR mineral*)) OR ((biological AND resource*) OR wildlife OR animal* OR plant* OR population*) OR water) AND ((overextraction OR overexploitation) OR (extraction OR exploitation OR withdraw*) OR depletion OR (hunting OR collect* OR gather* OR poaching OR ""bush meat*""))) OR ((forest* OR wood OR timber*) AND (harvest* OR logging*)) OR (soil* AND (erosion OR acidification OR degradation)) OR (fisher* OR fishing OR (bycatch OR by-catch))))) AND (que*bec OR canada OR montr*al or Saint-Lawrence or Bas-Saint-Laurent or Saguenay or Lac-Saint-Jean  or Capitale-Nationale or Mauricie or Estrie or Outaouais or Abitibi-T*miscamingue or C*te-Nord or Nord-du-Qu*bec or Gasp*sie–*les-de-la-Madeleine or Chaudi*re-Appalaches or Laval or Lanaudi*re or Laurentides or Mont*r*gie or Centre-du-Qu*bec))"
Land/sea use change,Direct exploitation of natural resources,"(((""land use chang*"" OR ""land cover chang*"" OR ""land* system* chang*"" OR ""land* chang*"" OR ""land* degradation"" OR ""land* conversion"" OR ""land management"") OR ((marine OR ocean OR sea*) AND use AND change*) OR (""habitat loss*"" OR ""habitat degradation*"" OR ""habitat chang*"" OR ""habitat conversion"" OR ""habitat modification*"" OR ""habitat fragmentation"" OR ""habitat management"") OR (biofuel* OR biogas*) OR ((residential OR urban* OR cities OR housing OR commercial OR industrial OR touris* OR recreation*) AND (extent OR area OR cover* OR proportion* OR percentage*) AND (develop* OR expan* OR increas*)) OR (deforestation OR afforestation OR ""wood plantation*"" OR ""forest* plantation*"" OR ""pulp* plantation*"") OR ((aquaculture* OR agricultur* OR crop* OR ""cultivated area*"" OR farmland OR pasture) AND (develop* OR expan* OR increas* OR intensification OR extensification OR abandon* OR chang*)) OR (livestock AND (farm* OR ranch* OR graz* OR densit*)) OR (energy AND (drill* OR min* OR quarry*)) OR (((transport* OR service) AND (network* OR corridor* OR infrastructure*)) OR road* OR rail* OR ""ship* lane*"" OR ""flight path*"") OR (""system* modification*"" OR (dams OR (water AND (management OR use)))))) AND ((((((natur* AND resource*) OR material* OR (biomass OR ""fossil fuel*"" OR ore* OR mineral*)) OR ((biological AND resource*) OR wildlife OR animal* OR plant* OR population*) OR water) AND ((overextraction OR overexploitation) OR (extraction OR exploitation OR withdraw*) OR depletion OR (hunting OR collect* OR gather* OR poaching OR ""bush meat*""))) OR ((forest* OR wood OR timber*) AND (harvest* OR logging*)) OR (soil* AND (erosion OR acidification OR degradation)) OR (fisher* OR fishing OR (bycatch OR by-catch))))",Ecosystem function,Net primary productivity,"""net primary product*""","TS=((""net primary product*"") AND ((((""land use chang*"" OR ""land cover chang*"" OR ""land* system* chang*"" OR ""land* chang*"" OR ""land* degradation"" OR ""land* conversion"" OR ""land management"") OR ((marine OR ocean OR sea*) AND use AND change*) OR (""habitat loss*"" OR ""habitat degradation*"" OR ""habitat chang*"" OR ""habitat conversion"" OR ""habitat modification*"" OR ""habitat fragmentation"" OR ""habitat management"") OR (biofuel* OR biogas*) OR ((residential OR urban* OR cities OR housing OR commercial OR industrial OR touris* OR recreation*) AND (extent OR area OR cover* OR proportion* OR percentage*) AND (develop* OR expan* OR increas*)) OR (deforestation OR afforestation OR ""wood plantation*"" OR ""forest* plantation*"" OR ""pulp* plantation*"") OR ((aquaculture* OR agricultur* OR crop* OR ""cultivated area*"" OR farmland OR pasture) AND (develop* OR expan* OR increas* OR intensification OR extensification OR abandon* OR chang*)) OR (livestock AND (farm* OR ranch* OR graz* OR densit*)) OR (energy AND (drill* OR min* OR quarry*)) OR (((transport* OR service) AND (network* OR corridor* OR infrastructure*)) OR road* OR rail* OR ""ship* lane*"" OR ""flight path*"") OR (""system* modification*"" OR (dams OR (water AND (management OR use)))))) AND ((((((natur* AND resource*) OR material* OR (biomass OR ""fossil fuel*"" OR ore* OR mineral*)) OR ((biological AND resource*) OR wildlife OR animal* OR plant* OR population*) OR water) AND ((overextraction OR overexploitation) OR (extraction OR exploitation OR withdraw*) OR depletion OR (hunting OR collect* OR gather* OR poaching OR ""bush meat*""))) OR ((forest* OR wood OR timber*) AND (harvest* OR logging*)) OR (soil* AND (erosion OR acidification OR degradation)) OR (fisher* OR fishing OR (bycatch OR by-catch))))) AND (que*bec OR canada OR montr*al or Saint-Lawrence or Bas-Saint-Laurent or Saguenay or Lac-Saint-Jean  or Capitale-Nationale or Mauricie or Estrie or Outaouais or Abitibi-T*miscamingue or C*te-Nord or Nord-du-Qu*bec or Gasp*sie–*les-de-la-Madeleine or Chaudi*re-Appalaches or Laval or Lanaudi*re or Laurentides or Mont*r*gie or Centre-du-Qu*bec))"
Land/sea use change,Direct exploitation of natural resources,"(((""land use chang*"" OR ""land cover chang*"" OR ""land* system* chang*"" OR ""land* chang*"" OR ""land* degradation"" OR ""land* conversion"" OR ""land management"") OR ((marine OR ocean OR sea*) AND use AND change*) OR (""habitat loss*"" OR ""habitat degradation*"" OR ""habitat chang*"" OR ""habitat conversion"" OR ""habitat modification*"" OR ""habitat fragmentation"" OR ""habitat management"") OR (biofuel* OR biogas*) OR ((residential OR urban* OR cities OR housing OR commercial OR industrial OR touris* OR recreation*) AND (extent OR area OR cover* OR proportion* OR percentage*) AND (develop* OR expan* OR increas*)) OR (deforestation OR afforestation OR ""wood plantation*"" OR ""forest* plantation*"" OR ""pulp* plantation*"") OR ((aquaculture* OR agricultur* OR crop* OR ""cultivated area*"" OR farmland OR pasture) AND (develop* OR expan* OR increas* OR intensification OR extensification OR abandon* OR chang*)) OR (livestock AND (farm* OR ranch* OR graz* OR densit*)) OR (energy AND (drill* OR min* OR quarry*)) OR (((transport* OR service) AND (network* OR corridor* OR infrastructure*)) OR road* OR rail* OR ""ship* lane*"" OR ""flight path*"") OR (""system* modification*"" OR (dams OR (water AND (management OR use)))))) AND ((((((natur* AND resource*) OR material* OR (biomass OR ""fossil fuel*"" OR ore* OR mineral*)) OR ((biological AND resource*) OR wildlife OR animal* OR plant* OR population*) OR water) AND ((overextraction OR overexploitation) OR (extraction OR exploitation OR withdraw*) OR depletion OR (hunting OR collect* OR gather* OR poaching OR ""bush meat*""))) OR ((forest* OR wood OR timber*) AND (harvest* OR logging*)) OR (soil* AND (erosion OR acidification OR degradation)) OR (fisher* OR fishing OR (bycatch OR by-catch))))",Ecosystem structure,Area of mangrove forest cover,(extent OR area OR cover* OR proportion OR percentage OR land OR landscape) AND mangrove* AND forest*,"TS=(((extent OR area OR cover* OR proportion OR percentage OR land OR landscape) AND mangrove* AND forest*) AND ((((""land use chang*"" OR ""land cover chang*"" OR ""land* system* chang*"" OR ""land* chang*"" OR ""land* degradation"" OR ""land* conversion"" OR ""land management"") OR ((marine OR ocean OR sea*) AND use AND change*) OR (""habitat loss*"" OR ""habitat degradation*"" OR ""habitat chang*"" OR ""habitat conversion"" OR ""habitat modification*"" OR ""habitat fragmentation"" OR ""habitat management"") OR (biofuel* OR biogas*) OR ((residential OR urban* OR cities OR housing OR commercial OR industrial OR touris* OR recreation*) AND (extent OR area OR cover* OR proportion* OR percentage*) AND (develop* OR expan* OR increas*)) OR (deforestation OR afforestation OR ""wood plantation*"" OR ""forest* plantation*"" OR ""pulp* plantation*"") OR ((aquaculture* OR agricultur* OR crop* OR ""cultivated area*"" OR farmland OR pasture) AND (develop* OR expan* OR increas* OR intensification OR extensification OR abandon* OR chang*)) OR (livestock AND (farm* OR ranch* OR graz* OR densit*)) OR (energy AND (drill* OR min* OR quarry*)) OR (((transport* OR service) AND (network* OR corridor* OR infrastructure*)) OR road* OR rail* OR ""ship* lane*"" OR ""flight path*"") OR (""system* modification*"" OR (dams OR (water AND (management OR use)))))) AND ((((((natur* AND resource*) OR material* OR (biomass OR ""fossil fuel*"" OR ore* OR mineral*)) OR ((biological AND resource*) OR wildlife OR animal* OR plant* OR population*) OR water) AND ((overextraction OR overexploitation) OR (extraction OR exploitation OR withdraw*) OR depletion OR (hunting OR collect* OR gather* OR poaching OR ""bush meat*""))) OR ((forest* OR wood OR timber*) AND (harvest* OR logging*)) OR (soil* AND (erosion OR acidification OR degradation)) OR (fisher* OR fishing OR (bycatch OR by-catch))))) AND (que*bec OR canada OR montr*al or Saint-Lawrence or Bas-Saint-Laurent or Saguenay or Lac-Saint-Jean  or Capitale-Nationale or Mauricie or Estrie or Outaouais or Abitibi-T*miscamingue or C*te-Nord or Nord-du-Qu*bec or Gasp*sie–*les-de-la-Madeleine or Chaudi*re-Appalaches or Laval or Lanaudi*re or Laurentides or Mont*r*gie or Centre-du-Qu*bec))"
Land/sea use change,Direct exploitation of natural resources,"(((""land use chang*"" OR ""land cover chang*"" OR ""land* system* chang*"" OR ""land* chang*"" OR ""land* degradation"" OR ""land* conversion"" OR ""land management"") OR ((marine OR ocean OR sea*) AND use AND change*) OR (""habitat loss*"" OR ""habitat degradation*"" OR ""habitat chang*"" OR ""habitat conversion"" OR ""habitat modification*"" OR ""habitat fragmentation"" OR ""habitat management"") OR (biofuel* OR biogas*) OR ((residential OR urban* OR cities OR housing OR commercial OR industrial OR touris* OR recreation*) AND (extent OR area OR cover* OR proportion* OR percentage*) AND (develop* OR expan* OR increas*)) OR (deforestation OR afforestation OR ""wood plantation*"" OR ""forest* plantation*"" OR ""pulp* plantation*"") OR ((aquaculture* OR agricultur* OR crop* OR ""cultivated area*"" OR farmland OR pasture) AND (develop* OR expan* OR increas* OR intensification OR extensification OR abandon* OR chang*)) OR (livestock AND (farm* OR ranch* OR graz* OR densit*)) OR (energy AND (drill* OR min* OR quarry*)) OR (((transport* OR service) AND (network* OR corridor* OR infrastructure*)) OR road* OR rail* OR ""ship* lane*"" OR ""flight path*"") OR (""system* modification*"" OR (dams OR (water AND (management OR use)))))) AND ((((((natur* AND resource*) OR material* OR (biomass OR ""fossil fuel*"" OR ore* OR mineral*)) OR ((biological AND resource*) OR wildlife OR animal* OR plant* OR population*) OR water) AND ((overextraction OR overexploitation) OR (extraction OR exploitation OR withdraw*) OR depletion OR (hunting OR collect* OR gather* OR poaching OR ""bush meat*""))) OR ((forest* OR wood OR timber*) AND (harvest* OR logging*)) OR (soil* AND (erosion OR acidification OR degradation)) OR (fisher* OR fishing OR (bycatch OR by-catch))))",Ecosystem structure,Extent of intact forest landscapes,(extent OR area OR cover* OR proportion OR percentage OR land OR landscape) AND intact* AND forest*,"TS=(((extent OR area OR cover* OR proportion OR percentage OR land OR landscape) AND intact* AND forest*) AND ((((""land use chang*"" OR ""land cover chang*"" OR ""land* system* chang*"" OR ""land* chang*"" OR ""land* degradation"" OR ""land* conversion"" OR ""land management"") OR ((marine OR ocean OR sea*) AND use AND change*) OR (""habitat loss*"" OR ""habitat degradation*"" OR ""habitat chang*"" OR ""habitat conversion"" OR ""habitat modification*"" OR ""habitat fragmentation"" OR ""habitat management"") OR (biofuel* OR biogas*) OR ((residential OR urban* OR cities OR housing OR commercial OR industrial OR touris* OR recreation*) AND (extent OR area OR cover* OR proportion* OR percentage*) AND (develop* OR expan* OR increas*)) OR (deforestation OR afforestation OR ""wood plantation*"" OR ""forest* plantation*"" OR ""pulp* plantation*"") OR ((aquaculture* OR agricultur* OR crop* OR ""cultivated area*"" OR farmland OR pasture) AND (develop* OR expan* OR increas* OR intensification OR extensification OR abandon* OR chang*)) OR (livestock AND (farm* OR ranch* OR graz* OR densit*)) OR (energy AND (drill* OR min* OR quarry*)) OR (((transport* OR service) AND (network* OR corridor* OR infrastructure*)) OR road* OR rail* OR ""ship* lane*"" OR ""flight path*"") OR (""system* modification*"" OR (dams OR (water AND (management OR use)))))) AND ((((((natur* AND resource*) OR material* OR (biomass OR ""fossil fuel*"" OR ore* OR mineral*)) OR ((biological AND resource*) OR wildlife OR animal* OR plant* OR population*) OR water) AND ((overextraction OR overexploitation) OR (extraction OR exploitation OR withdraw*) OR depletion OR (hunting OR collect* OR gather* OR poaching OR ""bush meat*""))) OR ((forest* OR wood OR timber*) AND (harvest* OR logging*)) OR (soil* AND (erosion OR acidification OR degradation)) OR (fisher* OR fishing OR (bycatch OR by-catch))))) AND (que*bec OR canada OR montr*al or Saint-Lawrence or Bas-Saint-Laurent or Saguenay or Lac-Saint-Jean  or Capitale-Nationale or Mauricie or Estrie or Outaouais or Abitibi-T*miscamingue or C*te-Nord or Nord-du-Qu*bec or Gasp*sie–*les-de-la-Madeleine or Chaudi*re-Appalaches or Laval or Lanaudi*re or Laurentides or Mont*r*gie or Centre-du-Qu*bec))"
Land/sea use change,Direct exploitation of natural resources,"(((""land use chang*"" OR ""land cover chang*"" OR ""land* system* chang*"" OR ""land* chang*"" OR ""land* degradation"" OR ""land* conversion"" OR ""land management"") OR ((marine OR ocean OR sea*) AND use AND change*) OR (""habitat loss*"" OR ""habitat degradation*"" OR ""habitat chang*"" OR ""habitat conversion"" OR ""habitat modification*"" OR ""habitat fragmentation"" OR ""habitat management"") OR (biofuel* OR biogas*) OR ((residential OR urban* OR cities OR housing OR commercial OR industrial OR touris* OR recreation*) AND (extent OR area OR cover* OR proportion* OR percentage*) AND (develop* OR expan* OR increas*)) OR (deforestation OR afforestation OR ""wood plantation*"" OR ""forest* plantation*"" OR ""pulp* plantation*"") OR ((aquaculture* OR agricultur* OR crop* OR ""cultivated area*"" OR farmland OR pasture) AND (develop* OR expan* OR increas* OR intensification OR extensification OR abandon* OR chang*)) OR (livestock AND (farm* OR ranch* OR graz* OR densit*)) OR (energy AND (drill* OR min* OR quarry*)) OR (((transport* OR service) AND (network* OR corridor* OR infrastructure*)) OR road* OR rail* OR ""ship* lane*"" OR ""flight path*"") OR (""system* modification*"" OR (dams OR (water AND (management OR use)))))) AND ((((((natur* AND resource*) OR material* OR (biomass OR ""fossil fuel*"" OR ore* OR mineral*)) OR ((biological AND resource*) OR wildlife OR animal* OR plant* OR population*) OR water) AND ((overextraction OR overexploitation) OR (extraction OR exploitation OR withdraw*) OR depletion OR (hunting OR collect* OR gather* OR poaching OR ""bush meat*""))) OR ((forest* OR wood OR timber*) AND (harvest* OR logging*)) OR (soil* AND (erosion OR acidification OR degradation)) OR (fisher* OR fishing OR (bycatch OR by-catch))))",Ecosystem structure,Extent of remaining primary vegetation,(extent OR area OR cover* OR proportion OR percentage) AND (primary OR natural) AND vegetation,"TS=(((extent OR area OR cover* OR proportion OR percentage) AND (primary OR natural) AND vegetation) AND ((((""land use chang*"" OR ""land cover chang*"" OR ""land* system* chang*"" OR ""land* chang*"" OR ""land* degradation"" OR ""land* conversion"" OR ""land management"") OR ((marine OR ocean OR sea*) AND use AND change*) OR (""habitat loss*"" OR ""habitat degradation*"" OR ""habitat chang*"" OR ""habitat conversion"" OR ""habitat modification*"" OR ""habitat fragmentation"" OR ""habitat management"") OR (biofuel* OR biogas*) OR ((residential OR urban* OR cities OR housing OR commercial OR industrial OR touris* OR recreation*) AND (extent OR area OR cover* OR proportion* OR percentage*) AND (develop* OR expan* OR increas*)) OR (deforestation OR afforestation OR ""wood plantation*"" OR ""forest* plantation*"" OR ""pulp* plantation*"") OR ((aquaculture* OR agricultur* OR crop* OR ""cultivated area*"" OR farmland OR pasture) AND (develop* OR expan* OR increas* OR intensification OR extensification OR abandon* OR chang*)) OR (livestock AND (farm* OR ranch* OR graz* OR densit*)) OR (energy AND (drill* OR min* OR quarry*)) OR (((transport* OR service) AND (network* OR corridor* OR infrastructure*)) OR road* OR rail* OR ""ship* lane*"" OR ""flight path*"") OR (""system* modification*"" OR (dams OR (water AND (management OR use)))))) AND ((((((natur* AND resource*) OR material* OR (biomass OR ""fossil fuel*"" OR ore* OR mineral*)) OR ((biological AND resource*) OR wildlife OR animal* OR plant* OR population*) OR water) AND ((overextraction OR overexploitation) OR (extraction OR exploitation OR withdraw*) OR depletion OR (hunting OR collect* OR gather* OR poaching OR ""bush meat*""))) OR ((forest* OR wood OR timber*) AND (harvest* OR logging*)) OR (soil* AND (erosion OR acidification OR degradation)) OR (fisher* OR fishing OR (bycatch OR by-catch))))) AND (que*bec OR canada OR montr*al or Saint-Lawrence or Bas-Saint-Laurent or Saguenay or Lac-Saint-Jean  or Capitale-Nationale or Mauricie or Estrie or Outaouais or Abitibi-T*miscamingue or C*te-Nord or Nord-du-Qu*bec or Gasp*sie–*les-de-la-Madeleine or Chaudi*re-Appalaches or Laval or Lanaudi*re or Laurentides or Mont*r*gie or Centre-du-Qu*bec))"
Land/sea use change,Direct exploitation of natural resources,"(((""land use chang*"" OR ""land cover chang*"" OR ""land* system* chang*"" OR ""land* chang*"" OR ""land* degradation"" OR ""land* conversion"" OR ""land management"") OR ((marine OR ocean OR sea*) AND use AND change*) OR (""habitat loss*"" OR ""habitat degradation*"" OR ""habitat chang*"" OR ""habitat conversion"" OR ""habitat modification*"" OR ""habitat fragmentation"" OR ""habitat management"") OR (biofuel* OR biogas*) OR ((residential OR urban* OR cities OR housing OR commercial OR industrial OR touris* OR recreation*) AND (extent OR area OR cover* OR proportion* OR percentage*) AND (develop* OR expan* OR increas*)) OR (deforestation OR afforestation OR ""wood plantation*"" OR ""forest* plantation*"" OR ""pulp* plantation*"") OR ((aquaculture* OR agricultur* OR crop* OR ""cultivated area*"" OR farmland OR pasture) AND (develop* OR expan* OR increas* OR intensification OR extensification OR abandon* OR chang*)) OR (livestock AND (farm* OR ranch* OR graz* OR densit*)) OR (energy AND (drill* OR min* OR quarry*)) OR (((transport* OR service) AND (network* OR corridor* OR infrastructure*)) OR road* OR rail* OR ""ship* lane*"" OR ""flight path*"") OR (""system* modification*"" OR (dams OR (water AND (management OR use)))))) AND ((((((natur* AND resource*) OR material* OR (biomass OR ""fossil fuel*"" OR ore* OR mineral*)) OR ((biological AND resource*) OR wildlife OR animal* OR plant* OR population*) OR water) AND ((overextraction OR overexploitation) OR (extraction OR exploitation OR withdraw*) OR depletion OR (hunting OR collect* OR gather* OR poaching OR ""bush meat*""))) OR ((forest* OR wood OR timber*) AND (harvest* OR logging*)) OR (soil* AND (erosion OR acidification OR degradation)) OR (fisher* OR fishing OR (bycatch OR by-catch))))",Ecosystem structure,Extent of remaining wilderness,(extent OR area OR cover* OR proportion OR percentage OR land OR landscape) AND wilderness*,"TS=(((extent OR area OR cover* OR proportion OR percentage OR land OR landscape) AND wilderness*) AND ((((""land use chang*"" OR ""land cover chang*"" OR ""land* system* chang*"" OR ""land* chang*"" OR ""land* degradation"" OR ""land* conversion"" OR ""land management"") OR ((marine OR ocean OR sea*) AND use AND change*) OR (""habitat loss*"" OR ""habitat degradation*"" OR ""habitat chang*"" OR ""habitat conversion"" OR ""habitat modification*"" OR ""habitat fragmentation"" OR ""habitat management"") OR (biofuel* OR biogas*) OR ((residential OR urban* OR cities OR housing OR commercial OR industrial OR touris* OR recreation*) AND (extent OR area OR cover* OR proportion* OR percentage*) AND (develop* OR expan* OR increas*)) OR (deforestation OR afforestation OR ""wood plantation*"" OR ""forest* plantation*"" OR ""pulp* plantation*"") OR ((aquaculture* OR agricultur* OR crop* OR ""cultivated area*"" OR farmland OR pasture) AND (develop* OR expan* OR increas* OR intensification OR extensification OR abandon* OR chang*)) OR (livestock AND (farm* OR ranch* OR graz* OR densit*)) OR (energy AND (drill* OR min* OR quarry*)) OR (((transport* OR service) AND (network* OR corridor* OR infrastructure*)) OR road* OR rail* OR ""ship* lane*"" OR ""flight path*"") OR (""system* modification*"" OR (dams OR (water AND (management OR use)))))) AND ((((((natur* AND resource*) OR material* OR (biomass OR ""fossil fuel*"" OR ore* OR mineral*)) OR ((biological AND resource*) OR wildlife OR animal* OR plant* OR population*) OR water) AND ((overextraction OR overexploitation) OR (extraction OR exploitation OR withdraw*) OR depletion OR (hunting OR collect* OR gather* OR poaching OR ""bush meat*""))) OR ((forest* OR wood OR timber*) AND (harvest* OR logging*)) OR (soil* AND (erosion OR acidification OR degradation)) OR (fisher* OR fishing OR (bycatch OR by-catch))))) AND (que*bec OR canada OR montr*al or Saint-Lawrence or Bas-Saint-Laurent or Saguenay or Lac-Saint-Jean  or Capitale-Nationale or Mauricie or Estrie or Outaouais or Abitibi-T*miscamingue or C*te-Nord or Nord-du-Qu*bec or Gasp*sie–*les-de-la-Madeleine or Chaudi*re-Appalaches or Laval or Lanaudi*re or Laurentides or Mont*r*gie or Centre-du-Qu*bec))"
Land/sea use change,Direct exploitation of natural resources,"(((""land use chang*"" OR ""land cover chang*"" OR ""land* system* chang*"" OR ""land* chang*"" OR ""land* degradation"" OR ""land* conversion"" OR ""land management"") OR ((marine OR ocean OR sea*) AND use AND change*) OR (""habitat loss*"" OR ""habitat degradation*"" OR ""habitat chang*"" OR ""habitat conversion"" OR ""habitat modification*"" OR ""habitat fragmentation"" OR ""habitat management"") OR (biofuel* OR biogas*) OR ((residential OR urban* OR cities OR housing OR commercial OR industrial OR touris* OR recreation*) AND (extent OR area OR cover* OR proportion* OR percentage*) AND (develop* OR expan* OR increas*)) OR (deforestation OR afforestation OR ""wood plantation*"" OR ""forest* plantation*"" OR ""pulp* plantation*"") OR ((aquaculture* OR agricultur* OR crop* OR ""cultivated area*"" OR farmland OR pasture) AND (develop* OR expan* OR increas* OR intensification OR extensification OR abandon* OR chang*)) OR (livestock AND (farm* OR ranch* OR graz* OR densit*)) OR (energy AND (drill* OR min* OR quarry*)) OR (((transport* OR service) AND (network* OR corridor* OR infrastructure*)) OR road* OR rail* OR ""ship* lane*"" OR ""flight path*"") OR (""system* modification*"" OR (dams OR (water AND (management OR use)))))) AND ((((((natur* AND resource*) OR material* OR (biomass OR ""fossil fuel*"" OR ore* OR mineral*)) OR ((biological AND resource*) OR wildlife OR animal* OR plant* OR population*) OR water) AND ((overextraction OR overexploitation) OR (extraction OR exploitation OR withdraw*) OR depletion OR (hunting OR collect* OR gather* OR poaching OR ""bush meat*""))) OR ((forest* OR wood OR timber*) AND (harvest* OR logging*)) OR (soil* AND (erosion OR acidification OR degradation)) OR (fisher* OR fishing OR (bycatch OR by-catch))))",Ecosystem structure,Leaf area index,"""leaf area ind*""","TS=((""leaf area ind*"") AND ((((""land use chang*"" OR ""land cover chang*"" OR ""land* system* chang*"" OR ""land* chang*"" OR ""land* degradation"" OR ""land* conversion"" OR ""land management"") OR ((marine OR ocean OR sea*) AND use AND change*) OR (""habitat loss*"" OR ""habitat degradation*"" OR ""habitat chang*"" OR ""habitat conversion"" OR ""habitat modification*"" OR ""habitat fragmentation"" OR ""habitat management"") OR (biofuel* OR biogas*) OR ((residential OR urban* OR cities OR housing OR commercial OR industrial OR touris* OR recreation*) AND (extent OR area OR cover* OR proportion* OR percentage*) AND (develop* OR expan* OR increas*)) OR (deforestation OR afforestation OR ""wood plantation*"" OR ""forest* plantation*"" OR ""pulp* plantation*"") OR ((aquaculture* OR agricultur* OR crop* OR ""cultivated area*"" OR farmland OR pasture) AND (develop* OR expan* OR increas* OR intensification OR extensification OR abandon* OR chang*)) OR (livestock AND (farm* OR ranch* OR graz* OR densit*)) OR (energy AND (drill* OR min* OR quarry*)) OR (((transport* OR service) AND (network* OR corridor* OR infrastructure*)) OR road* OR rail* OR ""ship* lane*"" OR ""flight path*"") OR (""system* modification*"" OR (dams OR (water AND (management OR use)))))) AND ((((((natur* AND resource*) OR material* OR (biomass OR ""fossil fuel*"" OR ore* OR mineral*)) OR ((biological AND resource*) OR wildlife OR animal* OR plant* OR population*) OR water) AND ((overextraction OR overexploitation) OR (extraction OR exploitation OR withdraw*) OR depletion OR (hunting OR collect* OR gather* OR poaching OR ""bush meat*""))) OR ((forest* OR wood OR timber*) AND (harvest* OR logging*)) OR (soil* AND (erosion OR acidification OR degradation)) OR (fisher* OR fishing OR (bycatch OR by-catch))))) AND (que*bec OR canada OR montr*al or Saint-Lawrence or Bas-Saint-Laurent or Saguenay or Lac-Saint-Jean  or Capitale-Nationale or Mauricie or Estrie or Outaouais or Abitibi-T*miscamingue or C*te-Nord or Nord-du-Qu*bec or Gasp*sie–*les-de-la-Madeleine or Chaudi*re-Appalaches or Laval or Lanaudi*re or Laurentides or Mont*r*gie or Centre-du-Qu*bec))"
Land/sea use change,Direct exploitation of natural resources,"(((""land use chang*"" OR ""land cover chang*"" OR ""land* system* chang*"" OR ""land* chang*"" OR ""land* degradation"" OR ""land* conversion"" OR ""land management"") OR ((marine OR ocean OR sea*) AND use AND change*) OR (""habitat loss*"" OR ""habitat degradation*"" OR ""habitat chang*"" OR ""habitat conversion"" OR ""habitat modification*"" OR ""habitat fragmentation"" OR ""habitat management"") OR (biofuel* OR biogas*) OR ((residential OR urban* OR cities OR housing OR commercial OR industrial OR touris* OR recreation*) AND (extent OR area OR cover* OR proportion* OR percentage*) AND (develop* OR expan* OR increas*)) OR (deforestation OR afforestation OR ""wood plantation*"" OR ""forest* plantation*"" OR ""pulp* plantation*"") OR ((aquaculture* OR agricultur* OR crop* OR ""cultivated area*"" OR farmland OR pasture) AND (develop* OR expan* OR increas* OR intensification OR extensification OR abandon* OR chang*)) OR (livestock AND (farm* OR ranch* OR graz* OR densit*)) OR (energy AND (drill* OR min* OR quarry*)) OR (((transport* OR service) AND (network* OR corridor* OR infrastructure*)) OR road* OR rail* OR ""ship* lane*"" OR ""flight path*"") OR (""system* modification*"" OR (dams OR (water AND (management OR use)))))) AND ((((((natur* AND resource*) OR material* OR (biomass OR ""fossil fuel*"" OR ore* OR mineral*)) OR ((biological AND resource*) OR wildlife OR animal* OR plant* OR population*) OR water) AND ((overextraction OR overexploitation) OR (extraction OR exploitation OR withdraw*) OR depletion OR (hunting OR collect* OR gather* OR poaching OR ""bush meat*""))) OR ((forest* OR wood OR timber*) AND (harvest* OR logging*)) OR (soil* AND (erosion OR acidification OR degradation)) OR (fisher* OR fishing OR (bycatch OR by-catch))))",Ecosystem structure,Percentage of live coral cover,(extent OR area OR cover* OR proportion OR percentage) AND coral AND live,"TS=(((extent OR area OR cover* OR proportion OR percentage) AND coral AND live) AND ((((""land use chang*"" OR ""land cover chang*"" OR ""land* system* chang*"" OR ""land* chang*"" OR ""land* degradation"" OR ""land* conversion"" OR ""land management"") OR ((marine OR ocean OR sea*) AND use AND change*) OR (""habitat loss*"" OR ""habitat degradation*"" OR ""habitat chang*"" OR ""habitat conversion"" OR ""habitat modification*"" OR ""habitat fragmentation"" OR ""habitat management"") OR (biofuel* OR biogas*) OR ((residential OR urban* OR cities OR housing OR commercial OR industrial OR touris* OR recreation*) AND (extent OR area OR cover* OR proportion* OR percentage*) AND (develop* OR expan* OR increas*)) OR (deforestation OR afforestation OR ""wood plantation*"" OR ""forest* plantation*"" OR ""pulp* plantation*"") OR ((aquaculture* OR agricultur* OR crop* OR ""cultivated area*"" OR farmland OR pasture) AND (develop* OR expan* OR increas* OR intensification OR extensification OR abandon* OR chang*)) OR (livestock AND (farm* OR ranch* OR graz* OR densit*)) OR (energy AND (drill* OR min* OR quarry*)) OR (((transport* OR service) AND (network* OR corridor* OR infrastructure*)) OR road* OR rail* OR ""ship* lane*"" OR ""flight path*"") OR (""system* modification*"" OR (dams OR (water AND (management OR use)))))) AND ((((((natur* AND resource*) OR material* OR (biomass OR ""fossil fuel*"" OR ore* OR mineral*)) OR ((biological AND resource*) OR wildlife OR animal* OR plant* OR population*) OR water) AND ((overextraction OR overexploitation) OR (extraction OR exploitation OR withdraw*) OR depletion OR (hunting OR collect* OR gather* OR poaching OR ""bush meat*""))) OR ((forest* OR wood OR timber*) AND (harvest* OR logging*)) OR (soil* AND (erosion OR acidification OR degradation)) OR (fisher* OR fishing OR (bycatch OR by-catch))))) AND (que*bec OR canada OR montr*al or Saint-Lawrence or Bas-Saint-Laurent or Saguenay or Lac-Saint-Jean  or Capitale-Nationale or Mauricie or Estrie or Outaouais or Abitibi-T*miscamingue or C*te-Nord or Nord-du-Qu*bec or Gasp*sie–*les-de-la-Madeleine or Chaudi*re-Appalaches or Laval or Lanaudi*re or Laurentides or Mont*r*gie or Centre-du-Qu*bec))"
Land/sea use change,Direct exploitation of natural resources,"(((""land use chang*"" OR ""land cover chang*"" OR ""land* system* chang*"" OR ""land* chang*"" OR ""land* degradation"" OR ""land* conversion"" OR ""land management"") OR ((marine OR ocean OR sea*) AND use AND change*) OR (""habitat loss*"" OR ""habitat degradation*"" OR ""habitat chang*"" OR ""habitat conversion"" OR ""habitat modification*"" OR ""habitat fragmentation"" OR ""habitat management"") OR (biofuel* OR biogas*) OR ((residential OR urban* OR cities OR housing OR commercial OR industrial OR touris* OR recreation*) AND (extent OR area OR cover* OR proportion* OR percentage*) AND (develop* OR expan* OR increas*)) OR (deforestation OR afforestation OR ""wood plantation*"" OR ""forest* plantation*"" OR ""pulp* plantation*"") OR ((aquaculture* OR agricultur* OR crop* OR ""cultivated area*"" OR farmland OR pasture) AND (develop* OR expan* OR increas* OR intensification OR extensification OR abandon* OR chang*)) OR (livestock AND (farm* OR ranch* OR graz* OR densit*)) OR (energy AND (drill* OR min* OR quarry*)) OR (((transport* OR service) AND (network* OR corridor* OR infrastructure*)) OR road* OR rail* OR ""ship* lane*"" OR ""flight path*"") OR (""system* modification*"" OR (dams OR (water AND (management OR use)))))) AND ((((((natur* AND resource*) OR material* OR (biomass OR ""fossil fuel*"" OR ore* OR mineral*)) OR ((biological AND resource*) OR wildlife OR animal* OR plant* OR population*) OR water) AND ((overextraction OR overexploitation) OR (extraction OR exploitation OR withdraw*) OR depletion OR (hunting OR collect* OR gather* OR poaching OR ""bush meat*""))) OR ((forest* OR wood OR timber*) AND (harvest* OR logging*)) OR (soil* AND (erosion OR acidification OR degradation)) OR (fisher* OR fishing OR (bycatch OR by-catch))))",Genetic composition,Proportion of local breeds at risk/not at risk/unknown,"""local breed*"" AND (livestock* OR (domestic AND animal*)) AND (risk OR extinct* OR threat*)","TS=((""local breed*"" AND (livestock* OR (domestic AND animal*)) AND (risk OR extinct* OR threat*)) AND ((((""land use chang*"" OR ""land cover chang*"" OR ""land* system* chang*"" OR ""land* chang*"" OR ""land* degradation"" OR ""land* conversion"" OR ""land management"") OR ((marine OR ocean OR sea*) AND use AND change*) OR (""habitat loss*"" OR ""habitat degradation*"" OR ""habitat chang*"" OR ""habitat conversion"" OR ""habitat modification*"" OR ""habitat fragmentation"" OR ""habitat management"") OR (biofuel* OR biogas*) OR ((residential OR urban* OR cities OR housing OR commercial OR industrial OR touris* OR recreation*) AND (extent OR area OR cover* OR proportion* OR percentage*) AND (develop* OR expan* OR increas*)) OR (deforestation OR afforestation OR ""wood plantation*"" OR ""forest* plantation*"" OR ""pulp* plantation*"") OR ((aquaculture* OR agricultur* OR crop* OR ""cultivated area*"" OR farmland OR pasture) AND (develop* OR expan* OR increas* OR intensification OR extensification OR abandon* OR chang*)) OR (livestock AND (farm* OR ranch* OR graz* OR densit*)) OR (energy AND (drill* OR min* OR quarry*)) OR (((transport* OR service) AND (network* OR corridor* OR infrastructure*)) OR road* OR rail* OR ""ship* lane*"" OR ""flight path*"") OR (""system* modification*"" OR (dams OR (water AND (management OR use)))))) AND ((((((natur* AND resource*) OR material* OR (biomass OR ""fossil fuel*"" OR ore* OR mineral*)) OR ((biological AND resource*) OR wildlife OR animal* OR plant* OR population*) OR water) AND ((overextraction OR overexploitation) OR (extraction OR exploitation OR withdraw*) OR depletion OR (hunting OR collect* OR gather* OR poaching OR ""bush meat*""))) OR ((forest* OR wood OR timber*) AND (harvest* OR logging*)) OR (soil* AND (erosion OR acidification OR degradation)) OR (fisher* OR fishing OR (bycatch OR by-catch))))) AND (que*bec OR canada OR montr*al or Saint-Lawrence or Bas-Saint-Laurent or Saguenay or Lac-Saint-Jean  or Capitale-Nationale or Mauricie or Estrie or Outaouais or Abitibi-T*miscamingue or C*te-Nord or Nord-du-Qu*bec or Gasp*sie–*les-de-la-Madeleine or Chaudi*re-Appalaches or Laval or Lanaudi*re or Laurentides or Mont*r*gie or Centre-du-Qu*bec))"
Land/sea use change,Direct exploitation of natural resources,"(((""land use chang*"" OR ""land cover chang*"" OR ""land* system* chang*"" OR ""land* chang*"" OR ""land* degradation"" OR ""land* conversion"" OR ""land management"") OR ((marine OR ocean OR sea*) AND use AND change*) OR (""habitat loss*"" OR ""habitat degradation*"" OR ""habitat chang*"" OR ""habitat conversion"" OR ""habitat modification*"" OR ""habitat fragmentation"" OR ""habitat management"") OR (biofuel* OR biogas*) OR ((residential OR urban* OR cities OR housing OR commercial OR industrial OR touris* OR recreation*) AND (extent OR area OR cover* OR proportion* OR percentage*) AND (develop* OR expan* OR increas*)) OR (deforestation OR afforestation OR ""wood plantation*"" OR ""forest* plantation*"" OR ""pulp* plantation*"") OR ((aquaculture* OR agricultur* OR crop* OR ""cultivated area*"" OR farmland OR pasture) AND (develop* OR expan* OR increas* OR intensification OR extensification OR abandon* OR chang*)) OR (livestock AND (farm* OR ranch* OR graz* OR densit*)) OR (energy AND (drill* OR min* OR quarry*)) OR (((transport* OR service) AND (network* OR corridor* OR infrastructure*)) OR road* OR rail* OR ""ship* lane*"" OR ""flight path*"") OR (""system* modification*"" OR (dams OR (water AND (management OR use)))))) AND ((((((natur* AND resource*) OR material* OR (biomass OR ""fossil fuel*"" OR ore* OR mineral*)) OR ((biological AND resource*) OR wildlife OR animal* OR plant* OR population*) OR water) AND ((overextraction OR overexploitation) OR (extraction OR exploitation OR withdraw*) OR depletion OR (hunting OR collect* OR gather* OR poaching OR ""bush meat*""))) OR ((forest* OR wood OR timber*) AND (harvest* OR logging*)) OR (soil* AND (erosion OR acidification OR degradation)) OR (fisher* OR fishing OR (bycatch OR by-catch))))",Species populations,IUCN red list of threatened species,"(IUCN OR ""red list"") AND (threat* OR extinct*) AND species NOT ""red list ind*""","TS=(((IUCN OR ""red list"") AND (threat* OR extinct*) AND species NOT ""red list ind*"") AND ((((""land use chang*"" OR ""land cover chang*"" OR ""land* system* chang*"" OR ""land* chang*"" OR ""land* degradation"" OR ""land* conversion"" OR ""land management"") OR ((marine OR ocean OR sea*) AND use AND change*) OR (""habitat loss*"" OR ""habitat degradation*"" OR ""habitat chang*"" OR ""habitat conversion"" OR ""habitat modification*"" OR ""habitat fragmentation"" OR ""habitat management"") OR (biofuel* OR biogas*) OR ((residential OR urban* OR cities OR housing OR commercial OR industrial OR touris* OR recreation*) AND (extent OR area OR cover* OR proportion* OR percentage*) AND (develop* OR expan* OR increas*)) OR (deforestation OR afforestation OR ""wood plantation*"" OR ""forest* plantation*"" OR ""pulp* plantation*"") OR ((aquaculture* OR agricultur* OR crop* OR ""cultivated area*"" OR farmland OR pasture) AND (develop* OR expan* OR increas* OR intensification OR extensification OR abandon* OR chang*)) OR (livestock AND (farm* OR ranch* OR graz* OR densit*)) OR (energy AND (drill* OR min* OR quarry*)) OR (((transport* OR service) AND (network* OR corridor* OR infrastructure*)) OR road* OR rail* OR ""ship* lane*"" OR ""flight path*"") OR (""system* modification*"" OR (dams OR (water AND (management OR use)))))) AND ((((((natur* AND resource*) OR material* OR (biomass OR ""fossil fuel*"" OR ore* OR mineral*)) OR ((biological AND resource*) OR wildlife OR animal* OR plant* OR population*) OR water) AND ((overextraction OR overexploitation) OR (extraction OR exploitation OR withdraw*) OR depletion OR (hunting OR collect* OR gather* OR poaching OR ""bush meat*""))) OR ((forest* OR wood OR timber*) AND (harvest* OR logging*)) OR (soil* AND (erosion OR acidification OR degradation)) OR (fisher* OR fishing OR (bycatch OR by-catch))))) AND (que*bec OR canada OR montr*al or Saint-Lawrence or Bas-Saint-Laurent or Saguenay or Lac-Saint-Jean  or Capitale-Nationale or Mauricie or Estrie or Outaouais or Abitibi-T*miscamingue or C*te-Nord or Nord-du-Qu*bec or Gasp*sie–*les-de-la-Madeleine or Chaudi*re-Appalaches or Laval or Lanaudi*re or Laurentides or Mont*r*gie or Centre-du-Qu*bec))"
Land/sea use change,Direct exploitation of natural resources,"(((""land use chang*"" OR ""land cover chang*"" OR ""land* system* chang*"" OR ""land* chang*"" OR ""land* degradation"" OR ""land* conversion"" OR ""land management"") OR ((marine OR ocean OR sea*) AND use AND change*) OR (""habitat loss*"" OR ""habitat degradation*"" OR ""habitat chang*"" OR ""habitat conversion"" OR ""habitat modification*"" OR ""habitat fragmentation"" OR ""habitat management"") OR (biofuel* OR biogas*) OR ((residential OR urban* OR cities OR housing OR commercial OR industrial OR touris* OR recreation*) AND (extent OR area OR cover* OR proportion* OR percentage*) AND (develop* OR expan* OR increas*)) OR (deforestation OR afforestation OR ""wood plantation*"" OR ""forest* plantation*"" OR ""pulp* plantation*"") OR ((aquaculture* OR agricultur* OR crop* OR ""cultivated area*"" OR farmland OR pasture) AND (develop* OR expan* OR increas* OR intensification OR extensification OR abandon* OR chang*)) OR (livestock AND (farm* OR ranch* OR graz* OR densit*)) OR (energy AND (drill* OR min* OR quarry*)) OR (((transport* OR service) AND (network* OR corridor* OR infrastructure*)) OR road* OR rail* OR ""ship* lane*"" OR ""flight path*"") OR (""system* modification*"" OR (dams OR (water AND (management OR use)))))) AND ((((((natur* AND resource*) OR material* OR (biomass OR ""fossil fuel*"" OR ore* OR mineral*)) OR ((biological AND resource*) OR wildlife OR animal* OR plant* OR population*) OR water) AND ((overextraction OR overexploitation) OR (extraction OR exploitation OR withdraw*) OR depletion OR (hunting OR collect* OR gather* OR poaching OR ""bush meat*""))) OR ((forest* OR wood OR timber*) AND (harvest* OR logging*)) OR (soil* AND (erosion OR acidification OR degradation)) OR (fisher* OR fishing OR (bycatch OR by-catch))))",Species populations,Living planet index,"""living planet ind*"" OR ""living planet report*""","TS=((""living planet ind*"" OR ""living planet report*"") AND ((((""land use chang*"" OR ""land cover chang*"" OR ""land* system* chang*"" OR ""land* chang*"" OR ""land* degradation"" OR ""land* conversion"" OR ""land management"") OR ((marine OR ocean OR sea*) AND use AND change*) OR (""habitat loss*"" OR ""habitat degradation*"" OR ""habitat chang*"" OR ""habitat conversion"" OR ""habitat modification*"" OR ""habitat fragmentation"" OR ""habitat management"") OR (biofuel* OR biogas*) OR ((residential OR urban* OR cities OR housing OR commercial OR industrial OR touris* OR recreation*) AND (extent OR area OR cover* OR proportion* OR percentage*) AND (develop* OR expan* OR increas*)) OR (deforestation OR afforestation OR ""wood plantation*"" OR ""forest* plantation*"" OR ""pulp* plantation*"") OR ((aquaculture* OR agricultur* OR crop* OR ""cultivated area*"" OR farmland OR pasture) AND (develop* OR expan* OR increas* OR intensification OR extensification OR abandon* OR chang*)) OR (livestock AND (farm* OR ranch* OR graz* OR densit*)) OR (energy AND (drill* OR min* OR quarry*)) OR (((transport* OR service) AND (network* OR corridor* OR infrastructure*)) OR road* OR rail* OR ""ship* lane*"" OR ""flight path*"") OR (""system* modification*"" OR (dams OR (water AND (management OR use)))))) AND ((((((natur* AND resource*) OR material* OR (biomass OR ""fossil fuel*"" OR ore* OR mineral*)) OR ((biological AND resource*) OR wildlife OR animal* OR plant* OR population*) OR water) AND ((overextraction OR overexploitation) OR (extraction OR exploitation OR withdraw*) OR depletion OR (hunting OR collect* OR gather* OR poaching OR ""bush meat*""))) OR ((forest* OR wood OR timber*) AND (harvest* OR logging*)) OR (soil* AND (erosion OR acidification OR degradation)) OR (fisher* OR fishing OR (bycatch OR by-catch))))) AND (que*bec OR canada OR montr*al or Saint-Lawrence or Bas-Saint-Laurent or Saguenay or Lac-Saint-Jean  or Capitale-Nationale or Mauricie or Estrie or Outaouais or Abitibi-T*miscamingue or C*te-Nord or Nord-du-Qu*bec or Gasp*sie–*les-de-la-Madeleine or Chaudi*re-Appalaches or Laval or Lanaudi*re or Laurentides or Mont*r*gie or Centre-du-Qu*bec))"
Land/sea use change,Direct exploitation of natural resources,"(((""land use chang*"" OR ""land cover chang*"" OR ""land* system* chang*"" OR ""land* chang*"" OR ""land* degradation"" OR ""land* conversion"" OR ""land management"") OR ((marine OR ocean OR sea*) AND use AND change*) OR (""habitat loss*"" OR ""habitat degradation*"" OR ""habitat chang*"" OR ""habitat conversion"" OR ""habitat modification*"" OR ""habitat fragmentation"" OR ""habitat management"") OR (biofuel* OR biogas*) OR ((residential OR urban* OR cities OR housing OR commercial OR industrial OR touris* OR recreation*) AND (extent OR area OR cover* OR proportion* OR percentage*) AND (develop* OR expan* OR increas*)) OR (deforestation OR afforestation OR ""wood plantation*"" OR ""forest* plantation*"" OR ""pulp* plantation*"") OR ((aquaculture* OR agricultur* OR crop* OR ""cultivated area*"" OR farmland OR pasture) AND (develop* OR expan* OR increas* OR intensification OR extensification OR abandon* OR chang*)) OR (livestock AND (farm* OR ranch* OR graz* OR densit*)) OR (energy AND (drill* OR min* OR quarry*)) OR (((transport* OR service) AND (network* OR corridor* OR infrastructure*)) OR road* OR rail* OR ""ship* lane*"" OR ""flight path*"") OR (""system* modification*"" OR (dams OR (water AND (management OR use)))))) AND ((((((natur* AND resource*) OR material* OR (biomass OR ""fossil fuel*"" OR ore* OR mineral*)) OR ((biological AND resource*) OR wildlife OR animal* OR plant* OR population*) OR water) AND ((overextraction OR overexploitation) OR (extraction OR exploitation OR withdraw*) OR depletion OR (hunting OR collect* OR gather* OR poaching OR ""bush meat*""))) OR ((forest* OR wood OR timber*) AND (harvest* OR logging*)) OR (soil* AND (erosion OR acidification OR degradation)) OR (fisher* OR fishing OR (bycatch OR by-catch))))",Species populations,Local species abundance,"((species OR assemblage*) AND abundance AND (local OR location* OR sample*)) AND (global OR world*) AND (""time series"" OR ""time -series"" OR temporal)","TS=((((species OR assemblage*) AND abundance AND (local OR location* OR sample*)) AND (global OR world*) AND (""time series"" OR ""time -series"" OR temporal)) AND ((((""land use chang*"" OR ""land cover chang*"" OR ""land* system* chang*"" OR ""land* chang*"" OR ""land* degradation"" OR ""land* conversion"" OR ""land management"") OR ((marine OR ocean OR sea*) AND use AND change*) OR (""habitat loss*"" OR ""habitat degradation*"" OR ""habitat chang*"" OR ""habitat conversion"" OR ""habitat modification*"" OR ""habitat fragmentation"" OR ""habitat management"") OR (biofuel* OR biogas*) OR ((residential OR urban* OR cities OR housing OR commercial OR industrial OR touris* OR recreation*) AND (extent OR area OR cover* OR proportion* OR percentage*) AND (develop* OR expan* OR increas*)) OR (deforestation OR afforestation OR ""wood plantation*"" OR ""forest* plantation*"" OR ""pulp* plantation*"") OR ((aquaculture* OR agricultur* OR crop* OR ""cultivated area*"" OR farmland OR pasture) AND (develop* OR expan* OR increas* OR intensification OR extensification OR abandon* OR chang*)) OR (livestock AND (farm* OR ranch* OR graz* OR densit*)) OR (energy AND (drill* OR min* OR quarry*)) OR (((transport* OR service) AND (network* OR corridor* OR infrastructure*)) OR road* OR rail* OR ""ship* lane*"" OR ""flight path*"") OR (""system* modification*"" OR (dams OR (water AND (management OR use)))))) AND ((((((natur* AND resource*) OR material* OR (biomass OR ""fossil fuel*"" OR ore* OR mineral*)) OR ((biological AND resource*) OR wildlife OR animal* OR plant* OR population*) OR water) AND ((overextraction OR overexploitation) OR (extraction OR exploitation OR withdraw*) OR depletion OR (hunting OR collect* OR gather* OR poaching OR ""bush meat*""))) OR ((forest* OR wood OR timber*) AND (harvest* OR logging*)) OR (soil* AND (erosion OR acidification OR degradation)) OR (fisher* OR fishing OR (bycatch OR by-catch))))) AND (que*bec OR canada OR montr*al or Saint-Lawrence or Bas-Saint-Laurent or Saguenay or Lac-Saint-Jean  or Capitale-Nationale or Mauricie or Estrie or Outaouais or Abitibi-T*miscamingue or C*te-Nord or Nord-du-Qu*bec or Gasp*sie–*les-de-la-Madeleine or Chaudi*re-Appalaches or Laval or Lanaudi*re or Laurentides or Mont*r*gie or Centre-du-Qu*bec))"
Land/sea use change,Direct exploitation of natural resources,"(((""land use chang*"" OR ""land cover chang*"" OR ""land* system* chang*"" OR ""land* chang*"" OR ""land* degradation"" OR ""land* conversion"" OR ""land management"") OR ((marine OR ocean OR sea*) AND use AND change*) OR (""habitat loss*"" OR ""habitat degradation*"" OR ""habitat chang*"" OR ""habitat conversion"" OR ""habitat modification*"" OR ""habitat fragmentation"" OR ""habitat management"") OR (biofuel* OR biogas*) OR ((residential OR urban* OR cities OR housing OR commercial OR industrial OR touris* OR recreation*) AND (extent OR area OR cover* OR proportion* OR percentage*) AND (develop* OR expan* OR increas*)) OR (deforestation OR afforestation OR ""wood plantation*"" OR ""forest* plantation*"" OR ""pulp* plantation*"") OR ((aquaculture* OR agricultur* OR crop* OR ""cultivated area*"" OR farmland OR pasture) AND (develop* OR expan* OR increas* OR intensification OR extensification OR abandon* OR chang*)) OR (livestock AND (farm* OR ranch* OR graz* OR densit*)) OR (energy AND (drill* OR min* OR quarry*)) OR (((transport* OR service) AND (network* OR corridor* OR infrastructure*)) OR road* OR rail* OR ""ship* lane*"" OR ""flight path*"") OR (""system* modification*"" OR (dams OR (water AND (management OR use)))))) AND ((((((natur* AND resource*) OR material* OR (biomass OR ""fossil fuel*"" OR ore* OR mineral*)) OR ((biological AND resource*) OR wildlife OR animal* OR plant* OR population*) OR water) AND ((overextraction OR overexploitation) OR (extraction OR exploitation OR withdraw*) OR depletion OR (hunting OR collect* OR gather* OR poaching OR ""bush meat*""))) OR ((forest* OR wood OR timber*) AND (harvest* OR logging*)) OR (soil* AND (erosion OR acidification OR degradation)) OR (fisher* OR fishing OR (bycatch OR by-catch))))",Species populations,Predatory fish biomass,predator* AND fish* AND (biomass OR abundance),"TS=((predator* AND fish* AND (biomass OR abundance)) AND ((((""land use chang*"" OR ""land cover chang*"" OR ""land* system* chang*"" OR ""land* chang*"" OR ""land* degradation"" OR ""land* conversion"" OR ""land management"") OR ((marine OR ocean OR sea*) AND use AND change*) OR (""habitat loss*"" OR ""habitat degradation*"" OR ""habitat chang*"" OR ""habitat conversion"" OR ""habitat modification*"" OR ""habitat fragmentation"" OR ""habitat management"") OR (biofuel* OR biogas*) OR ((residential OR urban* OR cities OR housing OR commercial OR industrial OR touris* OR recreation*) AND (extent OR area OR cover* OR proportion* OR percentage*) AND (develop* OR expan* OR increas*)) OR (deforestation OR afforestation OR ""wood plantation*"" OR ""forest* plantation*"" OR ""pulp* plantation*"") OR ((aquaculture* OR agricultur* OR crop* OR ""cultivated area*"" OR farmland OR pasture) AND (develop* OR expan* OR increas* OR intensification OR extensification OR abandon* OR chang*)) OR (livestock AND (farm* OR ranch* OR graz* OR densit*)) OR (energy AND (drill* OR min* OR quarry*)) OR (((transport* OR service) AND (network* OR corridor* OR infrastructure*)) OR road* OR rail* OR ""ship* lane*"" OR ""flight path*"") OR (""system* modification*"" OR (dams OR (water AND (management OR use)))))) AND ((((((natur* AND resource*) OR material* OR (biomass OR ""fossil fuel*"" OR ore* OR mineral*)) OR ((biological AND resource*) OR wildlife OR animal* OR plant* OR population*) OR water) AND ((overextraction OR overexploitation) OR (extraction OR exploitation OR withdraw*) OR depletion OR (hunting OR collect* OR gather* OR poaching OR ""bush meat*""))) OR ((forest* OR wood OR timber*) AND (harvest* OR logging*)) OR (soil* AND (erosion OR acidification OR degradation)) OR (fisher* OR fishing OR (bycatch OR by-catch))))) AND (que*bec OR canada OR montr*al or Saint-Lawrence or Bas-Saint-Laurent or Saguenay or Lac-Saint-Jean  or Capitale-Nationale or Mauricie or Estrie or Outaouais or Abitibi-T*miscamingue or C*te-Nord or Nord-du-Qu*bec or Gasp*sie–*les-de-la-Madeleine or Chaudi*re-Appalaches or Laval or Lanaudi*re or Laurentides or Mont*r*gie or Centre-du-Qu*bec))"
Land/sea use change,Direct exploitation of natural resources,"(((""land use chang*"" OR ""land cover chang*"" OR ""land* system* chang*"" OR ""land* chang*"" OR ""land* degradation"" OR ""land* conversion"" OR ""land management"") OR ((marine OR ocean OR sea*) AND use AND change*) OR (""habitat loss*"" OR ""habitat degradation*"" OR ""habitat chang*"" OR ""habitat conversion"" OR ""habitat modification*"" OR ""habitat fragmentation"" OR ""habitat management"") OR (biofuel* OR biogas*) OR ((residential OR urban* OR cities OR housing OR commercial OR industrial OR touris* OR recreation*) AND (extent OR area OR cover* OR proportion* OR percentage*) AND (develop* OR expan* OR increas*)) OR (deforestation OR afforestation OR ""wood plantation*"" OR ""forest* plantation*"" OR ""pulp* plantation*"") OR ((aquaculture* OR agricultur* OR crop* OR ""cultivated area*"" OR farmland OR pasture) AND (develop* OR expan* OR increas* OR intensification OR extensification OR abandon* OR chang*)) OR (livestock AND (farm* OR ranch* OR graz* OR densit*)) OR (energy AND (drill* OR min* OR quarry*)) OR (((transport* OR service) AND (network* OR corridor* OR infrastructure*)) OR road* OR rail* OR ""ship* lane*"" OR ""flight path*"") OR (""system* modification*"" OR (dams OR (water AND (management OR use)))))) AND ((((((natur* AND resource*) OR material* OR (biomass OR ""fossil fuel*"" OR ore* OR mineral*)) OR ((biological AND resource*) OR wildlife OR animal* OR plant* OR population*) OR water) AND ((overextraction OR overexploitation) OR (extraction OR exploitation OR withdraw*) OR depletion OR (hunting OR collect* OR gather* OR poaching OR ""bush meat*""))) OR ((forest* OR wood OR timber*) AND (harvest* OR logging*)) OR (soil* AND (erosion OR acidification OR degradation)) OR (fisher* OR fishing OR (bycatch OR by-catch))))",Species populations,Prey fish biomass,prey* AND fish* AND (biomass OR abundance),"TS=((prey* AND fish* AND (biomass OR abundance)) AND ((((""land use chang*"" OR ""land cover chang*"" OR ""land* system* chang*"" OR ""land* chang*"" OR ""land* degradation"" OR ""land* conversion"" OR ""land management"") OR ((marine OR ocean OR sea*) AND use AND change*) OR (""habitat loss*"" OR ""habitat degradation*"" OR ""habitat chang*"" OR ""habitat conversion"" OR ""habitat modification*"" OR ""habitat fragmentation"" OR ""habitat management"") OR (biofuel* OR biogas*) OR ((residential OR urban* OR cities OR housing OR commercial OR industrial OR touris* OR recreation*) AND (extent OR area OR cover* OR proportion* OR percentage*) AND (develop* OR expan* OR increas*)) OR (deforestation OR afforestation OR ""wood plantation*"" OR ""forest* plantation*"" OR ""pulp* plantation*"") OR ((aquaculture* OR agricultur* OR crop* OR ""cultivated area*"" OR farmland OR pasture) AND (develop* OR expan* OR increas* OR intensification OR extensification OR abandon* OR chang*)) OR (livestock AND (farm* OR ranch* OR graz* OR densit*)) OR (energy AND (drill* OR min* OR quarry*)) OR (((transport* OR service) AND (network* OR corridor* OR infrastructure*)) OR road* OR rail* OR ""ship* lane*"" OR ""flight path*"") OR (""system* modification*"" OR (dams OR (water AND (management OR use)))))) AND ((((((natur* AND resource*) OR material* OR (biomass OR ""fossil fuel*"" OR ore* OR mineral*)) OR ((biological AND resource*) OR wildlife OR animal* OR plant* OR population*) OR water) AND ((overextraction OR overexploitation) OR (extraction OR exploitation OR withdraw*) OR depletion OR (hunting OR collect* OR gather* OR poaching OR ""bush meat*""))) OR ((forest* OR wood OR timber*) AND (harvest* OR logging*)) OR (soil* AND (erosion OR acidification OR degradation)) OR (fisher* OR fishing OR (bycatch OR by-catch))))) AND (que*bec OR canada OR montr*al or Saint-Lawrence or Bas-Saint-Laurent or Saguenay or Lac-Saint-Jean  or Capitale-Nationale or Mauricie or Estrie or Outaouais or Abitibi-T*miscamingue or C*te-Nord or Nord-du-Qu*bec or Gasp*sie–*les-de-la-Madeleine or Chaudi*re-Appalaches or Laval or Lanaudi*re or Laurentides or Mont*r*gie or Centre-du-Qu*bec))"
Land/sea use change,Direct exploitation of natural resources,"(((""land use chang*"" OR ""land cover chang*"" OR ""land* system* chang*"" OR ""land* chang*"" OR ""land* degradation"" OR ""land* conversion"" OR ""land management"") OR ((marine OR ocean OR sea*) AND use AND change*) OR (""habitat loss*"" OR ""habitat degradation*"" OR ""habitat chang*"" OR ""habitat conversion"" OR ""habitat modification*"" OR ""habitat fragmentation"" OR ""habitat management"") OR (biofuel* OR biogas*) OR ((residential OR urban* OR cities OR housing OR commercial OR industrial OR touris* OR recreation*) AND (extent OR area OR cover* OR proportion* OR percentage*) AND (develop* OR expan* OR increas*)) OR (deforestation OR afforestation OR ""wood plantation*"" OR ""forest* plantation*"" OR ""pulp* plantation*"") OR ((aquaculture* OR agricultur* OR crop* OR ""cultivated area*"" OR farmland OR pasture) AND (develop* OR expan* OR increas* OR intensification OR extensification OR abandon* OR chang*)) OR (livestock AND (farm* OR ranch* OR graz* OR densit*)) OR (energy AND (drill* OR min* OR quarry*)) OR (((transport* OR service) AND (network* OR corridor* OR infrastructure*)) OR road* OR rail* OR ""ship* lane*"" OR ""flight path*"") OR (""system* modification*"" OR (dams OR (water AND (management OR use)))))) AND ((((((natur* AND resource*) OR material* OR (biomass OR ""fossil fuel*"" OR ore* OR mineral*)) OR ((biological AND resource*) OR wildlife OR animal* OR plant* OR population*) OR water) AND ((overextraction OR overexploitation) OR (extraction OR exploitation OR withdraw*) OR depletion OR (hunting OR collect* OR gather* OR poaching OR ""bush meat*""))) OR ((forest* OR wood OR timber*) AND (harvest* OR logging*)) OR (soil* AND (erosion OR acidification OR degradation)) OR (fisher* OR fishing OR (bycatch OR by-catch))))",Species populations,Proportion of fish stocks within biologically sustainable levels,"fish* AND stock* AND (""sustainab*"" OR safe)","TS=((fish* AND stock* AND (""sustainab*"" OR safe)) AND ((((""land use chang*"" OR ""land cover chang*"" OR ""land* system* chang*"" OR ""land* chang*"" OR ""land* degradation"" OR ""land* conversion"" OR ""land management"") OR ((marine OR ocean OR sea*) AND use AND change*) OR (""habitat loss*"" OR ""habitat degradation*"" OR ""habitat chang*"" OR ""habitat conversion"" OR ""habitat modification*"" OR ""habitat fragmentation"" OR ""habitat management"") OR (biofuel* OR biogas*) OR ((residential OR urban* OR cities OR housing OR commercial OR industrial OR touris* OR recreation*) AND (extent OR area OR cover* OR proportion* OR percentage*) AND (develop* OR expan* OR increas*)) OR (deforestation OR afforestation OR ""wood plantation*"" OR ""forest* plantation*"" OR ""pulp* plantation*"") OR ((aquaculture* OR agricultur* OR crop* OR ""cultivated area*"" OR farmland OR pasture) AND (develop* OR expan* OR increas* OR intensification OR extensification OR abandon* OR chang*)) OR (livestock AND (farm* OR ranch* OR graz* OR densit*)) OR (energy AND (drill* OR min* OR quarry*)) OR (((transport* OR service) AND (network* OR corridor* OR infrastructure*)) OR road* OR rail* OR ""ship* lane*"" OR ""flight path*"") OR (""system* modification*"" OR (dams OR (water AND (management OR use)))))) AND ((((((natur* AND resource*) OR material* OR (biomass OR ""fossil fuel*"" OR ore* OR mineral*)) OR ((biological AND resource*) OR wildlife OR animal* OR plant* OR population*) OR water) AND ((overextraction OR overexploitation) OR (extraction OR exploitation OR withdraw*) OR depletion OR (hunting OR collect* OR gather* OR poaching OR ""bush meat*""))) OR ((forest* OR wood OR timber*) AND (harvest* OR logging*)) OR (soil* AND (erosion OR acidification OR degradation)) OR (fisher* OR fishing OR (bycatch OR by-catch))))) AND (que*bec OR canada OR montr*al or Saint-Lawrence or Bas-Saint-Laurent or Saguenay or Lac-Saint-Jean  or Capitale-Nationale or Mauricie or Estrie or Outaouais or Abitibi-T*miscamingue or C*te-Nord or Nord-du-Qu*bec or Gasp*sie–*les-de-la-Madeleine or Chaudi*re-Appalaches or Laval or Lanaudi*re or Laurentides or Mont*r*gie or Centre-du-Qu*bec))"
Land/sea use change,Direct exploitation of natural resources,"(((""land use chang*"" OR ""land cover chang*"" OR ""land* system* chang*"" OR ""land* chang*"" OR ""land* degradation"" OR ""land* conversion"" OR ""land management"") OR ((marine OR ocean OR sea*) AND use AND change*) OR (""habitat loss*"" OR ""habitat degradation*"" OR ""habitat chang*"" OR ""habitat conversion"" OR ""habitat modification*"" OR ""habitat fragmentation"" OR ""habitat management"") OR (biofuel* OR biogas*) OR ((residential OR urban* OR cities OR housing OR commercial OR industrial OR touris* OR recreation*) AND (extent OR area OR cover* OR proportion* OR percentage*) AND (develop* OR expan* OR increas*)) OR (deforestation OR afforestation OR ""wood plantation*"" OR ""forest* plantation*"" OR ""pulp* plantation*"") OR ((aquaculture* OR agricultur* OR crop* OR ""cultivated area*"" OR farmland OR pasture) AND (develop* OR expan* OR increas* OR intensification OR extensification OR abandon* OR chang*)) OR (livestock AND (farm* OR ranch* OR graz* OR densit*)) OR (energy AND (drill* OR min* OR quarry*)) OR (((transport* OR service) AND (network* OR corridor* OR infrastructure*)) OR road* OR rail* OR ""ship* lane*"" OR ""flight path*"") OR (""system* modification*"" OR (dams OR (water AND (management OR use)))))) AND ((((((natur* AND resource*) OR material* OR (biomass OR ""fossil fuel*"" OR ore* OR mineral*)) OR ((biological AND resource*) OR wildlife OR animal* OR plant* OR population*) OR water) AND ((overextraction OR overexploitation) OR (extraction OR exploitation OR withdraw*) OR depletion OR (hunting OR collect* OR gather* OR poaching OR ""bush meat*""))) OR ((forest* OR wood OR timber*) AND (harvest* OR logging*)) OR (soil* AND (erosion OR acidification OR degradation)) OR (fisher* OR fishing OR (bycatch OR by-catch))))",Species populations,Red list index,"""red list ind*""","TS=((""red list ind*"") AND ((((""land use chang*"" OR ""land cover chang*"" OR ""land* system* chang*"" OR ""land* chang*"" OR ""land* degradation"" OR ""land* conversion"" OR ""land management"") OR ((marine OR ocean OR sea*) AND use AND change*) OR (""habitat loss*"" OR ""habitat degradation*"" OR ""habitat chang*"" OR ""habitat conversion"" OR ""habitat modification*"" OR ""habitat fragmentation"" OR ""habitat management"") OR (biofuel* OR biogas*) OR ((residential OR urban* OR cities OR housing OR commercial OR industrial OR touris* OR recreation*) AND (extent OR area OR cover* OR proportion* OR percentage*) AND (develop* OR expan* OR increas*)) OR (deforestation OR afforestation OR ""wood plantation*"" OR ""forest* plantation*"" OR ""pulp* plantation*"") OR ((aquaculture* OR agricultur* OR crop* OR ""cultivated area*"" OR farmland OR pasture) AND (develop* OR expan* OR increas* OR intensification OR extensification OR abandon* OR chang*)) OR (livestock AND (farm* OR ranch* OR graz* OR densit*)) OR (energy AND (drill* OR min* OR quarry*)) OR (((transport* OR service) AND (network* OR corridor* OR infrastructure*)) OR road* OR rail* OR ""ship* lane*"" OR ""flight path*"") OR (""system* modification*"" OR (dams OR (water AND (management OR use)))))) AND ((((((natur* AND resource*) OR material* OR (biomass OR ""fossil fuel*"" OR ore* OR mineral*)) OR ((biological AND resource*) OR wildlife OR animal* OR plant* OR population*) OR water) AND ((overextraction OR overexploitation) OR (extraction OR exploitation OR withdraw*) OR depletion OR (hunting OR collect* OR gather* OR poaching OR ""bush meat*""))) OR ((forest* OR wood OR timber*) AND (harvest* OR logging*)) OR (soil* AND (erosion OR acidification OR degradation)) OR (fisher* OR fishing OR (bycatch OR by-catch))))) AND (que*bec OR canada OR montr*al or Saint-Lawrence or Bas-Saint-Laurent or Saguenay or Lac-Saint-Jean  or Capitale-Nationale or Mauricie or Estrie or Outaouais or Abitibi-T*miscamingue or C*te-Nord or Nord-du-Qu*bec or Gasp*sie–*les-de-la-Madeleine or Chaudi*re-Appalaches or Laval or Lanaudi*re or Laurentides or Mont*r*gie or Centre-du-Qu*bec))"
Land/sea use change,Direct exploitation of natural resources,"(((""land use chang*"" OR ""land cover chang*"" OR ""land* system* chang*"" OR ""land* chang*"" OR ""land* degradation"" OR ""land* conversion"" OR ""land management"") OR ((marine OR ocean OR sea*) AND use AND change*) OR (""habitat loss*"" OR ""habitat degradation*"" OR ""habitat chang*"" OR ""habitat conversion"" OR ""habitat modification*"" OR ""habitat fragmentation"" OR ""habitat management"") OR (biofuel* OR biogas*) OR ((residential OR urban* OR cities OR housing OR commercial OR industrial OR touris* OR recreation*) AND (extent OR area OR cover* OR proportion* OR percentage*) AND (develop* OR expan* OR increas*)) OR (deforestation OR afforestation OR ""wood plantation*"" OR ""forest* plantation*"" OR ""pulp* plantation*"") OR ((aquaculture* OR agricultur* OR crop* OR ""cultivated area*"" OR farmland OR pasture) AND (develop* OR expan* OR increas* OR intensification OR extensification OR abandon* OR chang*)) OR (livestock AND (farm* OR ranch* OR graz* OR densit*)) OR (energy AND (drill* OR min* OR quarry*)) OR (((transport* OR service) AND (network* OR corridor* OR infrastructure*)) OR road* OR rail* OR ""ship* lane*"" OR ""flight path*"") OR (""system* modification*"" OR (dams OR (water AND (management OR use)))))) AND ((((((natur* AND resource*) OR material* OR (biomass OR ""fossil fuel*"" OR ore* OR mineral*)) OR ((biological AND resource*) OR wildlife OR animal* OR plant* OR population*) OR water) AND ((overextraction OR overexploitation) OR (extraction OR exploitation OR withdraw*) OR depletion OR (hunting OR collect* OR gather* OR poaching OR ""bush meat*""))) OR ((forest* OR wood OR timber*) AND (harvest* OR logging*)) OR (soil* AND (erosion OR acidification OR degradation)) OR (fisher* OR fishing OR (bycatch OR by-catch))))",Species populations,Wild bird index,"""wild bird ind*""","TS=((""wild bird ind*"") AND ((((""land use chang*"" OR ""land cover chang*"" OR ""land* system* chang*"" OR ""land* chang*"" OR ""land* degradation"" OR ""land* conversion"" OR ""land management"") OR ((marine OR ocean OR sea*) AND use AND change*) OR (""habitat loss*"" OR ""habitat degradation*"" OR ""habitat chang*"" OR ""habitat conversion"" OR ""habitat modification*"" OR ""habitat fragmentation"" OR ""habitat management"") OR (biofuel* OR biogas*) OR ((residential OR urban* OR cities OR housing OR commercial OR industrial OR touris* OR recreation*) AND (extent OR area OR cover* OR proportion* OR percentage*) AND (develop* OR expan* OR increas*)) OR (deforestation OR afforestation OR ""wood plantation*"" OR ""forest* plantation*"" OR ""pulp* plantation*"") OR ((aquaculture* OR agricultur* OR crop* OR ""cultivated area*"" OR farmland OR pasture) AND (develop* OR expan* OR increas* OR intensification OR extensification OR abandon* OR chang*)) OR (livestock AND (farm* OR ranch* OR graz* OR densit*)) OR (energy AND (drill* OR min* OR quarry*)) OR (((transport* OR service) AND (network* OR corridor* OR infrastructure*)) OR road* OR rail* OR ""ship* lane*"" OR ""flight path*"") OR (""system* modification*"" OR (dams OR (water AND (management OR use)))))) AND ((((((natur* AND resource*) OR material* OR (biomass OR ""fossil fuel*"" OR ore* OR mineral*)) OR ((biological AND resource*) OR wildlife OR animal* OR plant* OR population*) OR water) AND ((overextraction OR overexploitation) OR (extraction OR exploitation OR withdraw*) OR depletion OR (hunting OR collect* OR gather* OR poaching OR ""bush meat*""))) OR ((forest* OR wood OR timber*) AND (harvest* OR logging*)) OR (soil* AND (erosion OR acidification OR degradation)) OR (fisher* OR fishing OR (bycatch OR by-catch))))) AND (que*bec OR canada OR montr*al or Saint-Lawrence or Bas-Saint-Laurent or Saguenay or Lac-Saint-Jean  or Capitale-Nationale or Mauricie or Estrie or Outaouais or Abitibi-T*miscamingue or C*te-Nord or Nord-du-Qu*bec or Gasp*sie–*les-de-la-Madeleine or Chaudi*re-Appalaches or Laval or Lanaudi*re or Laurentides or Mont*r*gie or Centre-du-Qu*bec))"
Land/sea use change,Direct exploitation of natural resources,"(((""land use chang*"" OR ""land cover chang*"" OR ""land* system* chang*"" OR ""land* chang*"" OR ""land* degradation"" OR ""land* conversion"" OR ""land management"") OR ((marine OR ocean OR sea*) AND use AND change*) OR (""habitat loss*"" OR ""habitat degradation*"" OR ""habitat chang*"" OR ""habitat conversion"" OR ""habitat modification*"" OR ""habitat fragmentation"" OR ""habitat management"") OR (biofuel* OR biogas*) OR ((residential OR urban* OR cities OR housing OR commercial OR industrial OR touris* OR recreation*) AND (extent OR area OR cover* OR proportion* OR percentage*) AND (develop* OR expan* OR increas*)) OR (deforestation OR afforestation OR ""wood plantation*"" OR ""forest* plantation*"" OR ""pulp* plantation*"") OR ((aquaculture* OR agricultur* OR crop* OR ""cultivated area*"" OR farmland OR pasture) AND (develop* OR expan* OR increas* OR intensification OR extensification OR abandon* OR chang*)) OR (livestock AND (farm* OR ranch* OR graz* OR densit*)) OR (energy AND (drill* OR min* OR quarry*)) OR (((transport* OR service) AND (network* OR corridor* OR infrastructure*)) OR road* OR rail* OR ""ship* lane*"" OR ""flight path*"") OR (""system* modification*"" OR (dams OR (water AND (management OR use)))))) AND ((((((natur* AND resource*) OR material* OR (biomass OR ""fossil fuel*"" OR ore* OR mineral*)) OR ((biological AND resource*) OR wildlife OR animal* OR plant* OR population*) OR water) AND ((overextraction OR overexploitation) OR (extraction OR exploitation OR withdraw*) OR depletion OR (hunting OR collect* OR gather* OR poaching OR ""bush meat*""))) OR ((forest* OR wood OR timber*) AND (harvest* OR logging*)) OR (soil* AND (erosion OR acidification OR degradation)) OR (fisher* OR fishing OR (bycatch OR by-catch))))",Species traits,Mean length of fish,"(""mean length*"" OR ""average length*"") AND fish*","TS=(((""mean length*"" OR ""average length*"") AND fish*) AND ((((""land use chang*"" OR ""land cover chang*"" OR ""land* system* chang*"" OR ""land* chang*"" OR ""land* degradation"" OR ""land* conversion"" OR ""land management"") OR ((marine OR ocean OR sea*) AND use AND change*) OR (""habitat loss*"" OR ""habitat degradation*"" OR ""habitat chang*"" OR ""habitat conversion"" OR ""habitat modification*"" OR ""habitat fragmentation"" OR ""habitat management"") OR (biofuel* OR biogas*) OR ((residential OR urban* OR cities OR housing OR commercial OR industrial OR touris* OR recreation*) AND (extent OR area OR cover* OR proportion* OR percentage*) AND (develop* OR expan* OR increas*)) OR (deforestation OR afforestation OR ""wood plantation*"" OR ""forest* plantation*"" OR ""pulp* plantation*"") OR ((aquaculture* OR agricultur* OR crop* OR ""cultivated area*"" OR farmland OR pasture) AND (develop* OR expan* OR increas* OR intensification OR extensification OR abandon* OR chang*)) OR (livestock AND (farm* OR ranch* OR graz* OR densit*)) OR (energy AND (drill* OR min* OR quarry*)) OR (((transport* OR service) AND (network* OR corridor* OR infrastructure*)) OR road* OR rail* OR ""ship* lane*"" OR ""flight path*"") OR (""system* modification*"" OR (dams OR (water AND (management OR use)))))) AND ((((((natur* AND resource*) OR material* OR (biomass OR ""fossil fuel*"" OR ore* OR mineral*)) OR ((biological AND resource*) OR wildlife OR animal* OR plant* OR population*) OR water) AND ((overextraction OR overexploitation) OR (extraction OR exploitation OR withdraw*) OR depletion OR (hunting OR collect* OR gather* OR poaching OR ""bush meat*""))) OR ((forest* OR wood OR timber*) AND (harvest* OR logging*)) OR (soil* AND (erosion OR acidification OR degradation)) OR (fisher* OR fishing OR (bycatch OR by-catch))))) AND (que*bec OR canada OR montr*al or Saint-Lawrence or Bas-Saint-Laurent or Saguenay or Lac-Saint-Jean  or Capitale-Nationale or Mauricie or Estrie or Outaouais or Abitibi-T*miscamingue or C*te-Nord or Nord-du-Qu*bec or Gasp*sie–*les-de-la-Madeleine or Chaudi*re-Appalaches or Laval or Lanaudi*re or Laurentides or Mont*r*gie or Centre-du-Qu*bec))"
Land/sea use change,Direct exploitation of natural resources,"(((""land use chang*"" OR ""land cover chang*"" OR ""land* system* chang*"" OR ""land* chang*"" OR ""land* degradation"" OR ""land* conversion"" OR ""land management"") OR ((marine OR ocean OR sea*) AND use AND change*) OR (""habitat loss*"" OR ""habitat degradation*"" OR ""habitat chang*"" OR ""habitat conversion"" OR ""habitat modification*"" OR ""habitat fragmentation"" OR ""habitat management"") OR (biofuel* OR biogas*) OR ((residential OR urban* OR cities OR housing OR commercial OR industrial OR touris* OR recreation*) AND (extent OR area OR cover* OR proportion* OR percentage*) AND (develop* OR expan* OR increas*)) OR (deforestation OR afforestation OR ""wood plantation*"" OR ""forest* plantation*"" OR ""pulp* plantation*"") OR ((aquaculture* OR agricultur* OR crop* OR ""cultivated area*"" OR farmland OR pasture) AND (develop* OR expan* OR increas* OR intensification OR extensification OR abandon* OR chang*)) OR (livestock AND (farm* OR ranch* OR graz* OR densit*)) OR (energy AND (drill* OR min* OR quarry*)) OR (((transport* OR service) AND (network* OR corridor* OR infrastructure*)) OR road* OR rail* OR ""ship* lane*"" OR ""flight path*"") OR (""system* modification*"" OR (dams OR (water AND (management OR use)))))) AND ((((((natur* AND resource*) OR material* OR (biomass OR ""fossil fuel*"" OR ore* OR mineral*)) OR ((biological AND resource*) OR wildlife OR animal* OR plant* OR population*) OR water) AND ((overextraction OR overexploitation) OR (extraction OR exploitation OR withdraw*) OR depletion OR (hunting OR collect* OR gather* OR poaching OR ""bush meat*""))) OR ((forest* OR wood OR timber*) AND (harvest* OR logging*)) OR (soil* AND (erosion OR acidification OR degradation)) OR (fisher* OR fishing OR (bycatch OR by-catch))))",Species traits,Proportion of predatory fish,"(proportion OR ratio OR percentage) AND ""predator* fish*""","TS=(((proportion OR ratio OR percentage) AND ""predator* fish*"") AND ((((""land use chang*"" OR ""land cover chang*"" OR ""land* system* chang*"" OR ""land* chang*"" OR ""land* degradation"" OR ""land* conversion"" OR ""land management"") OR ((marine OR ocean OR sea*) AND use AND change*) OR (""habitat loss*"" OR ""habitat degradation*"" OR ""habitat chang*"" OR ""habitat conversion"" OR ""habitat modification*"" OR ""habitat fragmentation"" OR ""habitat management"") OR (biofuel* OR biogas*) OR ((residential OR urban* OR cities OR housing OR commercial OR industrial OR touris* OR recreation*) AND (extent OR area OR cover* OR proportion* OR percentage*) AND (develop* OR expan* OR increas*)) OR (deforestation OR afforestation OR ""wood plantation*"" OR ""forest* plantation*"" OR ""pulp* plantation*"") OR ((aquaculture* OR agricultur* OR crop* OR ""cultivated area*"" OR farmland OR pasture) AND (develop* OR expan* OR increas* OR intensification OR extensification OR abandon* OR chang*)) OR (livestock AND (farm* OR ranch* OR graz* OR densit*)) OR (energy AND (drill* OR min* OR quarry*)) OR (((transport* OR service) AND (network* OR corridor* OR infrastructure*)) OR road* OR rail* OR ""ship* lane*"" OR ""flight path*"") OR (""system* modification*"" OR (dams OR (water AND (management OR use)))))) AND ((((((natur* AND resource*) OR material* OR (biomass OR ""fossil fuel*"" OR ore* OR mineral*)) OR ((biological AND resource*) OR wildlife OR animal* OR plant* OR population*) OR water) AND ((overextraction OR overexploitation) OR (extraction OR exploitation OR withdraw*) OR depletion OR (hunting OR collect* OR gather* OR poaching OR ""bush meat*""))) OR ((forest* OR wood OR timber*) AND (harvest* OR logging*)) OR (soil* AND (erosion OR acidification OR degradation)) OR (fisher* OR fishing OR (bycatch OR by-catch))))) AND (que*bec OR canada OR montr*al or Saint-Lawrence or Bas-Saint-Laurent or Saguenay or Lac-Saint-Jean  or Capitale-Nationale or Mauricie or Estrie or Outaouais or Abitibi-T*miscamingue or C*te-Nord or Nord-du-Qu*bec or Gasp*sie–*les-de-la-Madeleine or Chaudi*re-Appalaches or Laval or Lanaudi*re or Laurentides or Mont*r*gie or Centre-du-Qu*bec))"
Land/sea use change,Climate change,"(((""land use chang*"" OR ""land cover chang*"" OR ""land* system* chang*"" OR ""land* chang*"" OR ""land* degradation"" OR ""land* conversion"" OR ""land management"") OR ((marine OR ocean OR sea*) AND use AND change*) OR (""habitat loss*"" OR ""habitat degradation*"" OR ""habitat chang*"" OR ""habitat conversion"" OR ""habitat modification*"" OR ""habitat fragmentation"" OR ""habitat management"") OR (biofuel* OR biogas*) OR ((residential OR urban* OR cities OR housing OR commercial OR industrial OR touris* OR recreation*) AND (extent OR area OR cover* OR proportion* OR percentage*) AND (develop* OR expan* OR increas*)) OR (deforestation OR afforestation OR ""wood plantation*"" OR ""forest* plantation*"" OR ""pulp* plantation*"") OR ((aquaculture* OR agricultur* OR crop* OR ""cultivated area*"" OR farmland OR pasture) AND (develop* OR expan* OR increas* OR intensification OR extensification OR abandon* OR chang*)) OR (livestock AND (farm* OR ranch* OR graz* OR densit*)) OR (energy AND (drill* OR min* OR quarry*)) OR (((transport* OR service) AND (network* OR corridor* OR infrastructure*)) OR road* OR rail* OR ""ship* lane*"" OR ""flight path*"") OR (""system* modification*"" OR (dams OR (water AND (management OR use)))))) AND ((""climat* change"" OR ""chang* climat*"" OR (""increase* temperature*"" OR ""thermal alteration"" OR ""global warming"") OR (chang* AND precipitation*) OR ((extreme OR severe) AND (weather OR temperature OR precipitation OR climat*)) OR heatwave* OR drought* OR storm* OR flood* OR (UV OR ultraviolet) OR ""sea level rise"" OR ""soil salinization"" OR (""habitat shift*"" AND climate) OR (""habitat alteration"" AND climate) OR ((consumptive OR human OR agricultural) AND ""water stress"")))",Community composition,NA,"(((communit* OR assemblage* OR taxonom* OR species) AND (dominance* OR richness OR turnover OR diversit* OR composition OR similarit)) OR (""species interaction"" OR ""biotic interaction*""))","TS=(((((communit* OR assemblage* OR taxonom* OR species) AND (dominance* OR richness OR turnover OR diversit* OR composition OR similarit)) OR (""species interaction"" OR ""biotic interaction*""))) AND ((((""land use chang*"" OR ""land cover chang*"" OR ""land* system* chang*"" OR ""land* chang*"" OR ""land* degradation"" OR ""land* conversion"" OR ""land management"") OR ((marine OR ocean OR sea*) AND use AND change*) OR (""habitat loss*"" OR ""habitat degradation*"" OR ""habitat chang*"" OR ""habitat conversion"" OR ""habitat modification*"" OR ""habitat fragmentation"" OR ""habitat management"") OR (biofuel* OR biogas*) OR ((residential OR urban* OR cities OR housing OR commercial OR industrial OR touris* OR recreation*) AND (extent OR area OR cover* OR proportion* OR percentage*) AND (develop* OR expan* OR increas*)) OR (deforestation OR afforestation OR ""wood plantation*"" OR ""forest* plantation*"" OR ""pulp* plantation*"") OR ((aquaculture* OR agricultur* OR crop* OR ""cultivated area*"" OR farmland OR pasture) AND (develop* OR expan* OR increas* OR intensification OR extensification OR abandon* OR chang*)) OR (livestock AND (farm* OR ranch* OR graz* OR densit*)) OR (energy AND (drill* OR min* OR quarry*)) OR (((transport* OR service) AND (network* OR corridor* OR infrastructure*)) OR road* OR rail* OR ""ship* lane*"" OR ""flight path*"") OR (""system* modification*"" OR (dams OR (water AND (management OR use)))))) AND ((""climat* change"" OR ""chang* climat*"" OR (""increase* temperature*"" OR ""thermal alteration"" OR ""global warming"") OR (chang* AND precipitation*) OR ((extreme OR severe) AND (weather OR temperature OR precipitation OR climat*)) OR heatwave* OR drought* OR storm* OR flood* OR (UV OR ultraviolet) OR ""sea level rise"" OR ""soil salinization"" OR (""habitat shift*"" AND climate) OR (""habitat alteration"" AND climate) OR ((consumptive OR human OR agricultural) AND ""water stress"")))) AND (que*bec OR canada OR montr*al or Saint-Lawrence or Bas-Saint-Laurent or Saguenay or Lac-Saint-Jean  or Capitale-Nationale or Mauricie or Estrie or Outaouais or Abitibi-T*miscamingue or C*te-Nord or Nord-du-Qu*bec or Gasp*sie–*les-de-la-Madeleine or Chaudi*re-Appalaches or Laval or Lanaudi*re or Laurentides or Mont*r*gie or Centre-du-Qu*bec))"
Land/sea use change,Climate change,"(((""land use chang*"" OR ""land cover chang*"" OR ""land* system* chang*"" OR ""land* chang*"" OR ""land* degradation"" OR ""land* conversion"" OR ""land management"") OR ((marine OR ocean OR sea*) AND use AND change*) OR (""habitat loss*"" OR ""habitat degradation*"" OR ""habitat chang*"" OR ""habitat conversion"" OR ""habitat modification*"" OR ""habitat fragmentation"" OR ""habitat management"") OR (biofuel* OR biogas*) OR ((residential OR urban* OR cities OR housing OR commercial OR industrial OR touris* OR recreation*) AND (extent OR area OR cover* OR proportion* OR percentage*) AND (develop* OR expan* OR increas*)) OR (deforestation OR afforestation OR ""wood plantation*"" OR ""forest* plantation*"" OR ""pulp* plantation*"") OR ((aquaculture* OR agricultur* OR crop* OR ""cultivated area*"" OR farmland OR pasture) AND (develop* OR expan* OR increas* OR intensification OR extensification OR abandon* OR chang*)) OR (livestock AND (farm* OR ranch* OR graz* OR densit*)) OR (energy AND (drill* OR min* OR quarry*)) OR (((transport* OR service) AND (network* OR corridor* OR infrastructure*)) OR road* OR rail* OR ""ship* lane*"" OR ""flight path*"") OR (""system* modification*"" OR (dams OR (water AND (management OR use)))))) AND ((""climat* change"" OR ""chang* climat*"" OR (""increase* temperature*"" OR ""thermal alteration"" OR ""global warming"") OR (chang* AND precipitation*) OR ((extreme OR severe) AND (weather OR temperature OR precipitation OR climat*)) OR heatwave* OR drought* OR storm* OR flood* OR (UV OR ultraviolet) OR ""sea level rise"" OR ""soil salinization"" OR (""habitat shift*"" AND climate) OR (""habitat alteration"" AND climate) OR ((consumptive OR human OR agricultural) AND ""water stress"")))",Ecosystem function,NA,"(""ecosystem function"" OR ""net primary productivity"" OR ""secondary productivity"" OR ""nutrient retention"" OR ""disturbance regime"" OR ""carbon sequestration"")","TS=(((""ecosystem function"" OR ""net primary productivity"" OR ""secondary productivity"" OR ""nutrient retention"" OR ""disturbance regime"" OR ""carbon sequestration"")) AND ((((""land use chang*"" OR ""land cover chang*"" OR ""land* system* chang*"" OR ""land* chang*"" OR ""land* degradation"" OR ""land* conversion"" OR ""land management"") OR ((marine OR ocean OR sea*) AND use AND change*) OR (""habitat loss*"" OR ""habitat degradation*"" OR ""habitat chang*"" OR ""habitat conversion"" OR ""habitat modification*"" OR ""habitat fragmentation"" OR ""habitat management"") OR (biofuel* OR biogas*) OR ((residential OR urban* OR cities OR housing OR commercial OR industrial OR touris* OR recreation*) AND (extent OR area OR cover* OR proportion* OR percentage*) AND (develop* OR expan* OR increas*)) OR (deforestation OR afforestation OR ""wood plantation*"" OR ""forest* plantation*"" OR ""pulp* plantation*"") OR ((aquaculture* OR agricultur* OR crop* OR ""cultivated area*"" OR farmland OR pasture) AND (develop* OR expan* OR increas* OR intensification OR extensification OR abandon* OR chang*)) OR (livestock AND (farm* OR ranch* OR graz* OR densit*)) OR (energy AND (drill* OR min* OR quarry*)) OR (((transport* OR service) AND (network* OR corridor* OR infrastructure*)) OR road* OR rail* OR ""ship* lane*"" OR ""flight path*"") OR (""system* modification*"" OR (dams OR (water AND (management OR use)))))) AND ((""climat* change"" OR ""chang* climat*"" OR (""increase* temperature*"" OR ""thermal alteration"" OR ""global warming"") OR (chang* AND precipitation*) OR ((extreme OR severe) AND (weather OR temperature OR precipitation OR climat*)) OR heatwave* OR drought* OR storm* OR flood* OR (UV OR ultraviolet) OR ""sea level rise"" OR ""soil salinization"" OR (""habitat shift*"" AND climate) OR (""habitat alteration"" AND climate) OR ((consumptive OR human OR agricultural) AND ""water stress"")))) AND (que*bec OR canada OR montr*al or Saint-Lawrence or Bas-Saint-Laurent or Saguenay or Lac-Saint-Jean  or Capitale-Nationale or Mauricie or Estrie or Outaouais or Abitibi-T*miscamingue or C*te-Nord or Nord-du-Qu*bec or Gasp*sie–*les-de-la-Madeleine or Chaudi*re-Appalaches or Laval or Lanaudi*re or Laurentides or Mont*r*gie or Centre-du-Qu*bec))"
Land/sea use change,Climate change,"(((""land use chang*"" OR ""land cover chang*"" OR ""land* system* chang*"" OR ""land* chang*"" OR ""land* degradation"" OR ""land* conversion"" OR ""land management"") OR ((marine OR ocean OR sea*) AND use AND change*) OR (""habitat loss*"" OR ""habitat degradation*"" OR ""habitat chang*"" OR ""habitat conversion"" OR ""habitat modification*"" OR ""habitat fragmentation"" OR ""habitat management"") OR (biofuel* OR biogas*) OR ((residential OR urban* OR cities OR housing OR commercial OR industrial OR touris* OR recreation*) AND (extent OR area OR cover* OR proportion* OR percentage*) AND (develop* OR expan* OR increas*)) OR (deforestation OR afforestation OR ""wood plantation*"" OR ""forest* plantation*"" OR ""pulp* plantation*"") OR ((aquaculture* OR agricultur* OR crop* OR ""cultivated area*"" OR farmland OR pasture) AND (develop* OR expan* OR increas* OR intensification OR extensification OR abandon* OR chang*)) OR (livestock AND (farm* OR ranch* OR graz* OR densit*)) OR (energy AND (drill* OR min* OR quarry*)) OR (((transport* OR service) AND (network* OR corridor* OR infrastructure*)) OR road* OR rail* OR ""ship* lane*"" OR ""flight path*"") OR (""system* modification*"" OR (dams OR (water AND (management OR use)))))) AND ((""climat* change"" OR ""chang* climat*"" OR (""increase* temperature*"" OR ""thermal alteration"" OR ""global warming"") OR (chang* AND precipitation*) OR ((extreme OR severe) AND (weather OR temperature OR precipitation OR climat*)) OR heatwave* OR drought* OR storm* OR flood* OR (UV OR ultraviolet) OR ""sea level rise"" OR ""soil salinization"" OR (""habitat shift*"" AND climate) OR (""habitat alteration"" AND climate) OR ((consumptive OR human OR agricultural) AND ""water stress"")))",Ecosystem structure,NA,"(""ecosystem* structure"" OR ""habitat structure"" OR ((ecosystem OR habitat*) AND ((extent OR area OR coverage OR proportion) AND fragmentation)) OR ((ecosystem OR landscape) AND composition AND ""functional type""))","TS=(((""ecosystem* structure"" OR ""habitat structure"" OR ((ecosystem OR habitat*) AND ((extent OR area OR coverage OR proportion) AND fragmentation)) OR ((ecosystem OR landscape) AND composition AND ""functional type""))) AND ((((""land use chang*"" OR ""land cover chang*"" OR ""land* system* chang*"" OR ""land* chang*"" OR ""land* degradation"" OR ""land* conversion"" OR ""land management"") OR ((marine OR ocean OR sea*) AND use AND change*) OR (""habitat loss*"" OR ""habitat degradation*"" OR ""habitat chang*"" OR ""habitat conversion"" OR ""habitat modification*"" OR ""habitat fragmentation"" OR ""habitat management"") OR (biofuel* OR biogas*) OR ((residential OR urban* OR cities OR housing OR commercial OR industrial OR touris* OR recreation*) AND (extent OR area OR cover* OR proportion* OR percentage*) AND (develop* OR expan* OR increas*)) OR (deforestation OR afforestation OR ""wood plantation*"" OR ""forest* plantation*"" OR ""pulp* plantation*"") OR ((aquaculture* OR agricultur* OR crop* OR ""cultivated area*"" OR farmland OR pasture) AND (develop* OR expan* OR increas* OR intensification OR extensification OR abandon* OR chang*)) OR (livestock AND (farm* OR ranch* OR graz* OR densit*)) OR (energy AND (drill* OR min* OR quarry*)) OR (((transport* OR service) AND (network* OR corridor* OR infrastructure*)) OR road* OR rail* OR ""ship* lane*"" OR ""flight path*"") OR (""system* modification*"" OR (dams OR (water AND (management OR use)))))) AND ((""climat* change"" OR ""chang* climat*"" OR (""increase* temperature*"" OR ""thermal alteration"" OR ""global warming"") OR (chang* AND precipitation*) OR ((extreme OR severe) AND (weather OR temperature OR precipitation OR climat*)) OR heatwave* OR drought* OR storm* OR flood* OR (UV OR ultraviolet) OR ""sea level rise"" OR ""soil salinization"" OR (""habitat shift*"" AND climate) OR (""habitat alteration"" AND climate) OR ((consumptive OR human OR agricultural) AND ""water stress"")))) AND (que*bec OR canada OR montr*al or Saint-Lawrence or Bas-Saint-Laurent or Saguenay or Lac-Saint-Jean  or Capitale-Nationale or Mauricie or Estrie or Outaouais or Abitibi-T*miscamingue or C*te-Nord or Nord-du-Qu*bec or Gasp*sie–*les-de-la-Madeleine or Chaudi*re-Appalaches or Laval or Lanaudi*re or Laurentides or Mont*r*gie or Centre-du-Qu*bec))"
Land/sea use change,Climate change,"(((""land use chang*"" OR ""land cover chang*"" OR ""land* system* chang*"" OR ""land* chang*"" OR ""land* degradation"" OR ""land* conversion"" OR ""land management"") OR ((marine OR ocean OR sea*) AND use AND change*) OR (""habitat loss*"" OR ""habitat degradation*"" OR ""habitat chang*"" OR ""habitat conversion"" OR ""habitat modification*"" OR ""habitat fragmentation"" OR ""habitat management"") OR (biofuel* OR biogas*) OR ((residential OR urban* OR cities OR housing OR commercial OR industrial OR touris* OR recreation*) AND (extent OR area OR cover* OR proportion* OR percentage*) AND (develop* OR expan* OR increas*)) OR (deforestation OR afforestation OR ""wood plantation*"" OR ""forest* plantation*"" OR ""pulp* plantation*"") OR ((aquaculture* OR agricultur* OR crop* OR ""cultivated area*"" OR farmland OR pasture) AND (develop* OR expan* OR increas* OR intensification OR extensification OR abandon* OR chang*)) OR (livestock AND (farm* OR ranch* OR graz* OR densit*)) OR (energy AND (drill* OR min* OR quarry*)) OR (((transport* OR service) AND (network* OR corridor* OR infrastructure*)) OR road* OR rail* OR ""ship* lane*"" OR ""flight path*"") OR (""system* modification*"" OR (dams OR (water AND (management OR use)))))) AND ((""climat* change"" OR ""chang* climat*"" OR (""increase* temperature*"" OR ""thermal alteration"" OR ""global warming"") OR (chang* AND precipitation*) OR ((extreme OR severe) AND (weather OR temperature OR precipitation OR climat*)) OR heatwave* OR drought* OR storm* OR flood* OR (UV OR ultraviolet) OR ""sea level rise"" OR ""soil salinization"" OR (""habitat shift*"" AND climate) OR (""habitat alteration"" AND climate) OR ((consumptive OR human OR agricultural) AND ""water stress"")))",Genetic composition,NA,"(""genetic* composition"" OR (co-ancestr* OR coancestr) OR ""allel diversit"" OR ""phylogenetic diversit"" OR (""population diversit"" OR (population AND ""genetic differen"")) OR ((breed OR variet) AND diversit) OR ""intra-specific diversit"" OR ""genetic diversit"" OR ""genetic variation"")","TS=(((""genetic* composition"" OR (co-ancestr* OR coancestr) OR ""allel diversit"" OR ""phylogenetic diversit"" OR (""population diversit"" OR (population AND ""genetic differen"")) OR ((breed OR variet) AND diversit) OR ""intra-specific diversit"" OR ""genetic diversit"" OR ""genetic variation"")) AND ((((""land use chang*"" OR ""land cover chang*"" OR ""land* system* chang*"" OR ""land* chang*"" OR ""land* degradation"" OR ""land* conversion"" OR ""land management"") OR ((marine OR ocean OR sea*) AND use AND change*) OR (""habitat loss*"" OR ""habitat degradation*"" OR ""habitat chang*"" OR ""habitat conversion"" OR ""habitat modification*"" OR ""habitat fragmentation"" OR ""habitat management"") OR (biofuel* OR biogas*) OR ((residential OR urban* OR cities OR housing OR commercial OR industrial OR touris* OR recreation*) AND (extent OR area OR cover* OR proportion* OR percentage*) AND (develop* OR expan* OR increas*)) OR (deforestation OR afforestation OR ""wood plantation*"" OR ""forest* plantation*"" OR ""pulp* plantation*"") OR ((aquaculture* OR agricultur* OR crop* OR ""cultivated area*"" OR farmland OR pasture) AND (develop* OR expan* OR increas* OR intensification OR extensification OR abandon* OR chang*)) OR (livestock AND (farm* OR ranch* OR graz* OR densit*)) OR (energy AND (drill* OR min* OR quarry*)) OR (((transport* OR service) AND (network* OR corridor* OR infrastructure*)) OR road* OR rail* OR ""ship* lane*"" OR ""flight path*"") OR (""system* modification*"" OR (dams OR (water AND (management OR use)))))) AND ((""climat* change"" OR ""chang* climat*"" OR (""increase* temperature*"" OR ""thermal alteration"" OR ""global warming"") OR (chang* AND precipitation*) OR ((extreme OR severe) AND (weather OR temperature OR precipitation OR climat*)) OR heatwave* OR drought* OR storm* OR flood* OR (UV OR ultraviolet) OR ""sea level rise"" OR ""soil salinization"" OR (""habitat shift*"" AND climate) OR (""habitat alteration"" AND climate) OR ((consumptive OR human OR agricultural) AND ""water stress"")))) AND (que*bec OR canada OR montr*al or Saint-Lawrence or Bas-Saint-Laurent or Saguenay or Lac-Saint-Jean  or Capitale-Nationale or Mauricie or Estrie or Outaouais or Abitibi-T*miscamingue or C*te-Nord or Nord-du-Qu*bec or Gasp*sie–*les-de-la-Madeleine or Chaudi*re-Appalaches or Laval or Lanaudi*re or Laurentides or Mont*r*gie or Centre-du-Qu*bec))"
Land/sea use change,Climate change,"(((""land use chang*"" OR ""land cover chang*"" OR ""land* system* chang*"" OR ""land* chang*"" OR ""land* degradation"" OR ""land* conversion"" OR ""land management"") OR ((marine OR ocean OR sea*) AND use AND change*) OR (""habitat loss*"" OR ""habitat degradation*"" OR ""habitat chang*"" OR ""habitat conversion"" OR ""habitat modification*"" OR ""habitat fragmentation"" OR ""habitat management"") OR (biofuel* OR biogas*) OR ((residential OR urban* OR cities OR housing OR commercial OR industrial OR touris* OR recreation*) AND (extent OR area OR cover* OR proportion* OR percentage*) AND (develop* OR expan* OR increas*)) OR (deforestation OR afforestation OR ""wood plantation*"" OR ""forest* plantation*"" OR ""pulp* plantation*"") OR ((aquaculture* OR agricultur* OR crop* OR ""cultivated area*"" OR farmland OR pasture) AND (develop* OR expan* OR increas* OR intensification OR extensification OR abandon* OR chang*)) OR (livestock AND (farm* OR ranch* OR graz* OR densit*)) OR (energy AND (drill* OR min* OR quarry*)) OR (((transport* OR service) AND (network* OR corridor* OR infrastructure*)) OR road* OR rail* OR ""ship* lane*"" OR ""flight path*"") OR (""system* modification*"" OR (dams OR (water AND (management OR use)))))) AND ((""climat* change"" OR ""chang* climat*"" OR (""increase* temperature*"" OR ""thermal alteration"" OR ""global warming"") OR (chang* AND precipitation*) OR ((extreme OR severe) AND (weather OR temperature OR precipitation OR climat*)) OR heatwave* OR drought* OR storm* OR flood* OR (UV OR ultraviolet) OR ""sea level rise"" OR ""soil salinization"" OR (""habitat shift*"" AND climate) OR (""habitat alteration"" AND climate) OR ((consumptive OR human OR agricultural) AND ""water stress"")))",Species populations,NA,(species OR population) AND ((distribution OR range) OR (abundance OR size* OR densit* OR demograph* OR dynamic* OR reproduct* OR surviv* OR growth OR persistence OR viab*) OR (structure AND (age OR size))),"TS=(((species OR population) AND ((distribution OR range) OR (abundance OR size* OR densit* OR demograph* OR dynamic* OR reproduct* OR surviv* OR growth OR persistence OR viab*) OR (structure AND (age OR size)))) AND ((((""land use chang*"" OR ""land cover chang*"" OR ""land* system* chang*"" OR ""land* chang*"" OR ""land* degradation"" OR ""land* conversion"" OR ""land management"") OR ((marine OR ocean OR sea*) AND use AND change*) OR (""habitat loss*"" OR ""habitat degradation*"" OR ""habitat chang*"" OR ""habitat conversion"" OR ""habitat modification*"" OR ""habitat fragmentation"" OR ""habitat management"") OR (biofuel* OR biogas*) OR ((residential OR urban* OR cities OR housing OR commercial OR industrial OR touris* OR recreation*) AND (extent OR area OR cover* OR proportion* OR percentage*) AND (develop* OR expan* OR increas*)) OR (deforestation OR afforestation OR ""wood plantation*"" OR ""forest* plantation*"" OR ""pulp* plantation*"") OR ((aquaculture* OR agricultur* OR crop* OR ""cultivated area*"" OR farmland OR pasture) AND (develop* OR expan* OR increas* OR intensification OR extensification OR abandon* OR chang*)) OR (livestock AND (farm* OR ranch* OR graz* OR densit*)) OR (energy AND (drill* OR min* OR quarry*)) OR (((transport* OR service) AND (network* OR corridor* OR infrastructure*)) OR road* OR rail* OR ""ship* lane*"" OR ""flight path*"") OR (""system* modification*"" OR (dams OR (water AND (management OR use)))))) AND ((""climat* change"" OR ""chang* climat*"" OR (""increase* temperature*"" OR ""thermal alteration"" OR ""global warming"") OR (chang* AND precipitation*) OR ((extreme OR severe) AND (weather OR temperature OR precipitation OR climat*)) OR heatwave* OR drought* OR storm* OR flood* OR (UV OR ultraviolet) OR ""sea level rise"" OR ""soil salinization"" OR (""habitat shift*"" AND climate) OR (""habitat alteration"" AND climate) OR ((consumptive OR human OR agricultural) AND ""water stress"")))) AND (que*bec OR canada OR montr*al or Saint-Lawrence or Bas-Saint-Laurent or Saguenay or Lac-Saint-Jean  or Capitale-Nationale or Mauricie or Estrie or Outaouais or Abitibi-T*miscamingue or C*te-Nord or Nord-du-Qu*bec or Gasp*sie–*les-de-la-Madeleine or Chaudi*re-Appalaches or Laval or Lanaudi*re or Laurentides or Mont*r*gie or Centre-du-Qu*bec))"
Land/sea use change,Climate change,"(((""land use chang*"" OR ""land cover chang*"" OR ""land* system* chang*"" OR ""land* chang*"" OR ""land* degradation"" OR ""land* conversion"" OR ""land management"") OR ((marine OR ocean OR sea*) AND use AND change*) OR (""habitat loss*"" OR ""habitat degradation*"" OR ""habitat chang*"" OR ""habitat conversion"" OR ""habitat modification*"" OR ""habitat fragmentation"" OR ""habitat management"") OR (biofuel* OR biogas*) OR ((residential OR urban* OR cities OR housing OR commercial OR industrial OR touris* OR recreation*) AND (extent OR area OR cover* OR proportion* OR percentage*) AND (develop* OR expan* OR increas*)) OR (deforestation OR afforestation OR ""wood plantation*"" OR ""forest* plantation*"" OR ""pulp* plantation*"") OR ((aquaculture* OR agricultur* OR crop* OR ""cultivated area*"" OR farmland OR pasture) AND (develop* OR expan* OR increas* OR intensification OR extensification OR abandon* OR chang*)) OR (livestock AND (farm* OR ranch* OR graz* OR densit*)) OR (energy AND (drill* OR min* OR quarry*)) OR (((transport* OR service) AND (network* OR corridor* OR infrastructure*)) OR road* OR rail* OR ""ship* lane*"" OR ""flight path*"") OR (""system* modification*"" OR (dams OR (water AND (management OR use)))))) AND ((""climat* change"" OR ""chang* climat*"" OR (""increase* temperature*"" OR ""thermal alteration"" OR ""global warming"") OR (chang* AND precipitation*) OR ((extreme OR severe) AND (weather OR temperature OR precipitation OR climat*)) OR heatwave* OR drought* OR storm* OR flood* OR (UV OR ultraviolet) OR ""sea level rise"" OR ""soil salinization"" OR (""habitat shift*"" AND climate) OR (""habitat alteration"" AND climate) OR ((consumptive OR human OR agricultural) AND ""water stress"")))",Species traits,NA,"((""ecological trait"" OR ""biological trait"" OR ""species trait"") OR (""body mass"" OR ""body size"") OR ""natal dispers"" OR ((migrat* OR dispers* OR demograph* OR physiolog* OR life-history* OR phenolog) AND (trait OR behav* OR attribute OR feature)))","TS=((((""ecological trait"" OR ""biological trait"" OR ""species trait"") OR (""body mass"" OR ""body size"") OR ""natal dispers"" OR ((migrat* OR dispers* OR demograph* OR physiolog* OR life-history* OR phenolog) AND (trait OR behav* OR attribute OR feature)))) AND ((((""land use chang*"" OR ""land cover chang*"" OR ""land* system* chang*"" OR ""land* chang*"" OR ""land* degradation"" OR ""land* conversion"" OR ""land management"") OR ((marine OR ocean OR sea*) AND use AND change*) OR (""habitat loss*"" OR ""habitat degradation*"" OR ""habitat chang*"" OR ""habitat conversion"" OR ""habitat modification*"" OR ""habitat fragmentation"" OR ""habitat management"") OR (biofuel* OR biogas*) OR ((residential OR urban* OR cities OR housing OR commercial OR industrial OR touris* OR recreation*) AND (extent OR area OR cover* OR proportion* OR percentage*) AND (develop* OR expan* OR increas*)) OR (deforestation OR afforestation OR ""wood plantation*"" OR ""forest* plantation*"" OR ""pulp* plantation*"") OR ((aquaculture* OR agricultur* OR crop* OR ""cultivated area*"" OR farmland OR pasture) AND (develop* OR expan* OR increas* OR intensification OR extensification OR abandon* OR chang*)) OR (livestock AND (farm* OR ranch* OR graz* OR densit*)) OR (energy AND (drill* OR min* OR quarry*)) OR (((transport* OR service) AND (network* OR corridor* OR infrastructure*)) OR road* OR rail* OR ""ship* lane*"" OR ""flight path*"") OR (""system* modification*"" OR (dams OR (water AND (management OR use)))))) AND ((""climat* change"" OR ""chang* climat*"" OR (""increase* temperature*"" OR ""thermal alteration"" OR ""global warming"") OR (chang* AND precipitation*) OR ((extreme OR severe) AND (weather OR temperature OR precipitation OR climat*)) OR heatwave* OR drought* OR storm* OR flood* OR (UV OR ultraviolet) OR ""sea level rise"" OR ""soil salinization"" OR (""habitat shift*"" AND climate) OR (""habitat alteration"" AND climate) OR ((consumptive OR human OR agricultural) AND ""water stress"")))) AND (que*bec OR canada OR montr*al or Saint-Lawrence or Bas-Saint-Laurent or Saguenay or Lac-Saint-Jean  or Capitale-Nationale or Mauricie or Estrie or Outaouais or Abitibi-T*miscamingue or C*te-Nord or Nord-du-Qu*bec or Gasp*sie–*les-de-la-Madeleine or Chaudi*re-Appalaches or Laval or Lanaudi*re or Laurentides or Mont*r*gie or Centre-du-Qu*bec))"
Land/sea use change,Climate change,"(((""land use chang*"" OR ""land cover chang*"" OR ""land* system* chang*"" OR ""land* chang*"" OR ""land* degradation"" OR ""land* conversion"" OR ""land management"") OR ((marine OR ocean OR sea*) AND use AND change*) OR (""habitat loss*"" OR ""habitat degradation*"" OR ""habitat chang*"" OR ""habitat conversion"" OR ""habitat modification*"" OR ""habitat fragmentation"" OR ""habitat management"") OR (biofuel* OR biogas*) OR ((residential OR urban* OR cities OR housing OR commercial OR industrial OR touris* OR recreation*) AND (extent OR area OR cover* OR proportion* OR percentage*) AND (develop* OR expan* OR increas*)) OR (deforestation OR afforestation OR ""wood plantation*"" OR ""forest* plantation*"" OR ""pulp* plantation*"") OR ((aquaculture* OR agricultur* OR crop* OR ""cultivated area*"" OR farmland OR pasture) AND (develop* OR expan* OR increas* OR intensification OR extensification OR abandon* OR chang*)) OR (livestock AND (farm* OR ranch* OR graz* OR densit*)) OR (energy AND (drill* OR min* OR quarry*)) OR (((transport* OR service) AND (network* OR corridor* OR infrastructure*)) OR road* OR rail* OR ""ship* lane*"" OR ""flight path*"") OR (""system* modification*"" OR (dams OR (water AND (management OR use)))))) AND ((""climat* change"" OR ""chang* climat*"" OR (""increase* temperature*"" OR ""thermal alteration"" OR ""global warming"") OR (chang* AND precipitation*) OR ((extreme OR severe) AND (weather OR temperature OR precipitation OR climat*)) OR heatwave* OR drought* OR storm* OR flood* OR (UV OR ultraviolet) OR ""sea level rise"" OR ""soil salinization"" OR (""habitat shift*"" AND climate) OR (""habitat alteration"" AND climate) OR ((consumptive OR human OR agricultural) AND ""water stress"")))",Community composition,Global bird species richness,"(global OR world*) AND bird* AND ""species richness""","TS=(((global OR world*) AND bird* AND ""species richness"") AND ((((""land use chang*"" OR ""land cover chang*"" OR ""land* system* chang*"" OR ""land* chang*"" OR ""land* degradation"" OR ""land* conversion"" OR ""land management"") OR ((marine OR ocean OR sea*) AND use AND change*) OR (""habitat loss*"" OR ""habitat degradation*"" OR ""habitat chang*"" OR ""habitat conversion"" OR ""habitat modification*"" OR ""habitat fragmentation"" OR ""habitat management"") OR (biofuel* OR biogas*) OR ((residential OR urban* OR cities OR housing OR commercial OR industrial OR touris* OR recreation*) AND (extent OR area OR cover* OR proportion* OR percentage*) AND (develop* OR expan* OR increas*)) OR (deforestation OR afforestation OR ""wood plantation*"" OR ""forest* plantation*"" OR ""pulp* plantation*"") OR ((aquaculture* OR agricultur* OR crop* OR ""cultivated area*"" OR farmland OR pasture) AND (develop* OR expan* OR increas* OR intensification OR extensification OR abandon* OR chang*)) OR (livestock AND (farm* OR ranch* OR graz* OR densit*)) OR (energy AND (drill* OR min* OR quarry*)) OR (((transport* OR service) AND (network* OR corridor* OR infrastructure*)) OR road* OR rail* OR ""ship* lane*"" OR ""flight path*"") OR (""system* modification*"" OR (dams OR (water AND (management OR use)))))) AND ((""climat* change"" OR ""chang* climat*"" OR (""increase* temperature*"" OR ""thermal alteration"" OR ""global warming"") OR (chang* AND precipitation*) OR ((extreme OR severe) AND (weather OR temperature OR precipitation OR climat*)) OR heatwave* OR drought* OR storm* OR flood* OR (UV OR ultraviolet) OR ""sea level rise"" OR ""soil salinization"" OR (""habitat shift*"" AND climate) OR (""habitat alteration"" AND climate) OR ((consumptive OR human OR agricultural) AND ""water stress"")))) AND (que*bec OR canada OR montr*al or Saint-Lawrence or Bas-Saint-Laurent or Saguenay or Lac-Saint-Jean  or Capitale-Nationale or Mauricie or Estrie or Outaouais or Abitibi-T*miscamingue or C*te-Nord or Nord-du-Qu*bec or Gasp*sie–*les-de-la-Madeleine or Chaudi*re-Appalaches or Laval or Lanaudi*re or Laurentides or Mont*r*gie or Centre-du-Qu*bec))"
Land/sea use change,Climate change,"(((""land use chang*"" OR ""land cover chang*"" OR ""land* system* chang*"" OR ""land* chang*"" OR ""land* degradation"" OR ""land* conversion"" OR ""land management"") OR ((marine OR ocean OR sea*) AND use AND change*) OR (""habitat loss*"" OR ""habitat degradation*"" OR ""habitat chang*"" OR ""habitat conversion"" OR ""habitat modification*"" OR ""habitat fragmentation"" OR ""habitat management"") OR (biofuel* OR biogas*) OR ((residential OR urban* OR cities OR housing OR commercial OR industrial OR touris* OR recreation*) AND (extent OR area OR cover* OR proportion* OR percentage*) AND (develop* OR expan* OR increas*)) OR (deforestation OR afforestation OR ""wood plantation*"" OR ""forest* plantation*"" OR ""pulp* plantation*"") OR ((aquaculture* OR agricultur* OR crop* OR ""cultivated area*"" OR farmland OR pasture) AND (develop* OR expan* OR increas* OR intensification OR extensification OR abandon* OR chang*)) OR (livestock AND (farm* OR ranch* OR graz* OR densit*)) OR (energy AND (drill* OR min* OR quarry*)) OR (((transport* OR service) AND (network* OR corridor* OR infrastructure*)) OR road* OR rail* OR ""ship* lane*"" OR ""flight path*"") OR (""system* modification*"" OR (dams OR (water AND (management OR use)))))) AND ((""climat* change"" OR ""chang* climat*"" OR (""increase* temperature*"" OR ""thermal alteration"" OR ""global warming"") OR (chang* AND precipitation*) OR ((extreme OR severe) AND (weather OR temperature OR precipitation OR climat*)) OR heatwave* OR drought* OR storm* OR flood* OR (UV OR ultraviolet) OR ""sea level rise"" OR ""soil salinization"" OR (""habitat shift*"" AND climate) OR (""habitat alteration"" AND climate) OR ((consumptive OR human OR agricultural) AND ""water stress"")))",Community composition,Local species richness,"((species OR assemblage*) AND (richness OR diversit*) AND (local OR location* OR sample*)) AND (global OR world*) AND (""time series"" OR ""time-series"" OR temporal)","TS=((((species OR assemblage*) AND (richness OR diversit*) AND (local OR location* OR sample*)) AND (global OR world*) AND (""time series"" OR ""time-series"" OR temporal)) AND ((((""land use chang*"" OR ""land cover chang*"" OR ""land* system* chang*"" OR ""land* chang*"" OR ""land* degradation"" OR ""land* conversion"" OR ""land management"") OR ((marine OR ocean OR sea*) AND use AND change*) OR (""habitat loss*"" OR ""habitat degradation*"" OR ""habitat chang*"" OR ""habitat conversion"" OR ""habitat modification*"" OR ""habitat fragmentation"" OR ""habitat management"") OR (biofuel* OR biogas*) OR ((residential OR urban* OR cities OR housing OR commercial OR industrial OR touris* OR recreation*) AND (extent OR area OR cover* OR proportion* OR percentage*) AND (develop* OR expan* OR increas*)) OR (deforestation OR afforestation OR ""wood plantation*"" OR ""forest* plantation*"" OR ""pulp* plantation*"") OR ((aquaculture* OR agricultur* OR crop* OR ""cultivated area*"" OR farmland OR pasture) AND (develop* OR expan* OR increas* OR intensification OR extensification OR abandon* OR chang*)) OR (livestock AND (farm* OR ranch* OR graz* OR densit*)) OR (energy AND (drill* OR min* OR quarry*)) OR (((transport* OR service) AND (network* OR corridor* OR infrastructure*)) OR road* OR rail* OR ""ship* lane*"" OR ""flight path*"") OR (""system* modification*"" OR (dams OR (water AND (management OR use)))))) AND ((""climat* change"" OR ""chang* climat*"" OR (""increase* temperature*"" OR ""thermal alteration"" OR ""global warming"") OR (chang* AND precipitation*) OR ((extreme OR severe) AND (weather OR temperature OR precipitation OR climat*)) OR heatwave* OR drought* OR storm* OR flood* OR (UV OR ultraviolet) OR ""sea level rise"" OR ""soil salinization"" OR (""habitat shift*"" AND climate) OR (""habitat alteration"" AND climate) OR ((consumptive OR human OR agricultural) AND ""water stress"")))) AND (que*bec OR canada OR montr*al or Saint-Lawrence or Bas-Saint-Laurent or Saguenay or Lac-Saint-Jean  or Capitale-Nationale or Mauricie or Estrie or Outaouais or Abitibi-T*miscamingue or C*te-Nord or Nord-du-Qu*bec or Gasp*sie–*les-de-la-Madeleine or Chaudi*re-Appalaches or Laval or Lanaudi*re or Laurentides or Mont*r*gie or Centre-du-Qu*bec))"
Land/sea use change,Climate change,"(((""land use chang*"" OR ""land cover chang*"" OR ""land* system* chang*"" OR ""land* chang*"" OR ""land* degradation"" OR ""land* conversion"" OR ""land management"") OR ((marine OR ocean OR sea*) AND use AND change*) OR (""habitat loss*"" OR ""habitat degradation*"" OR ""habitat chang*"" OR ""habitat conversion"" OR ""habitat modification*"" OR ""habitat fragmentation"" OR ""habitat management"") OR (biofuel* OR biogas*) OR ((residential OR urban* OR cities OR housing OR commercial OR industrial OR touris* OR recreation*) AND (extent OR area OR cover* OR proportion* OR percentage*) AND (develop* OR expan* OR increas*)) OR (deforestation OR afforestation OR ""wood plantation*"" OR ""forest* plantation*"" OR ""pulp* plantation*"") OR ((aquaculture* OR agricultur* OR crop* OR ""cultivated area*"" OR farmland OR pasture) AND (develop* OR expan* OR increas* OR intensification OR extensification OR abandon* OR chang*)) OR (livestock AND (farm* OR ranch* OR graz* OR densit*)) OR (energy AND (drill* OR min* OR quarry*)) OR (((transport* OR service) AND (network* OR corridor* OR infrastructure*)) OR road* OR rail* OR ""ship* lane*"" OR ""flight path*"") OR (""system* modification*"" OR (dams OR (water AND (management OR use)))))) AND ((""climat* change"" OR ""chang* climat*"" OR (""increase* temperature*"" OR ""thermal alteration"" OR ""global warming"") OR (chang* AND precipitation*) OR ((extreme OR severe) AND (weather OR temperature OR precipitation OR climat*)) OR heatwave* OR drought* OR storm* OR flood* OR (UV OR ultraviolet) OR ""sea level rise"" OR ""soil salinization"" OR (""habitat shift*"" AND climate) OR (""habitat alteration"" AND climate) OR ((consumptive OR human OR agricultural) AND ""water stress"")))",Community composition,Local species turnover,"((species OR assemblage*) AND (turnover OR (composition* AND (change OR similarit*))) AND (local OR location* OR sample*)) AND (global OR world*) AND (""time series"" OR ""time-series"" OR temporal)","TS=((((species OR assemblage*) AND (turnover OR (composition* AND (change OR similarit*))) AND (local OR location* OR sample*)) AND (global OR world*) AND (""time series"" OR ""time-series"" OR temporal)) AND ((((""land use chang*"" OR ""land cover chang*"" OR ""land* system* chang*"" OR ""land* chang*"" OR ""land* degradation"" OR ""land* conversion"" OR ""land management"") OR ((marine OR ocean OR sea*) AND use AND change*) OR (""habitat loss*"" OR ""habitat degradation*"" OR ""habitat chang*"" OR ""habitat conversion"" OR ""habitat modification*"" OR ""habitat fragmentation"" OR ""habitat management"") OR (biofuel* OR biogas*) OR ((residential OR urban* OR cities OR housing OR commercial OR industrial OR touris* OR recreation*) AND (extent OR area OR cover* OR proportion* OR percentage*) AND (develop* OR expan* OR increas*)) OR (deforestation OR afforestation OR ""wood plantation*"" OR ""forest* plantation*"" OR ""pulp* plantation*"") OR ((aquaculture* OR agricultur* OR crop* OR ""cultivated area*"" OR farmland OR pasture) AND (develop* OR expan* OR increas* OR intensification OR extensification OR abandon* OR chang*)) OR (livestock AND (farm* OR ranch* OR graz* OR densit*)) OR (energy AND (drill* OR min* OR quarry*)) OR (((transport* OR service) AND (network* OR corridor* OR infrastructure*)) OR road* OR rail* OR ""ship* lane*"" OR ""flight path*"") OR (""system* modification*"" OR (dams OR (water AND (management OR use)))))) AND ((""climat* change"" OR ""chang* climat*"" OR (""increase* temperature*"" OR ""thermal alteration"" OR ""global warming"") OR (chang* AND precipitation*) OR ((extreme OR severe) AND (weather OR temperature OR precipitation OR climat*)) OR heatwave* OR drought* OR storm* OR flood* OR (UV OR ultraviolet) OR ""sea level rise"" OR ""soil salinization"" OR (""habitat shift*"" AND climate) OR (""habitat alteration"" AND climate) OR ((consumptive OR human OR agricultural) AND ""water stress"")))) AND (que*bec OR canada OR montr*al or Saint-Lawrence or Bas-Saint-Laurent or Saguenay or Lac-Saint-Jean  or Capitale-Nationale or Mauricie or Estrie or Outaouais or Abitibi-T*miscamingue or C*te-Nord or Nord-du-Qu*bec or Gasp*sie–*les-de-la-Madeleine or Chaudi*re-Appalaches or Laval or Lanaudi*re or Laurentides or Mont*r*gie or Centre-du-Qu*bec))"
Land/sea use change,Climate change,"(((""land use chang*"" OR ""land cover chang*"" OR ""land* system* chang*"" OR ""land* chang*"" OR ""land* degradation"" OR ""land* conversion"" OR ""land management"") OR ((marine OR ocean OR sea*) AND use AND change*) OR (""habitat loss*"" OR ""habitat degradation*"" OR ""habitat chang*"" OR ""habitat conversion"" OR ""habitat modification*"" OR ""habitat fragmentation"" OR ""habitat management"") OR (biofuel* OR biogas*) OR ((residential OR urban* OR cities OR housing OR commercial OR industrial OR touris* OR recreation*) AND (extent OR area OR cover* OR proportion* OR percentage*) AND (develop* OR expan* OR increas*)) OR (deforestation OR afforestation OR ""wood plantation*"" OR ""forest* plantation*"" OR ""pulp* plantation*"") OR ((aquaculture* OR agricultur* OR crop* OR ""cultivated area*"" OR farmland OR pasture) AND (develop* OR expan* OR increas* OR intensification OR extensification OR abandon* OR chang*)) OR (livestock AND (farm* OR ranch* OR graz* OR densit*)) OR (energy AND (drill* OR min* OR quarry*)) OR (((transport* OR service) AND (network* OR corridor* OR infrastructure*)) OR road* OR rail* OR ""ship* lane*"" OR ""flight path*"") OR (""system* modification*"" OR (dams OR (water AND (management OR use)))))) AND ((""climat* change"" OR ""chang* climat*"" OR (""increase* temperature*"" OR ""thermal alteration"" OR ""global warming"") OR (chang* AND precipitation*) OR ((extreme OR severe) AND (weather OR temperature OR precipitation OR climat*)) OR heatwave* OR drought* OR storm* OR flood* OR (UV OR ultraviolet) OR ""sea level rise"" OR ""soil salinization"" OR (""habitat shift*"" AND climate) OR (""habitat alteration"" AND climate) OR ((consumptive OR human OR agricultural) AND ""water stress"")))",Community composition,Mean species abundance,"""mean species abundance"" OR GLOBIO","TS=((""mean species abundance"" OR GLOBIO) AND ((((""land use chang*"" OR ""land cover chang*"" OR ""land* system* chang*"" OR ""land* chang*"" OR ""land* degradation"" OR ""land* conversion"" OR ""land management"") OR ((marine OR ocean OR sea*) AND use AND change*) OR (""habitat loss*"" OR ""habitat degradation*"" OR ""habitat chang*"" OR ""habitat conversion"" OR ""habitat modification*"" OR ""habitat fragmentation"" OR ""habitat management"") OR (biofuel* OR biogas*) OR ((residential OR urban* OR cities OR housing OR commercial OR industrial OR touris* OR recreation*) AND (extent OR area OR cover* OR proportion* OR percentage*) AND (develop* OR expan* OR increas*)) OR (deforestation OR afforestation OR ""wood plantation*"" OR ""forest* plantation*"" OR ""pulp* plantation*"") OR ((aquaculture* OR agricultur* OR crop* OR ""cultivated area*"" OR farmland OR pasture) AND (develop* OR expan* OR increas* OR intensification OR extensification OR abandon* OR chang*)) OR (livestock AND (farm* OR ranch* OR graz* OR densit*)) OR (energy AND (drill* OR min* OR quarry*)) OR (((transport* OR service) AND (network* OR corridor* OR infrastructure*)) OR road* OR rail* OR ""ship* lane*"" OR ""flight path*"") OR (""system* modification*"" OR (dams OR (water AND (management OR use)))))) AND ((""climat* change"" OR ""chang* climat*"" OR (""increase* temperature*"" OR ""thermal alteration"" OR ""global warming"") OR (chang* AND precipitation*) OR ((extreme OR severe) AND (weather OR temperature OR precipitation OR climat*)) OR heatwave* OR drought* OR storm* OR flood* OR (UV OR ultraviolet) OR ""sea level rise"" OR ""soil salinization"" OR (""habitat shift*"" AND climate) OR (""habitat alteration"" AND climate) OR ((consumptive OR human OR agricultural) AND ""water stress"")))) AND (que*bec OR canada OR montr*al or Saint-Lawrence or Bas-Saint-Laurent or Saguenay or Lac-Saint-Jean  or Capitale-Nationale or Mauricie or Estrie or Outaouais or Abitibi-T*miscamingue or C*te-Nord or Nord-du-Qu*bec or Gasp*sie–*les-de-la-Madeleine or Chaudi*re-Appalaches or Laval or Lanaudi*re or Laurentides or Mont*r*gie or Centre-du-Qu*bec))"
Land/sea use change,Climate change,"(((""land use chang*"" OR ""land cover chang*"" OR ""land* system* chang*"" OR ""land* chang*"" OR ""land* degradation"" OR ""land* conversion"" OR ""land management"") OR ((marine OR ocean OR sea*) AND use AND change*) OR (""habitat loss*"" OR ""habitat degradation*"" OR ""habitat chang*"" OR ""habitat conversion"" OR ""habitat modification*"" OR ""habitat fragmentation"" OR ""habitat management"") OR (biofuel* OR biogas*) OR ((residential OR urban* OR cities OR housing OR commercial OR industrial OR touris* OR recreation*) AND (extent OR area OR cover* OR proportion* OR percentage*) AND (develop* OR expan* OR increas*)) OR (deforestation OR afforestation OR ""wood plantation*"" OR ""forest* plantation*"" OR ""pulp* plantation*"") OR ((aquaculture* OR agricultur* OR crop* OR ""cultivated area*"" OR farmland OR pasture) AND (develop* OR expan* OR increas* OR intensification OR extensification OR abandon* OR chang*)) OR (livestock AND (farm* OR ranch* OR graz* OR densit*)) OR (energy AND (drill* OR min* OR quarry*)) OR (((transport* OR service) AND (network* OR corridor* OR infrastructure*)) OR road* OR rail* OR ""ship* lane*"" OR ""flight path*"") OR (""system* modification*"" OR (dams OR (water AND (management OR use)))))) AND ((""climat* change"" OR ""chang* climat*"" OR (""increase* temperature*"" OR ""thermal alteration"" OR ""global warming"") OR (chang* AND precipitation*) OR ((extreme OR severe) AND (weather OR temperature OR precipitation OR climat*)) OR heatwave* OR drought* OR storm* OR flood* OR (UV OR ultraviolet) OR ""sea level rise"" OR ""soil salinization"" OR (""habitat shift*"" AND climate) OR (""habitat alteration"" AND climate) OR ((consumptive OR human OR agricultural) AND ""water stress"")))",Ecosystem function,Net primary productivity,"""net primary product*""","TS=((""net primary product*"") AND ((((""land use chang*"" OR ""land cover chang*"" OR ""land* system* chang*"" OR ""land* chang*"" OR ""land* degradation"" OR ""land* conversion"" OR ""land management"") OR ((marine OR ocean OR sea*) AND use AND change*) OR (""habitat loss*"" OR ""habitat degradation*"" OR ""habitat chang*"" OR ""habitat conversion"" OR ""habitat modification*"" OR ""habitat fragmentation"" OR ""habitat management"") OR (biofuel* OR biogas*) OR ((residential OR urban* OR cities OR housing OR commercial OR industrial OR touris* OR recreation*) AND (extent OR area OR cover* OR proportion* OR percentage*) AND (develop* OR expan* OR increas*)) OR (deforestation OR afforestation OR ""wood plantation*"" OR ""forest* plantation*"" OR ""pulp* plantation*"") OR ((aquaculture* OR agricultur* OR crop* OR ""cultivated area*"" OR farmland OR pasture) AND (develop* OR expan* OR increas* OR intensification OR extensification OR abandon* OR chang*)) OR (livestock AND (farm* OR ranch* OR graz* OR densit*)) OR (energy AND (drill* OR min* OR quarry*)) OR (((transport* OR service) AND (network* OR corridor* OR infrastructure*)) OR road* OR rail* OR ""ship* lane*"" OR ""flight path*"") OR (""system* modification*"" OR (dams OR (water AND (management OR use)))))) AND ((""climat* change"" OR ""chang* climat*"" OR (""increase* temperature*"" OR ""thermal alteration"" OR ""global warming"") OR (chang* AND precipitation*) OR ((extreme OR severe) AND (weather OR temperature OR precipitation OR climat*)) OR heatwave* OR drought* OR storm* OR flood* OR (UV OR ultraviolet) OR ""sea level rise"" OR ""soil salinization"" OR (""habitat shift*"" AND climate) OR (""habitat alteration"" AND climate) OR ((consumptive OR human OR agricultural) AND ""water stress"")))) AND (que*bec OR canada OR montr*al or Saint-Lawrence or Bas-Saint-Laurent or Saguenay or Lac-Saint-Jean  or Capitale-Nationale or Mauricie or Estrie or Outaouais or Abitibi-T*miscamingue or C*te-Nord or Nord-du-Qu*bec or Gasp*sie–*les-de-la-Madeleine or Chaudi*re-Appalaches or Laval or Lanaudi*re or Laurentides or Mont*r*gie or Centre-du-Qu*bec))"
Land/sea use change,Climate change,"(((""land use chang*"" OR ""land cover chang*"" OR ""land* system* chang*"" OR ""land* chang*"" OR ""land* degradation"" OR ""land* conversion"" OR ""land management"") OR ((marine OR ocean OR sea*) AND use AND change*) OR (""habitat loss*"" OR ""habitat degradation*"" OR ""habitat chang*"" OR ""habitat conversion"" OR ""habitat modification*"" OR ""habitat fragmentation"" OR ""habitat management"") OR (biofuel* OR biogas*) OR ((residential OR urban* OR cities OR housing OR commercial OR industrial OR touris* OR recreation*) AND (extent OR area OR cover* OR proportion* OR percentage*) AND (develop* OR expan* OR increas*)) OR (deforestation OR afforestation OR ""wood plantation*"" OR ""forest* plantation*"" OR ""pulp* plantation*"") OR ((aquaculture* OR agricultur* OR crop* OR ""cultivated area*"" OR farmland OR pasture) AND (develop* OR expan* OR increas* OR intensification OR extensification OR abandon* OR chang*)) OR (livestock AND (farm* OR ranch* OR graz* OR densit*)) OR (energy AND (drill* OR min* OR quarry*)) OR (((transport* OR service) AND (network* OR corridor* OR infrastructure*)) OR road* OR rail* OR ""ship* lane*"" OR ""flight path*"") OR (""system* modification*"" OR (dams OR (water AND (management OR use)))))) AND ((""climat* change"" OR ""chang* climat*"" OR (""increase* temperature*"" OR ""thermal alteration"" OR ""global warming"") OR (chang* AND precipitation*) OR ((extreme OR severe) AND (weather OR temperature OR precipitation OR climat*)) OR heatwave* OR drought* OR storm* OR flood* OR (UV OR ultraviolet) OR ""sea level rise"" OR ""soil salinization"" OR (""habitat shift*"" AND climate) OR (""habitat alteration"" AND climate) OR ((consumptive OR human OR agricultural) AND ""water stress"")))",Ecosystem structure,Area of mangrove forest cover,(extent OR area OR cover* OR proportion OR percentage OR land OR landscape) AND mangrove* AND forest*,"TS=(((extent OR area OR cover* OR proportion OR percentage OR land OR landscape) AND mangrove* AND forest*) AND ((((""land use chang*"" OR ""land cover chang*"" OR ""land* system* chang*"" OR ""land* chang*"" OR ""land* degradation"" OR ""land* conversion"" OR ""land management"") OR ((marine OR ocean OR sea*) AND use AND change*) OR (""habitat loss*"" OR ""habitat degradation*"" OR ""habitat chang*"" OR ""habitat conversion"" OR ""habitat modification*"" OR ""habitat fragmentation"" OR ""habitat management"") OR (biofuel* OR biogas*) OR ((residential OR urban* OR cities OR housing OR commercial OR industrial OR touris* OR recreation*) AND (extent OR area OR cover* OR proportion* OR percentage*) AND (develop* OR expan* OR increas*)) OR (deforestation OR afforestation OR ""wood plantation*"" OR ""forest* plantation*"" OR ""pulp* plantation*"") OR ((aquaculture* OR agricultur* OR crop* OR ""cultivated area*"" OR farmland OR pasture) AND (develop* OR expan* OR increas* OR intensification OR extensification OR abandon* OR chang*)) OR (livestock AND (farm* OR ranch* OR graz* OR densit*)) OR (energy AND (drill* OR min* OR quarry*)) OR (((transport* OR service) AND (network* OR corridor* OR infrastructure*)) OR road* OR rail* OR ""ship* lane*"" OR ""flight path*"") OR (""system* modification*"" OR (dams OR (water AND (management OR use)))))) AND ((""climat* change"" OR ""chang* climat*"" OR (""increase* temperature*"" OR ""thermal alteration"" OR ""global warming"") OR (chang* AND precipitation*) OR ((extreme OR severe) AND (weather OR temperature OR precipitation OR climat*)) OR heatwave* OR drought* OR storm* OR flood* OR (UV OR ultraviolet) OR ""sea level rise"" OR ""soil salinization"" OR (""habitat shift*"" AND climate) OR (""habitat alteration"" AND climate) OR ((consumptive OR human OR agricultural) AND ""water stress"")))) AND (que*bec OR canada OR montr*al or Saint-Lawrence or Bas-Saint-Laurent or Saguenay or Lac-Saint-Jean  or Capitale-Nationale or Mauricie or Estrie or Outaouais or Abitibi-T*miscamingue or C*te-Nord or Nord-du-Qu*bec or Gasp*sie–*les-de-la-Madeleine or Chaudi*re-Appalaches or Laval or Lanaudi*re or Laurentides or Mont*r*gie or Centre-du-Qu*bec))"
Land/sea use change,Climate change,"(((""land use chang*"" OR ""land cover chang*"" OR ""land* system* chang*"" OR ""land* chang*"" OR ""land* degradation"" OR ""land* conversion"" OR ""land management"") OR ((marine OR ocean OR sea*) AND use AND change*) OR (""habitat loss*"" OR ""habitat degradation*"" OR ""habitat chang*"" OR ""habitat conversion"" OR ""habitat modification*"" OR ""habitat fragmentation"" OR ""habitat management"") OR (biofuel* OR biogas*) OR ((residential OR urban* OR cities OR housing OR commercial OR industrial OR touris* OR recreation*) AND (extent OR area OR cover* OR proportion* OR percentage*) AND (develop* OR expan* OR increas*)) OR (deforestation OR afforestation OR ""wood plantation*"" OR ""forest* plantation*"" OR ""pulp* plantation*"") OR ((aquaculture* OR agricultur* OR crop* OR ""cultivated area*"" OR farmland OR pasture) AND (develop* OR expan* OR increas* OR intensification OR extensification OR abandon* OR chang*)) OR (livestock AND (farm* OR ranch* OR graz* OR densit*)) OR (energy AND (drill* OR min* OR quarry*)) OR (((transport* OR service) AND (network* OR corridor* OR infrastructure*)) OR road* OR rail* OR ""ship* lane*"" OR ""flight path*"") OR (""system* modification*"" OR (dams OR (water AND (management OR use)))))) AND ((""climat* change"" OR ""chang* climat*"" OR (""increase* temperature*"" OR ""thermal alteration"" OR ""global warming"") OR (chang* AND precipitation*) OR ((extreme OR severe) AND (weather OR temperature OR precipitation OR climat*)) OR heatwave* OR drought* OR storm* OR flood* OR (UV OR ultraviolet) OR ""sea level rise"" OR ""soil salinization"" OR (""habitat shift*"" AND climate) OR (""habitat alteration"" AND climate) OR ((consumptive OR human OR agricultural) AND ""water stress"")))",Ecosystem structure,Extent of intact forest landscapes,(extent OR area OR cover* OR proportion OR percentage OR land OR landscape) AND intact* AND forest*,"TS=(((extent OR area OR cover* OR proportion OR percentage OR land OR landscape) AND intact* AND forest*) AND ((((""land use chang*"" OR ""land cover chang*"" OR ""land* system* chang*"" OR ""land* chang*"" OR ""land* degradation"" OR ""land* conversion"" OR ""land management"") OR ((marine OR ocean OR sea*) AND use AND change*) OR (""habitat loss*"" OR ""habitat degradation*"" OR ""habitat chang*"" OR ""habitat conversion"" OR ""habitat modification*"" OR ""habitat fragmentation"" OR ""habitat management"") OR (biofuel* OR biogas*) OR ((residential OR urban* OR cities OR housing OR commercial OR industrial OR touris* OR recreation*) AND (extent OR area OR cover* OR proportion* OR percentage*) AND (develop* OR expan* OR increas*)) OR (deforestation OR afforestation OR ""wood plantation*"" OR ""forest* plantation*"" OR ""pulp* plantation*"") OR ((aquaculture* OR agricultur* OR crop* OR ""cultivated area*"" OR farmland OR pasture) AND (develop* OR expan* OR increas* OR intensification OR extensification OR abandon* OR chang*)) OR (livestock AND (farm* OR ranch* OR graz* OR densit*)) OR (energy AND (drill* OR min* OR quarry*)) OR (((transport* OR service) AND (network* OR corridor* OR infrastructure*)) OR road* OR rail* OR ""ship* lane*"" OR ""flight path*"") OR (""system* modification*"" OR (dams OR (water AND (management OR use)))))) AND ((""climat* change"" OR ""chang* climat*"" OR (""increase* temperature*"" OR ""thermal alteration"" OR ""global warming"") OR (chang* AND precipitation*) OR ((extreme OR severe) AND (weather OR temperature OR precipitation OR climat*)) OR heatwave* OR drought* OR storm* OR flood* OR (UV OR ultraviolet) OR ""sea level rise"" OR ""soil salinization"" OR (""habitat shift*"" AND climate) OR (""habitat alteration"" AND climate) OR ((consumptive OR human OR agricultural) AND ""water stress"")))) AND (que*bec OR canada OR montr*al or Saint-Lawrence or Bas-Saint-Laurent or Saguenay or Lac-Saint-Jean  or Capitale-Nationale or Mauricie or Estrie or Outaouais or Abitibi-T*miscamingue or C*te-Nord or Nord-du-Qu*bec or Gasp*sie–*les-de-la-Madeleine or Chaudi*re-Appalaches or Laval or Lanaudi*re or Laurentides or Mont*r*gie or Centre-du-Qu*bec))"
Land/sea use change,Climate change,"(((""land use chang*"" OR ""land cover chang*"" OR ""land* system* chang*"" OR ""land* chang*"" OR ""land* degradation"" OR ""land* conversion"" OR ""land management"") OR ((marine OR ocean OR sea*) AND use AND change*) OR (""habitat loss*"" OR ""habitat degradation*"" OR ""habitat chang*"" OR ""habitat conversion"" OR ""habitat modification*"" OR ""habitat fragmentation"" OR ""habitat management"") OR (biofuel* OR biogas*) OR ((residential OR urban* OR cities OR housing OR commercial OR industrial OR touris* OR recreation*) AND (extent OR area OR cover* OR proportion* OR percentage*) AND (develop* OR expan* OR increas*)) OR (deforestation OR afforestation OR ""wood plantation*"" OR ""forest* plantation*"" OR ""pulp* plantation*"") OR ((aquaculture* OR agricultur* OR crop* OR ""cultivated area*"" OR farmland OR pasture) AND (develop* OR expan* OR increas* OR intensification OR extensification OR abandon* OR chang*)) OR (livestock AND (farm* OR ranch* OR graz* OR densit*)) OR (energy AND (drill* OR min* OR quarry*)) OR (((transport* OR service) AND (network* OR corridor* OR infrastructure*)) OR road* OR rail* OR ""ship* lane*"" OR ""flight path*"") OR (""system* modification*"" OR (dams OR (water AND (management OR use)))))) AND ((""climat* change"" OR ""chang* climat*"" OR (""increase* temperature*"" OR ""thermal alteration"" OR ""global warming"") OR (chang* AND precipitation*) OR ((extreme OR severe) AND (weather OR temperature OR precipitation OR climat*)) OR heatwave* OR drought* OR storm* OR flood* OR (UV OR ultraviolet) OR ""sea level rise"" OR ""soil salinization"" OR (""habitat shift*"" AND climate) OR (""habitat alteration"" AND climate) OR ((consumptive OR human OR agricultural) AND ""water stress"")))",Ecosystem structure,Extent of remaining primary vegetation,(extent OR area OR cover* OR proportion OR percentage) AND (primary OR natural) AND vegetation,"TS=(((extent OR area OR cover* OR proportion OR percentage) AND (primary OR natural) AND vegetation) AND ((((""land use chang*"" OR ""land cover chang*"" OR ""land* system* chang*"" OR ""land* chang*"" OR ""land* degradation"" OR ""land* conversion"" OR ""land management"") OR ((marine OR ocean OR sea*) AND use AND change*) OR (""habitat loss*"" OR ""habitat degradation*"" OR ""habitat chang*"" OR ""habitat conversion"" OR ""habitat modification*"" OR ""habitat fragmentation"" OR ""habitat management"") OR (biofuel* OR biogas*) OR ((residential OR urban* OR cities OR housing OR commercial OR industrial OR touris* OR recreation*) AND (extent OR area OR cover* OR proportion* OR percentage*) AND (develop* OR expan* OR increas*)) OR (deforestation OR afforestation OR ""wood plantation*"" OR ""forest* plantation*"" OR ""pulp* plantation*"") OR ((aquaculture* OR agricultur* OR crop* OR ""cultivated area*"" OR farmland OR pasture) AND (develop* OR expan* OR increas* OR intensification OR extensification OR abandon* OR chang*)) OR (livestock AND (farm* OR ranch* OR graz* OR densit*)) OR (energy AND (drill* OR min* OR quarry*)) OR (((transport* OR service) AND (network* OR corridor* OR infrastructure*)) OR road* OR rail* OR ""ship* lane*"" OR ""flight path*"") OR (""system* modification*"" OR (dams OR (water AND (management OR use)))))) AND ((""climat* change"" OR ""chang* climat*"" OR (""increase* temperature*"" OR ""thermal alteration"" OR ""global warming"") OR (chang* AND precipitation*) OR ((extreme OR severe) AND (weather OR temperature OR precipitation OR climat*)) OR heatwave* OR drought* OR storm* OR flood* OR (UV OR ultraviolet) OR ""sea level rise"" OR ""soil salinization"" OR (""habitat shift*"" AND climate) OR (""habitat alteration"" AND climate) OR ((consumptive OR human OR agricultural) AND ""water stress"")))) AND (que*bec OR canada OR montr*al or Saint-Lawrence or Bas-Saint-Laurent or Saguenay or Lac-Saint-Jean  or Capitale-Nationale or Mauricie or Estrie or Outaouais or Abitibi-T*miscamingue or C*te-Nord or Nord-du-Qu*bec or Gasp*sie–*les-de-la-Madeleine or Chaudi*re-Appalaches or Laval or Lanaudi*re or Laurentides or Mont*r*gie or Centre-du-Qu*bec))"
Land/sea use change,Climate change,"(((""land use chang*"" OR ""land cover chang*"" OR ""land* system* chang*"" OR ""land* chang*"" OR ""land* degradation"" OR ""land* conversion"" OR ""land management"") OR ((marine OR ocean OR sea*) AND use AND change*) OR (""habitat loss*"" OR ""habitat degradation*"" OR ""habitat chang*"" OR ""habitat conversion"" OR ""habitat modification*"" OR ""habitat fragmentation"" OR ""habitat management"") OR (biofuel* OR biogas*) OR ((residential OR urban* OR cities OR housing OR commercial OR industrial OR touris* OR recreation*) AND (extent OR area OR cover* OR proportion* OR percentage*) AND (develop* OR expan* OR increas*)) OR (deforestation OR afforestation OR ""wood plantation*"" OR ""forest* plantation*"" OR ""pulp* plantation*"") OR ((aquaculture* OR agricultur* OR crop* OR ""cultivated area*"" OR farmland OR pasture) AND (develop* OR expan* OR increas* OR intensification OR extensification OR abandon* OR chang*)) OR (livestock AND (farm* OR ranch* OR graz* OR densit*)) OR (energy AND (drill* OR min* OR quarry*)) OR (((transport* OR service) AND (network* OR corridor* OR infrastructure*)) OR road* OR rail* OR ""ship* lane*"" OR ""flight path*"") OR (""system* modification*"" OR (dams OR (water AND (management OR use)))))) AND ((""climat* change"" OR ""chang* climat*"" OR (""increase* temperature*"" OR ""thermal alteration"" OR ""global warming"") OR (chang* AND precipitation*) OR ((extreme OR severe) AND (weather OR temperature OR precipitation OR climat*)) OR heatwave* OR drought* OR storm* OR flood* OR (UV OR ultraviolet) OR ""sea level rise"" OR ""soil salinization"" OR (""habitat shift*"" AND climate) OR (""habitat alteration"" AND climate) OR ((consumptive OR human OR agricultural) AND ""water stress"")))",Ecosystem structure,Extent of remaining wilderness,(extent OR area OR cover* OR proportion OR percentage OR land OR landscape) AND wilderness*,"TS=(((extent OR area OR cover* OR proportion OR percentage OR land OR landscape) AND wilderness*) AND ((((""land use chang*"" OR ""land cover chang*"" OR ""land* system* chang*"" OR ""land* chang*"" OR ""land* degradation"" OR ""land* conversion"" OR ""land management"") OR ((marine OR ocean OR sea*) AND use AND change*) OR (""habitat loss*"" OR ""habitat degradation*"" OR ""habitat chang*"" OR ""habitat conversion"" OR ""habitat modification*"" OR ""habitat fragmentation"" OR ""habitat management"") OR (biofuel* OR biogas*) OR ((residential OR urban* OR cities OR housing OR commercial OR industrial OR touris* OR recreation*) AND (extent OR area OR cover* OR proportion* OR percentage*) AND (develop* OR expan* OR increas*)) OR (deforestation OR afforestation OR ""wood plantation*"" OR ""forest* plantation*"" OR ""pulp* plantation*"") OR ((aquaculture* OR agricultur* OR crop* OR ""cultivated area*"" OR farmland OR pasture) AND (develop* OR expan* OR increas* OR intensification OR extensification OR abandon* OR chang*)) OR (livestock AND (farm* OR ranch* OR graz* OR densit*)) OR (energy AND (drill* OR min* OR quarry*)) OR (((transport* OR service) AND (network* OR corridor* OR infrastructure*)) OR road* OR rail* OR ""ship* lane*"" OR ""flight path*"") OR (""system* modification*"" OR (dams OR (water AND (management OR use)))))) AND ((""climat* change"" OR ""chang* climat*"" OR (""increase* temperature*"" OR ""thermal alteration"" OR ""global warming"") OR (chang* AND precipitation*) OR ((extreme OR severe) AND (weather OR temperature OR precipitation OR climat*)) OR heatwave* OR drought* OR storm* OR flood* OR (UV OR ultraviolet) OR ""sea level rise"" OR ""soil salinization"" OR (""habitat shift*"" AND climate) OR (""habitat alteration"" AND climate) OR ((consumptive OR human OR agricultural) AND ""water stress"")))) AND (que*bec OR canada OR montr*al or Saint-Lawrence or Bas-Saint-Laurent or Saguenay or Lac-Saint-Jean  or Capitale-Nationale or Mauricie or Estrie or Outaouais or Abitibi-T*miscamingue or C*te-Nord or Nord-du-Qu*bec or Gasp*sie–*les-de-la-Madeleine or Chaudi*re-Appalaches or Laval or Lanaudi*re or Laurentides or Mont*r*gie or Centre-du-Qu*bec))"
Land/sea use change,Climate change,"(((""land use chang*"" OR ""land cover chang*"" OR ""land* system* chang*"" OR ""land* chang*"" OR ""land* degradation"" OR ""land* conversion"" OR ""land management"") OR ((marine OR ocean OR sea*) AND use AND change*) OR (""habitat loss*"" OR ""habitat degradation*"" OR ""habitat chang*"" OR ""habitat conversion"" OR ""habitat modification*"" OR ""habitat fragmentation"" OR ""habitat management"") OR (biofuel* OR biogas*) OR ((residential OR urban* OR cities OR housing OR commercial OR industrial OR touris* OR recreation*) AND (extent OR area OR cover* OR proportion* OR percentage*) AND (develop* OR expan* OR increas*)) OR (deforestation OR afforestation OR ""wood plantation*"" OR ""forest* plantation*"" OR ""pulp* plantation*"") OR ((aquaculture* OR agricultur* OR crop* OR ""cultivated area*"" OR farmland OR pasture) AND (develop* OR expan* OR increas* OR intensification OR extensification OR abandon* OR chang*)) OR (livestock AND (farm* OR ranch* OR graz* OR densit*)) OR (energy AND (drill* OR min* OR quarry*)) OR (((transport* OR service) AND (network* OR corridor* OR infrastructure*)) OR road* OR rail* OR ""ship* lane*"" OR ""flight path*"") OR (""system* modification*"" OR (dams OR (water AND (management OR use)))))) AND ((""climat* change"" OR ""chang* climat*"" OR (""increase* temperature*"" OR ""thermal alteration"" OR ""global warming"") OR (chang* AND precipitation*) OR ((extreme OR severe) AND (weather OR temperature OR precipitation OR climat*)) OR heatwave* OR drought* OR storm* OR flood* OR (UV OR ultraviolet) OR ""sea level rise"" OR ""soil salinization"" OR (""habitat shift*"" AND climate) OR (""habitat alteration"" AND climate) OR ((consumptive OR human OR agricultural) AND ""water stress"")))",Ecosystem structure,Leaf area index,"""leaf area ind*""","TS=((""leaf area ind*"") AND ((((""land use chang*"" OR ""land cover chang*"" OR ""land* system* chang*"" OR ""land* chang*"" OR ""land* degradation"" OR ""land* conversion"" OR ""land management"") OR ((marine OR ocean OR sea*) AND use AND change*) OR (""habitat loss*"" OR ""habitat degradation*"" OR ""habitat chang*"" OR ""habitat conversion"" OR ""habitat modification*"" OR ""habitat fragmentation"" OR ""habitat management"") OR (biofuel* OR biogas*) OR ((residential OR urban* OR cities OR housing OR commercial OR industrial OR touris* OR recreation*) AND (extent OR area OR cover* OR proportion* OR percentage*) AND (develop* OR expan* OR increas*)) OR (deforestation OR afforestation OR ""wood plantation*"" OR ""forest* plantation*"" OR ""pulp* plantation*"") OR ((aquaculture* OR agricultur* OR crop* OR ""cultivated area*"" OR farmland OR pasture) AND (develop* OR expan* OR increas* OR intensification OR extensification OR abandon* OR chang*)) OR (livestock AND (farm* OR ranch* OR graz* OR densit*)) OR (energy AND (drill* OR min* OR quarry*)) OR (((transport* OR service) AND (network* OR corridor* OR infrastructure*)) OR road* OR rail* OR ""ship* lane*"" OR ""flight path*"") OR (""system* modification*"" OR (dams OR (water AND (management OR use)))))) AND ((""climat* change"" OR ""chang* climat*"" OR (""increase* temperature*"" OR ""thermal alteration"" OR ""global warming"") OR (chang* AND precipitation*) OR ((extreme OR severe) AND (weather OR temperature OR precipitation OR climat*)) OR heatwave* OR drought* OR storm* OR flood* OR (UV OR ultraviolet) OR ""sea level rise"" OR ""soil salinization"" OR (""habitat shift*"" AND climate) OR (""habitat alteration"" AND climate) OR ((consumptive OR human OR agricultural) AND ""water stress"")))) AND (que*bec OR canada OR montr*al or Saint-Lawrence or Bas-Saint-Laurent or Saguenay or Lac-Saint-Jean  or Capitale-Nationale or Mauricie or Estrie or Outaouais or Abitibi-T*miscamingue or C*te-Nord or Nord-du-Qu*bec or Gasp*sie–*les-de-la-Madeleine or Chaudi*re-Appalaches or Laval or Lanaudi*re or Laurentides or Mont*r*gie or Centre-du-Qu*bec))"
Land/sea use change,Climate change,"(((""land use chang*"" OR ""land cover chang*"" OR ""land* system* chang*"" OR ""land* chang*"" OR ""land* degradation"" OR ""land* conversion"" OR ""land management"") OR ((marine OR ocean OR sea*) AND use AND change*) OR (""habitat loss*"" OR ""habitat degradation*"" OR ""habitat chang*"" OR ""habitat conversion"" OR ""habitat modification*"" OR ""habitat fragmentation"" OR ""habitat management"") OR (biofuel* OR biogas*) OR ((residential OR urban* OR cities OR housing OR commercial OR industrial OR touris* OR recreation*) AND (extent OR area OR cover* OR proportion* OR percentage*) AND (develop* OR expan* OR increas*)) OR (deforestation OR afforestation OR ""wood plantation*"" OR ""forest* plantation*"" OR ""pulp* plantation*"") OR ((aquaculture* OR agricultur* OR crop* OR ""cultivated area*"" OR farmland OR pasture) AND (develop* OR expan* OR increas* OR intensification OR extensification OR abandon* OR chang*)) OR (livestock AND (farm* OR ranch* OR graz* OR densit*)) OR (energy AND (drill* OR min* OR quarry*)) OR (((transport* OR service) AND (network* OR corridor* OR infrastructure*)) OR road* OR rail* OR ""ship* lane*"" OR ""flight path*"") OR (""system* modification*"" OR (dams OR (water AND (management OR use)))))) AND ((""climat* change"" OR ""chang* climat*"" OR (""increase* temperature*"" OR ""thermal alteration"" OR ""global warming"") OR (chang* AND precipitation*) OR ((extreme OR severe) AND (weather OR temperature OR precipitation OR climat*)) OR heatwave* OR drought* OR storm* OR flood* OR (UV OR ultraviolet) OR ""sea level rise"" OR ""soil salinization"" OR (""habitat shift*"" AND climate) OR (""habitat alteration"" AND climate) OR ((consumptive OR human OR agricultural) AND ""water stress"")))",Ecosystem structure,Percentage of live coral cover,(extent OR area OR cover* OR proportion OR percentage) AND coral AND live,"TS=(((extent OR area OR cover* OR proportion OR percentage) AND coral AND live) AND ((((""land use chang*"" OR ""land cover chang*"" OR ""land* system* chang*"" OR ""land* chang*"" OR ""land* degradation"" OR ""land* conversion"" OR ""land management"") OR ((marine OR ocean OR sea*) AND use AND change*) OR (""habitat loss*"" OR ""habitat degradation*"" OR ""habitat chang*"" OR ""habitat conversion"" OR ""habitat modification*"" OR ""habitat fragmentation"" OR ""habitat management"") OR (biofuel* OR biogas*) OR ((residential OR urban* OR cities OR housing OR commercial OR industrial OR touris* OR recreation*) AND (extent OR area OR cover* OR proportion* OR percentage*) AND (develop* OR expan* OR increas*)) OR (deforestation OR afforestation OR ""wood plantation*"" OR ""forest* plantation*"" OR ""pulp* plantation*"") OR ((aquaculture* OR agricultur* OR crop* OR ""cultivated area*"" OR farmland OR pasture) AND (develop* OR expan* OR increas* OR intensification OR extensification OR abandon* OR chang*)) OR (livestock AND (farm* OR ranch* OR graz* OR densit*)) OR (energy AND (drill* OR min* OR quarry*)) OR (((transport* OR service) AND (network* OR corridor* OR infrastructure*)) OR road* OR rail* OR ""ship* lane*"" OR ""flight path*"") OR (""system* modification*"" OR (dams OR (water AND (management OR use)))))) AND ((""climat* change"" OR ""chang* climat*"" OR (""increase* temperature*"" OR ""thermal alteration"" OR ""global warming"") OR (chang* AND precipitation*) OR ((extreme OR severe) AND (weather OR temperature OR precipitation OR climat*)) OR heatwave* OR drought* OR storm* OR flood* OR (UV OR ultraviolet) OR ""sea level rise"" OR ""soil salinization"" OR (""habitat shift*"" AND climate) OR (""habitat alteration"" AND climate) OR ((consumptive OR human OR agricultural) AND ""water stress"")))) AND (que*bec OR canada OR montr*al or Saint-Lawrence or Bas-Saint-Laurent or Saguenay or Lac-Saint-Jean  or Capitale-Nationale or Mauricie or Estrie or Outaouais or Abitibi-T*miscamingue or C*te-Nord or Nord-du-Qu*bec or Gasp*sie–*les-de-la-Madeleine or Chaudi*re-Appalaches or Laval or Lanaudi*re or Laurentides or Mont*r*gie or Centre-du-Qu*bec))"
Land/sea use change,Climate change,"(((""land use chang*"" OR ""land cover chang*"" OR ""land* system* chang*"" OR ""land* chang*"" OR ""land* degradation"" OR ""land* conversion"" OR ""land management"") OR ((marine OR ocean OR sea*) AND use AND change*) OR (""habitat loss*"" OR ""habitat degradation*"" OR ""habitat chang*"" OR ""habitat conversion"" OR ""habitat modification*"" OR ""habitat fragmentation"" OR ""habitat management"") OR (biofuel* OR biogas*) OR ((residential OR urban* OR cities OR housing OR commercial OR industrial OR touris* OR recreation*) AND (extent OR area OR cover* OR proportion* OR percentage*) AND (develop* OR expan* OR increas*)) OR (deforestation OR afforestation OR ""wood plantation*"" OR ""forest* plantation*"" OR ""pulp* plantation*"") OR ((aquaculture* OR agricultur* OR crop* OR ""cultivated area*"" OR farmland OR pasture) AND (develop* OR expan* OR increas* OR intensification OR extensification OR abandon* OR chang*)) OR (livestock AND (farm* OR ranch* OR graz* OR densit*)) OR (energy AND (drill* OR min* OR quarry*)) OR (((transport* OR service) AND (network* OR corridor* OR infrastructure*)) OR road* OR rail* OR ""ship* lane*"" OR ""flight path*"") OR (""system* modification*"" OR (dams OR (water AND (management OR use)))))) AND ((""climat* change"" OR ""chang* climat*"" OR (""increase* temperature*"" OR ""thermal alteration"" OR ""global warming"") OR (chang* AND precipitation*) OR ((extreme OR severe) AND (weather OR temperature OR precipitation OR climat*)) OR heatwave* OR drought* OR storm* OR flood* OR (UV OR ultraviolet) OR ""sea level rise"" OR ""soil salinization"" OR (""habitat shift*"" AND climate) OR (""habitat alteration"" AND climate) OR ((consumptive OR human OR agricultural) AND ""water stress"")))",Genetic composition,Proportion of local breeds at risk/not at risk/unknown,"""local breed*"" AND (livestock* OR (domestic AND animal*)) AND (risk OR extinct* OR threat*)","TS=((""local breed*"" AND (livestock* OR (domestic AND animal*)) AND (risk OR extinct* OR threat*)) AND ((((""land use chang*"" OR ""land cover chang*"" OR ""land* system* chang*"" OR ""land* chang*"" OR ""land* degradation"" OR ""land* conversion"" OR ""land management"") OR ((marine OR ocean OR sea*) AND use AND change*) OR (""habitat loss*"" OR ""habitat degradation*"" OR ""habitat chang*"" OR ""habitat conversion"" OR ""habitat modification*"" OR ""habitat fragmentation"" OR ""habitat management"") OR (biofuel* OR biogas*) OR ((residential OR urban* OR cities OR housing OR commercial OR industrial OR touris* OR recreation*) AND (extent OR area OR cover* OR proportion* OR percentage*) AND (develop* OR expan* OR increas*)) OR (deforestation OR afforestation OR ""wood plantation*"" OR ""forest* plantation*"" OR ""pulp* plantation*"") OR ((aquaculture* OR agricultur* OR crop* OR ""cultivated area*"" OR farmland OR pasture) AND (develop* OR expan* OR increas* OR intensification OR extensification OR abandon* OR chang*)) OR (livestock AND (farm* OR ranch* OR graz* OR densit*)) OR (energy AND (drill* OR min* OR quarry*)) OR (((transport* OR service) AND (network* OR corridor* OR infrastructure*)) OR road* OR rail* OR ""ship* lane*"" OR ""flight path*"") OR (""system* modification*"" OR (dams OR (water AND (management OR use)))))) AND ((""climat* change"" OR ""chang* climat*"" OR (""increase* temperature*"" OR ""thermal alteration"" OR ""global warming"") OR (chang* AND precipitation*) OR ((extreme OR severe) AND (weather OR temperature OR precipitation OR climat*)) OR heatwave* OR drought* OR storm* OR flood* OR (UV OR ultraviolet) OR ""sea level rise"" OR ""soil salinization"" OR (""habitat shift*"" AND climate) OR (""habitat alteration"" AND climate) OR ((consumptive OR human OR agricultural) AND ""water stress"")))) AND (que*bec OR canada OR montr*al or Saint-Lawrence or Bas-Saint-Laurent or Saguenay or Lac-Saint-Jean  or Capitale-Nationale or Mauricie or Estrie or Outaouais or Abitibi-T*miscamingue or C*te-Nord or Nord-du-Qu*bec or Gasp*sie–*les-de-la-Madeleine or Chaudi*re-Appalaches or Laval or Lanaudi*re or Laurentides or Mont*r*gie or Centre-du-Qu*bec))"
Land/sea use change,Climate change,"(((""land use chang*"" OR ""land cover chang*"" OR ""land* system* chang*"" OR ""land* chang*"" OR ""land* degradation"" OR ""land* conversion"" OR ""land management"") OR ((marine OR ocean OR sea*) AND use AND change*) OR (""habitat loss*"" OR ""habitat degradation*"" OR ""habitat chang*"" OR ""habitat conversion"" OR ""habitat modification*"" OR ""habitat fragmentation"" OR ""habitat management"") OR (biofuel* OR biogas*) OR ((residential OR urban* OR cities OR housing OR commercial OR industrial OR touris* OR recreation*) AND (extent OR area OR cover* OR proportion* OR percentage*) AND (develop* OR expan* OR increas*)) OR (deforestation OR afforestation OR ""wood plantation*"" OR ""forest* plantation*"" OR ""pulp* plantation*"") OR ((aquaculture* OR agricultur* OR crop* OR ""cultivated area*"" OR farmland OR pasture) AND (develop* OR expan* OR increas* OR intensification OR extensification OR abandon* OR chang*)) OR (livestock AND (farm* OR ranch* OR graz* OR densit*)) OR (energy AND (drill* OR min* OR quarry*)) OR (((transport* OR service) AND (network* OR corridor* OR infrastructure*)) OR road* OR rail* OR ""ship* lane*"" OR ""flight path*"") OR (""system* modification*"" OR (dams OR (water AND (management OR use)))))) AND ((""climat* change"" OR ""chang* climat*"" OR (""increase* temperature*"" OR ""thermal alteration"" OR ""global warming"") OR (chang* AND precipitation*) OR ((extreme OR severe) AND (weather OR temperature OR precipitation OR climat*)) OR heatwave* OR drought* OR storm* OR flood* OR (UV OR ultraviolet) OR ""sea level rise"" OR ""soil salinization"" OR (""habitat shift*"" AND climate) OR (""habitat alteration"" AND climate) OR ((consumptive OR human OR agricultural) AND ""water stress"")))",Species populations,IUCN red list of threatened species,"(IUCN OR ""red list"") AND (threat* OR extinct*) AND species NOT ""red list ind*""","TS=(((IUCN OR ""red list"") AND (threat* OR extinct*) AND species NOT ""red list ind*"") AND ((((""land use chang*"" OR ""land cover chang*"" OR ""land* system* chang*"" OR ""land* chang*"" OR ""land* degradation"" OR ""land* conversion"" OR ""land management"") OR ((marine OR ocean OR sea*) AND use AND change*) OR (""habitat loss*"" OR ""habitat degradation*"" OR ""habitat chang*"" OR ""habitat conversion"" OR ""habitat modification*"" OR ""habitat fragmentation"" OR ""habitat management"") OR (biofuel* OR biogas*) OR ((residential OR urban* OR cities OR housing OR commercial OR industrial OR touris* OR recreation*) AND (extent OR area OR cover* OR proportion* OR percentage*) AND (develop* OR expan* OR increas*)) OR (deforestation OR afforestation OR ""wood plantation*"" OR ""forest* plantation*"" OR ""pulp* plantation*"") OR ((aquaculture* OR agricultur* OR crop* OR ""cultivated area*"" OR farmland OR pasture) AND (develop* OR expan* OR increas* OR intensification OR extensification OR abandon* OR chang*)) OR (livestock AND (farm* OR ranch* OR graz* OR densit*)) OR (energy AND (drill* OR min* OR quarry*)) OR (((transport* OR service) AND (network* OR corridor* OR infrastructure*)) OR road* OR rail* OR ""ship* lane*"" OR ""flight path*"") OR (""system* modification*"" OR (dams OR (water AND (management OR use)))))) AND ((""climat* change"" OR ""chang* climat*"" OR (""increase* temperature*"" OR ""thermal alteration"" OR ""global warming"") OR (chang* AND precipitation*) OR ((extreme OR severe) AND (weather OR temperature OR precipitation OR climat*)) OR heatwave* OR drought* OR storm* OR flood* OR (UV OR ultraviolet) OR ""sea level rise"" OR ""soil salinization"" OR (""habitat shift*"" AND climate) OR (""habitat alteration"" AND climate) OR ((consumptive OR human OR agricultural) AND ""water stress"")))) AND (que*bec OR canada OR montr*al or Saint-Lawrence or Bas-Saint-Laurent or Saguenay or Lac-Saint-Jean  or Capitale-Nationale or Mauricie or Estrie or Outaouais or Abitibi-T*miscamingue or C*te-Nord or Nord-du-Qu*bec or Gasp*sie–*les-de-la-Madeleine or Chaudi*re-Appalaches or Laval or Lanaudi*re or Laurentides or Mont*r*gie or Centre-du-Qu*bec))"
Land/sea use change,Climate change,"(((""land use chang*"" OR ""land cover chang*"" OR ""land* system* chang*"" OR ""land* chang*"" OR ""land* degradation"" OR ""land* conversion"" OR ""land management"") OR ((marine OR ocean OR sea*) AND use AND change*) OR (""habitat loss*"" OR ""habitat degradation*"" OR ""habitat chang*"" OR ""habitat conversion"" OR ""habitat modification*"" OR ""habitat fragmentation"" OR ""habitat management"") OR (biofuel* OR biogas*) OR ((residential OR urban* OR cities OR housing OR commercial OR industrial OR touris* OR recreation*) AND (extent OR area OR cover* OR proportion* OR percentage*) AND (develop* OR expan* OR increas*)) OR (deforestation OR afforestation OR ""wood plantation*"" OR ""forest* plantation*"" OR ""pulp* plantation*"") OR ((aquaculture* OR agricultur* OR crop* OR ""cultivated area*"" OR farmland OR pasture) AND (develop* OR expan* OR increas* OR intensification OR extensification OR abandon* OR chang*)) OR (livestock AND (farm* OR ranch* OR graz* OR densit*)) OR (energy AND (drill* OR min* OR quarry*)) OR (((transport* OR service) AND (network* OR corridor* OR infrastructure*)) OR road* OR rail* OR ""ship* lane*"" OR ""flight path*"") OR (""system* modification*"" OR (dams OR (water AND (management OR use)))))) AND ((""climat* change"" OR ""chang* climat*"" OR (""increase* temperature*"" OR ""thermal alteration"" OR ""global warming"") OR (chang* AND precipitation*) OR ((extreme OR severe) AND (weather OR temperature OR precipitation OR climat*)) OR heatwave* OR drought* OR storm* OR flood* OR (UV OR ultraviolet) OR ""sea level rise"" OR ""soil salinization"" OR (""habitat shift*"" AND climate) OR (""habitat alteration"" AND climate) OR ((consumptive OR human OR agricultural) AND ""water stress"")))",Species populations,Living planet index,"""living planet ind*"" OR ""living planet report*""","TS=((""living planet ind*"" OR ""living planet report*"") AND ((((""land use chang*"" OR ""land cover chang*"" OR ""land* system* chang*"" OR ""land* chang*"" OR ""land* degradation"" OR ""land* conversion"" OR ""land management"") OR ((marine OR ocean OR sea*) AND use AND change*) OR (""habitat loss*"" OR ""habitat degradation*"" OR ""habitat chang*"" OR ""habitat conversion"" OR ""habitat modification*"" OR ""habitat fragmentation"" OR ""habitat management"") OR (biofuel* OR biogas*) OR ((residential OR urban* OR cities OR housing OR commercial OR industrial OR touris* OR recreation*) AND (extent OR area OR cover* OR proportion* OR percentage*) AND (develop* OR expan* OR increas*)) OR (deforestation OR afforestation OR ""wood plantation*"" OR ""forest* plantation*"" OR ""pulp* plantation*"") OR ((aquaculture* OR agricultur* OR crop* OR ""cultivated area*"" OR farmland OR pasture) AND (develop* OR expan* OR increas* OR intensification OR extensification OR abandon* OR chang*)) OR (livestock AND (farm* OR ranch* OR graz* OR densit*)) OR (energy AND (drill* OR min* OR quarry*)) OR (((transport* OR service) AND (network* OR corridor* OR infrastructure*)) OR road* OR rail* OR ""ship* lane*"" OR ""flight path*"") OR (""system* modification*"" OR (dams OR (water AND (management OR use)))))) AND ((""climat* change"" OR ""chang* climat*"" OR (""increase* temperature*"" OR ""thermal alteration"" OR ""global warming"") OR (chang* AND precipitation*) OR ((extreme OR severe) AND (weather OR temperature OR precipitation OR climat*)) OR heatwave* OR drought* OR storm* OR flood* OR (UV OR ultraviolet) OR ""sea level rise"" OR ""soil salinization"" OR (""habitat shift*"" AND climate) OR (""habitat alteration"" AND climate) OR ((consumptive OR human OR agricultural) AND ""water stress"")))) AND (que*bec OR canada OR montr*al or Saint-Lawrence or Bas-Saint-Laurent or Saguenay or Lac-Saint-Jean  or Capitale-Nationale or Mauricie or Estrie or Outaouais or Abitibi-T*miscamingue or C*te-Nord or Nord-du-Qu*bec or Gasp*sie–*les-de-la-Madeleine or Chaudi*re-Appalaches or Laval or Lanaudi*re or Laurentides or Mont*r*gie or Centre-du-Qu*bec))"
Land/sea use change,Climate change,"(((""land use chang*"" OR ""land cover chang*"" OR ""land* system* chang*"" OR ""land* chang*"" OR ""land* degradation"" OR ""land* conversion"" OR ""land management"") OR ((marine OR ocean OR sea*) AND use AND change*) OR (""habitat loss*"" OR ""habitat degradation*"" OR ""habitat chang*"" OR ""habitat conversion"" OR ""habitat modification*"" OR ""habitat fragmentation"" OR ""habitat management"") OR (biofuel* OR biogas*) OR ((residential OR urban* OR cities OR housing OR commercial OR industrial OR touris* OR recreation*) AND (extent OR area OR cover* OR proportion* OR percentage*) AND (develop* OR expan* OR increas*)) OR (deforestation OR afforestation OR ""wood plantation*"" OR ""forest* plantation*"" OR ""pulp* plantation*"") OR ((aquaculture* OR agricultur* OR crop* OR ""cultivated area*"" OR farmland OR pasture) AND (develop* OR expan* OR increas* OR intensification OR extensification OR abandon* OR chang*)) OR (livestock AND (farm* OR ranch* OR graz* OR densit*)) OR (energy AND (drill* OR min* OR quarry*)) OR (((transport* OR service) AND (network* OR corridor* OR infrastructure*)) OR road* OR rail* OR ""ship* lane*"" OR ""flight path*"") OR (""system* modification*"" OR (dams OR (water AND (management OR use)))))) AND ((""climat* change"" OR ""chang* climat*"" OR (""increase* temperature*"" OR ""thermal alteration"" OR ""global warming"") OR (chang* AND precipitation*) OR ((extreme OR severe) AND (weather OR temperature OR precipitation OR climat*)) OR heatwave* OR drought* OR storm* OR flood* OR (UV OR ultraviolet) OR ""sea level rise"" OR ""soil salinization"" OR (""habitat shift*"" AND climate) OR (""habitat alteration"" AND climate) OR ((consumptive OR human OR agricultural) AND ""water stress"")))",Species populations,Local species abundance,"((species OR assemblage*) AND abundance AND (local OR location* OR sample*)) AND (global OR world*) AND (""time series"" OR ""time -series"" OR temporal)","TS=((((species OR assemblage*) AND abundance AND (local OR location* OR sample*)) AND (global OR world*) AND (""time series"" OR ""time -series"" OR temporal)) AND ((((""land use chang*"" OR ""land cover chang*"" OR ""land* system* chang*"" OR ""land* chang*"" OR ""land* degradation"" OR ""land* conversion"" OR ""land management"") OR ((marine OR ocean OR sea*) AND use AND change*) OR (""habitat loss*"" OR ""habitat degradation*"" OR ""habitat chang*"" OR ""habitat conversion"" OR ""habitat modification*"" OR ""habitat fragmentation"" OR ""habitat management"") OR (biofuel* OR biogas*) OR ((residential OR urban* OR cities OR housing OR commercial OR industrial OR touris* OR recreation*) AND (extent OR area OR cover* OR proportion* OR percentage*) AND (develop* OR expan* OR increas*)) OR (deforestation OR afforestation OR ""wood plantation*"" OR ""forest* plantation*"" OR ""pulp* plantation*"") OR ((aquaculture* OR agricultur* OR crop* OR ""cultivated area*"" OR farmland OR pasture) AND (develop* OR expan* OR increas* OR intensification OR extensification OR abandon* OR chang*)) OR (livestock AND (farm* OR ranch* OR graz* OR densit*)) OR (energy AND (drill* OR min* OR quarry*)) OR (((transport* OR service) AND (network* OR corridor* OR infrastructure*)) OR road* OR rail* OR ""ship* lane*"" OR ""flight path*"") OR (""system* modification*"" OR (dams OR (water AND (management OR use)))))) AND ((""climat* change"" OR ""chang* climat*"" OR (""increase* temperature*"" OR ""thermal alteration"" OR ""global warming"") OR (chang* AND precipitation*) OR ((extreme OR severe) AND (weather OR temperature OR precipitation OR climat*)) OR heatwave* OR drought* OR storm* OR flood* OR (UV OR ultraviolet) OR ""sea level rise"" OR ""soil salinization"" OR (""habitat shift*"" AND climate) OR (""habitat alteration"" AND climate) OR ((consumptive OR human OR agricultural) AND ""water stress"")))) AND (que*bec OR canada OR montr*al or Saint-Lawrence or Bas-Saint-Laurent or Saguenay or Lac-Saint-Jean  or Capitale-Nationale or Mauricie or Estrie or Outaouais or Abitibi-T*miscamingue or C*te-Nord or Nord-du-Qu*bec or Gasp*sie–*les-de-la-Madeleine or Chaudi*re-Appalaches or Laval or Lanaudi*re or Laurentides or Mont*r*gie or Centre-du-Qu*bec))"
Land/sea use change,Climate change,"(((""land use chang*"" OR ""land cover chang*"" OR ""land* system* chang*"" OR ""land* chang*"" OR ""land* degradation"" OR ""land* conversion"" OR ""land management"") OR ((marine OR ocean OR sea*) AND use AND change*) OR (""habitat loss*"" OR ""habitat degradation*"" OR ""habitat chang*"" OR ""habitat conversion"" OR ""habitat modification*"" OR ""habitat fragmentation"" OR ""habitat management"") OR (biofuel* OR biogas*) OR ((residential OR urban* OR cities OR housing OR commercial OR industrial OR touris* OR recreation*) AND (extent OR area OR cover* OR proportion* OR percentage*) AND (develop* OR expan* OR increas*)) OR (deforestation OR afforestation OR ""wood plantation*"" OR ""forest* plantation*"" OR ""pulp* plantation*"") OR ((aquaculture* OR agricultur* OR crop* OR ""cultivated area*"" OR farmland OR pasture) AND (develop* OR expan* OR increas* OR intensification OR extensification OR abandon* OR chang*)) OR (livestock AND (farm* OR ranch* OR graz* OR densit*)) OR (energy AND (drill* OR min* OR quarry*)) OR (((transport* OR service) AND (network* OR corridor* OR infrastructure*)) OR road* OR rail* OR ""ship* lane*"" OR ""flight path*"") OR (""system* modification*"" OR (dams OR (water AND (management OR use)))))) AND ((""climat* change"" OR ""chang* climat*"" OR (""increase* temperature*"" OR ""thermal alteration"" OR ""global warming"") OR (chang* AND precipitation*) OR ((extreme OR severe) AND (weather OR temperature OR precipitation OR climat*)) OR heatwave* OR drought* OR storm* OR flood* OR (UV OR ultraviolet) OR ""sea level rise"" OR ""soil salinization"" OR (""habitat shift*"" AND climate) OR (""habitat alteration"" AND climate) OR ((consumptive OR human OR agricultural) AND ""water stress"")))",Species populations,Predatory fish biomass,predator* AND fish* AND (biomass OR abundance),"TS=((predator* AND fish* AND (biomass OR abundance)) AND ((((""land use chang*"" OR ""land cover chang*"" OR ""land* system* chang*"" OR ""land* chang*"" OR ""land* degradation"" OR ""land* conversion"" OR ""land management"") OR ((marine OR ocean OR sea*) AND use AND change*) OR (""habitat loss*"" OR ""habitat degradation*"" OR ""habitat chang*"" OR ""habitat conversion"" OR ""habitat modification*"" OR ""habitat fragmentation"" OR ""habitat management"") OR (biofuel* OR biogas*) OR ((residential OR urban* OR cities OR housing OR commercial OR industrial OR touris* OR recreation*) AND (extent OR area OR cover* OR proportion* OR percentage*) AND (develop* OR expan* OR increas*)) OR (deforestation OR afforestation OR ""wood plantation*"" OR ""forest* plantation*"" OR ""pulp* plantation*"") OR ((aquaculture* OR agricultur* OR crop* OR ""cultivated area*"" OR farmland OR pasture) AND (develop* OR expan* OR increas* OR intensification OR extensification OR abandon* OR chang*)) OR (livestock AND (farm* OR ranch* OR graz* OR densit*)) OR (energy AND (drill* OR min* OR quarry*)) OR (((transport* OR service) AND (network* OR corridor* OR infrastructure*)) OR road* OR rail* OR ""ship* lane*"" OR ""flight path*"") OR (""system* modification*"" OR (dams OR (water AND (management OR use)))))) AND ((""climat* change"" OR ""chang* climat*"" OR (""increase* temperature*"" OR ""thermal alteration"" OR ""global warming"") OR (chang* AND precipitation*) OR ((extreme OR severe) AND (weather OR temperature OR precipitation OR climat*)) OR heatwave* OR drought* OR storm* OR flood* OR (UV OR ultraviolet) OR ""sea level rise"" OR ""soil salinization"" OR (""habitat shift*"" AND climate) OR (""habitat alteration"" AND climate) OR ((consumptive OR human OR agricultural) AND ""water stress"")))) AND (que*bec OR canada OR montr*al or Saint-Lawrence or Bas-Saint-Laurent or Saguenay or Lac-Saint-Jean  or Capitale-Nationale or Mauricie or Estrie or Outaouais or Abitibi-T*miscamingue or C*te-Nord or Nord-du-Qu*bec or Gasp*sie–*les-de-la-Madeleine or Chaudi*re-Appalaches or Laval or Lanaudi*re or Laurentides or Mont*r*gie or Centre-du-Qu*bec))"
Land/sea use change,Climate change,"(((""land use chang*"" OR ""land cover chang*"" OR ""land* system* chang*"" OR ""land* chang*"" OR ""land* degradation"" OR ""land* conversion"" OR ""land management"") OR ((marine OR ocean OR sea*) AND use AND change*) OR (""habitat loss*"" OR ""habitat degradation*"" OR ""habitat chang*"" OR ""habitat conversion"" OR ""habitat modification*"" OR ""habitat fragmentation"" OR ""habitat management"") OR (biofuel* OR biogas*) OR ((residential OR urban* OR cities OR housing OR commercial OR industrial OR touris* OR recreation*) AND (extent OR area OR cover* OR proportion* OR percentage*) AND (develop* OR expan* OR increas*)) OR (deforestation OR afforestation OR ""wood plantation*"" OR ""forest* plantation*"" OR ""pulp* plantation*"") OR ((aquaculture* OR agricultur* OR crop* OR ""cultivated area*"" OR farmland OR pasture) AND (develop* OR expan* OR increas* OR intensification OR extensification OR abandon* OR chang*)) OR (livestock AND (farm* OR ranch* OR graz* OR densit*)) OR (energy AND (drill* OR min* OR quarry*)) OR (((transport* OR service) AND (network* OR corridor* OR infrastructure*)) OR road* OR rail* OR ""ship* lane*"" OR ""flight path*"") OR (""system* modification*"" OR (dams OR (water AND (management OR use)))))) AND ((""climat* change"" OR ""chang* climat*"" OR (""increase* temperature*"" OR ""thermal alteration"" OR ""global warming"") OR (chang* AND precipitation*) OR ((extreme OR severe) AND (weather OR temperature OR precipitation OR climat*)) OR heatwave* OR drought* OR storm* OR flood* OR (UV OR ultraviolet) OR ""sea level rise"" OR ""soil salinization"" OR (""habitat shift*"" AND climate) OR (""habitat alteration"" AND climate) OR ((consumptive OR human OR agricultural) AND ""water stress"")))",Species populations,Prey fish biomass,prey* AND fish* AND (biomass OR abundance),"TS=((prey* AND fish* AND (biomass OR abundance)) AND ((((""land use chang*"" OR ""land cover chang*"" OR ""land* system* chang*"" OR ""land* chang*"" OR ""land* degradation"" OR ""land* conversion"" OR ""land management"") OR ((marine OR ocean OR sea*) AND use AND change*) OR (""habitat loss*"" OR ""habitat degradation*"" OR ""habitat chang*"" OR ""habitat conversion"" OR ""habitat modification*"" OR ""habitat fragmentation"" OR ""habitat management"") OR (biofuel* OR biogas*) OR ((residential OR urban* OR cities OR housing OR commercial OR industrial OR touris* OR recreation*) AND (extent OR area OR cover* OR proportion* OR percentage*) AND (develop* OR expan* OR increas*)) OR (deforestation OR afforestation OR ""wood plantation*"" OR ""forest* plantation*"" OR ""pulp* plantation*"") OR ((aquaculture* OR agricultur* OR crop* OR ""cultivated area*"" OR farmland OR pasture) AND (develop* OR expan* OR increas* OR intensification OR extensification OR abandon* OR chang*)) OR (livestock AND (farm* OR ranch* OR graz* OR densit*)) OR (energy AND (drill* OR min* OR quarry*)) OR (((transport* OR service) AND (network* OR corridor* OR infrastructure*)) OR road* OR rail* OR ""ship* lane*"" OR ""flight path*"") OR (""system* modification*"" OR (dams OR (water AND (management OR use)))))) AND ((""climat* change"" OR ""chang* climat*"" OR (""increase* temperature*"" OR ""thermal alteration"" OR ""global warming"") OR (chang* AND precipitation*) OR ((extreme OR severe) AND (weather OR temperature OR precipitation OR climat*)) OR heatwave* OR drought* OR storm* OR flood* OR (UV OR ultraviolet) OR ""sea level rise"" OR ""soil salinization"" OR (""habitat shift*"" AND climate) OR (""habitat alteration"" AND climate) OR ((consumptive OR human OR agricultural) AND ""water stress"")))) AND (que*bec OR canada OR montr*al or Saint-Lawrence or Bas-Saint-Laurent or Saguenay or Lac-Saint-Jean  or Capitale-Nationale or Mauricie or Estrie or Outaouais or Abitibi-T*miscamingue or C*te-Nord or Nord-du-Qu*bec or Gasp*sie–*les-de-la-Madeleine or Chaudi*re-Appalaches or Laval or Lanaudi*re or Laurentides or Mont*r*gie or Centre-du-Qu*bec))"
Land/sea use change,Climate change,"(((""land use chang*"" OR ""land cover chang*"" OR ""land* system* chang*"" OR ""land* chang*"" OR ""land* degradation"" OR ""land* conversion"" OR ""land management"") OR ((marine OR ocean OR sea*) AND use AND change*) OR (""habitat loss*"" OR ""habitat degradation*"" OR ""habitat chang*"" OR ""habitat conversion"" OR ""habitat modification*"" OR ""habitat fragmentation"" OR ""habitat management"") OR (biofuel* OR biogas*) OR ((residential OR urban* OR cities OR housing OR commercial OR industrial OR touris* OR recreation*) AND (extent OR area OR cover* OR proportion* OR percentage*) AND (develop* OR expan* OR increas*)) OR (deforestation OR afforestation OR ""wood plantation*"" OR ""forest* plantation*"" OR ""pulp* plantation*"") OR ((aquaculture* OR agricultur* OR crop* OR ""cultivated area*"" OR farmland OR pasture) AND (develop* OR expan* OR increas* OR intensification OR extensification OR abandon* OR chang*)) OR (livestock AND (farm* OR ranch* OR graz* OR densit*)) OR (energy AND (drill* OR min* OR quarry*)) OR (((transport* OR service) AND (network* OR corridor* OR infrastructure*)) OR road* OR rail* OR ""ship* lane*"" OR ""flight path*"") OR (""system* modification*"" OR (dams OR (water AND (management OR use)))))) AND ((""climat* change"" OR ""chang* climat*"" OR (""increase* temperature*"" OR ""thermal alteration"" OR ""global warming"") OR (chang* AND precipitation*) OR ((extreme OR severe) AND (weather OR temperature OR precipitation OR climat*)) OR heatwave* OR drought* OR storm* OR flood* OR (UV OR ultraviolet) OR ""sea level rise"" OR ""soil salinization"" OR (""habitat shift*"" AND climate) OR (""habitat alteration"" AND climate) OR ((consumptive OR human OR agricultural) AND ""water stress"")))",Species populations,Proportion of fish stocks within biologically sustainable levels,"fish* AND stock* AND (""sustainab*"" OR safe)","TS=((fish* AND stock* AND (""sustainab*"" OR safe)) AND ((((""land use chang*"" OR ""land cover chang*"" OR ""land* system* chang*"" OR ""land* chang*"" OR ""land* degradation"" OR ""land* conversion"" OR ""land management"") OR ((marine OR ocean OR sea*) AND use AND change*) OR (""habitat loss*"" OR ""habitat degradation*"" OR ""habitat chang*"" OR ""habitat conversion"" OR ""habitat modification*"" OR ""habitat fragmentation"" OR ""habitat management"") OR (biofuel* OR biogas*) OR ((residential OR urban* OR cities OR housing OR commercial OR industrial OR touris* OR recreation*) AND (extent OR area OR cover* OR proportion* OR percentage*) AND (develop* OR expan* OR increas*)) OR (deforestation OR afforestation OR ""wood plantation*"" OR ""forest* plantation*"" OR ""pulp* plantation*"") OR ((aquaculture* OR agricultur* OR crop* OR ""cultivated area*"" OR farmland OR pasture) AND (develop* OR expan* OR increas* OR intensification OR extensification OR abandon* OR chang*)) OR (livestock AND (farm* OR ranch* OR graz* OR densit*)) OR (energy AND (drill* OR min* OR quarry*)) OR (((transport* OR service) AND (network* OR corridor* OR infrastructure*)) OR road* OR rail* OR ""ship* lane*"" OR ""flight path*"") OR (""system* modification*"" OR (dams OR (water AND (management OR use)))))) AND ((""climat* change"" OR ""chang* climat*"" OR (""increase* temperature*"" OR ""thermal alteration"" OR ""global warming"") OR (chang* AND precipitation*) OR ((extreme OR severe) AND (weather OR temperature OR precipitation OR climat*)) OR heatwave* OR drought* OR storm* OR flood* OR (UV OR ultraviolet) OR ""sea level rise"" OR ""soil salinization"" OR (""habitat shift*"" AND climate) OR (""habitat alteration"" AND climate) OR ((consumptive OR human OR agricultural) AND ""water stress"")))) AND (que*bec OR canada OR montr*al or Saint-Lawrence or Bas-Saint-Laurent or Saguenay or Lac-Saint-Jean  or Capitale-Nationale or Mauricie or Estrie or Outaouais or Abitibi-T*miscamingue or C*te-Nord or Nord-du-Qu*bec or Gasp*sie–*les-de-la-Madeleine or Chaudi*re-Appalaches or Laval or Lanaudi*re or Laurentides or Mont*r*gie or Centre-du-Qu*bec))"
Land/sea use change,Climate change,"(((""land use chang*"" OR ""land cover chang*"" OR ""land* system* chang*"" OR ""land* chang*"" OR ""land* degradation"" OR ""land* conversion"" OR ""land management"") OR ((marine OR ocean OR sea*) AND use AND change*) OR (""habitat loss*"" OR ""habitat degradation*"" OR ""habitat chang*"" OR ""habitat conversion"" OR ""habitat modification*"" OR ""habitat fragmentation"" OR ""habitat management"") OR (biofuel* OR biogas*) OR ((residential OR urban* OR cities OR housing OR commercial OR industrial OR touris* OR recreation*) AND (extent OR area OR cover* OR proportion* OR percentage*) AND (develop* OR expan* OR increas*)) OR (deforestation OR afforestation OR ""wood plantation*"" OR ""forest* plantation*"" OR ""pulp* plantation*"") OR ((aquaculture* OR agricultur* OR crop* OR ""cultivated area*"" OR farmland OR pasture) AND (develop* OR expan* OR increas* OR intensification OR extensification OR abandon* OR chang*)) OR (livestock AND (farm* OR ranch* OR graz* OR densit*)) OR (energy AND (drill* OR min* OR quarry*)) OR (((transport* OR service) AND (network* OR corridor* OR infrastructure*)) OR road* OR rail* OR ""ship* lane*"" OR ""flight path*"") OR (""system* modification*"" OR (dams OR (water AND (management OR use)))))) AND ((""climat* change"" OR ""chang* climat*"" OR (""increase* temperature*"" OR ""thermal alteration"" OR ""global warming"") OR (chang* AND precipitation*) OR ((extreme OR severe) AND (weather OR temperature OR precipitation OR climat*)) OR heatwave* OR drought* OR storm* OR flood* OR (UV OR ultraviolet) OR ""sea level rise"" OR ""soil salinization"" OR (""habitat shift*"" AND climate) OR (""habitat alteration"" AND climate) OR ((consumptive OR human OR agricultural) AND ""water stress"")))",Species populations,Red list index,"""red list ind*""","TS=((""red list ind*"") AND ((((""land use chang*"" OR ""land cover chang*"" OR ""land* system* chang*"" OR ""land* chang*"" OR ""land* degradation"" OR ""land* conversion"" OR ""land management"") OR ((marine OR ocean OR sea*) AND use AND change*) OR (""habitat loss*"" OR ""habitat degradation*"" OR ""habitat chang*"" OR ""habitat conversion"" OR ""habitat modification*"" OR ""habitat fragmentation"" OR ""habitat management"") OR (biofuel* OR biogas*) OR ((residential OR urban* OR cities OR housing OR commercial OR industrial OR touris* OR recreation*) AND (extent OR area OR cover* OR proportion* OR percentage*) AND (develop* OR expan* OR increas*)) OR (deforestation OR afforestation OR ""wood plantation*"" OR ""forest* plantation*"" OR ""pulp* plantation*"") OR ((aquaculture* OR agricultur* OR crop* OR ""cultivated area*"" OR farmland OR pasture) AND (develop* OR expan* OR increas* OR intensification OR extensification OR abandon* OR chang*)) OR (livestock AND (farm* OR ranch* OR graz* OR densit*)) OR (energy AND (drill* OR min* OR quarry*)) OR (((transport* OR service) AND (network* OR corridor* OR infrastructure*)) OR road* OR rail* OR ""ship* lane*"" OR ""flight path*"") OR (""system* modification*"" OR (dams OR (water AND (management OR use)))))) AND ((""climat* change"" OR ""chang* climat*"" OR (""increase* temperature*"" OR ""thermal alteration"" OR ""global warming"") OR (chang* AND precipitation*) OR ((extreme OR severe) AND (weather OR temperature OR precipitation OR climat*)) OR heatwave* OR drought* OR storm* OR flood* OR (UV OR ultraviolet) OR ""sea level rise"" OR ""soil salinization"" OR (""habitat shift*"" AND climate) OR (""habitat alteration"" AND climate) OR ((consumptive OR human OR agricultural) AND ""water stress"")))) AND (que*bec OR canada OR montr*al or Saint-Lawrence or Bas-Saint-Laurent or Saguenay or Lac-Saint-Jean  or Capitale-Nationale or Mauricie or Estrie or Outaouais or Abitibi-T*miscamingue or C*te-Nord or Nord-du-Qu*bec or Gasp*sie–*les-de-la-Madeleine or Chaudi*re-Appalaches or Laval or Lanaudi*re or Laurentides or Mont*r*gie or Centre-du-Qu*bec))"
Land/sea use change,Climate change,"(((""land use chang*"" OR ""land cover chang*"" OR ""land* system* chang*"" OR ""land* chang*"" OR ""land* degradation"" OR ""land* conversion"" OR ""land management"") OR ((marine OR ocean OR sea*) AND use AND change*) OR (""habitat loss*"" OR ""habitat degradation*"" OR ""habitat chang*"" OR ""habitat conversion"" OR ""habitat modification*"" OR ""habitat fragmentation"" OR ""habitat management"") OR (biofuel* OR biogas*) OR ((residential OR urban* OR cities OR housing OR commercial OR industrial OR touris* OR recreation*) AND (extent OR area OR cover* OR proportion* OR percentage*) AND (develop* OR expan* OR increas*)) OR (deforestation OR afforestation OR ""wood plantation*"" OR ""forest* plantation*"" OR ""pulp* plantation*"") OR ((aquaculture* OR agricultur* OR crop* OR ""cultivated area*"" OR farmland OR pasture) AND (develop* OR expan* OR increas* OR intensification OR extensification OR abandon* OR chang*)) OR (livestock AND (farm* OR ranch* OR graz* OR densit*)) OR (energy AND (drill* OR min* OR quarry*)) OR (((transport* OR service) AND (network* OR corridor* OR infrastructure*)) OR road* OR rail* OR ""ship* lane*"" OR ""flight path*"") OR (""system* modification*"" OR (dams OR (water AND (management OR use)))))) AND ((""climat* change"" OR ""chang* climat*"" OR (""increase* temperature*"" OR ""thermal alteration"" OR ""global warming"") OR (chang* AND precipitation*) OR ((extreme OR severe) AND (weather OR temperature OR precipitation OR climat*)) OR heatwave* OR drought* OR storm* OR flood* OR (UV OR ultraviolet) OR ""sea level rise"" OR ""soil salinization"" OR (""habitat shift*"" AND climate) OR (""habitat alteration"" AND climate) OR ((consumptive OR human OR agricultural) AND ""water stress"")))",Species populations,Wild bird index,"""wild bird ind*""","TS=((""wild bird ind*"") AND ((((""land use chang*"" OR ""land cover chang*"" OR ""land* system* chang*"" OR ""land* chang*"" OR ""land* degradation"" OR ""land* conversion"" OR ""land management"") OR ((marine OR ocean OR sea*) AND use AND change*) OR (""habitat loss*"" OR ""habitat degradation*"" OR ""habitat chang*"" OR ""habitat conversion"" OR ""habitat modification*"" OR ""habitat fragmentation"" OR ""habitat management"") OR (biofuel* OR biogas*) OR ((residential OR urban* OR cities OR housing OR commercial OR industrial OR touris* OR recreation*) AND (extent OR area OR cover* OR proportion* OR percentage*) AND (develop* OR expan* OR increas*)) OR (deforestation OR afforestation OR ""wood plantation*"" OR ""forest* plantation*"" OR ""pulp* plantation*"") OR ((aquaculture* OR agricultur* OR crop* OR ""cultivated area*"" OR farmland OR pasture) AND (develop* OR expan* OR increas* OR intensification OR extensification OR abandon* OR chang*)) OR (livestock AND (farm* OR ranch* OR graz* OR densit*)) OR (energy AND (drill* OR min* OR quarry*)) OR (((transport* OR service) AND (network* OR corridor* OR infrastructure*)) OR road* OR rail* OR ""ship* lane*"" OR ""flight path*"") OR (""system* modification*"" OR (dams OR (water AND (management OR use)))))) AND ((""climat* change"" OR ""chang* climat*"" OR (""increase* temperature*"" OR ""thermal alteration"" OR ""global warming"") OR (chang* AND precipitation*) OR ((extreme OR severe) AND (weather OR temperature OR precipitation OR climat*)) OR heatwave* OR drought* OR storm* OR flood* OR (UV OR ultraviolet) OR ""sea level rise"" OR ""soil salinization"" OR (""habitat shift*"" AND climate) OR (""habitat alteration"" AND climate) OR ((consumptive OR human OR agricultural) AND ""water stress"")))) AND (que*bec OR canada OR montr*al or Saint-Lawrence or Bas-Saint-Laurent or Saguenay or Lac-Saint-Jean  or Capitale-Nationale or Mauricie or Estrie or Outaouais or Abitibi-T*miscamingue or C*te-Nord or Nord-du-Qu*bec or Gasp*sie–*les-de-la-Madeleine or Chaudi*re-Appalaches or Laval or Lanaudi*re or Laurentides or Mont*r*gie or Centre-du-Qu*bec))"
Land/sea use change,Climate change,"(((""land use chang*"" OR ""land cover chang*"" OR ""land* system* chang*"" OR ""land* chang*"" OR ""land* degradation"" OR ""land* conversion"" OR ""land management"") OR ((marine OR ocean OR sea*) AND use AND change*) OR (""habitat loss*"" OR ""habitat degradation*"" OR ""habitat chang*"" OR ""habitat conversion"" OR ""habitat modification*"" OR ""habitat fragmentation"" OR ""habitat management"") OR (biofuel* OR biogas*) OR ((residential OR urban* OR cities OR housing OR commercial OR industrial OR touris* OR recreation*) AND (extent OR area OR cover* OR proportion* OR percentage*) AND (develop* OR expan* OR increas*)) OR (deforestation OR afforestation OR ""wood plantation*"" OR ""forest* plantation*"" OR ""pulp* plantation*"") OR ((aquaculture* OR agricultur* OR crop* OR ""cultivated area*"" OR farmland OR pasture) AND (develop* OR expan* OR increas* OR intensification OR extensification OR abandon* OR chang*)) OR (livestock AND (farm* OR ranch* OR graz* OR densit*)) OR (energy AND (drill* OR min* OR quarry*)) OR (((transport* OR service) AND (network* OR corridor* OR infrastructure*)) OR road* OR rail* OR ""ship* lane*"" OR ""flight path*"") OR (""system* modification*"" OR (dams OR (water AND (management OR use)))))) AND ((""climat* change"" OR ""chang* climat*"" OR (""increase* temperature*"" OR ""thermal alteration"" OR ""global warming"") OR (chang* AND precipitation*) OR ((extreme OR severe) AND (weather OR temperature OR precipitation OR climat*)) OR heatwave* OR drought* OR storm* OR flood* OR (UV OR ultraviolet) OR ""sea level rise"" OR ""soil salinization"" OR (""habitat shift*"" AND climate) OR (""habitat alteration"" AND climate) OR ((consumptive OR human OR agricultural) AND ""water stress"")))",Species traits,Mean length of fish,"(""mean length*"" OR ""average length*"") AND fish*","TS=(((""mean length*"" OR ""average length*"") AND fish*) AND ((((""land use chang*"" OR ""land cover chang*"" OR ""land* system* chang*"" OR ""land* chang*"" OR ""land* degradation"" OR ""land* conversion"" OR ""land management"") OR ((marine OR ocean OR sea*) AND use AND change*) OR (""habitat loss*"" OR ""habitat degradation*"" OR ""habitat chang*"" OR ""habitat conversion"" OR ""habitat modification*"" OR ""habitat fragmentation"" OR ""habitat management"") OR (biofuel* OR biogas*) OR ((residential OR urban* OR cities OR housing OR commercial OR industrial OR touris* OR recreation*) AND (extent OR area OR cover* OR proportion* OR percentage*) AND (develop* OR expan* OR increas*)) OR (deforestation OR afforestation OR ""wood plantation*"" OR ""forest* plantation*"" OR ""pulp* plantation*"") OR ((aquaculture* OR agricultur* OR crop* OR ""cultivated area*"" OR farmland OR pasture) AND (develop* OR expan* OR increas* OR intensification OR extensification OR abandon* OR chang*)) OR (livestock AND (farm* OR ranch* OR graz* OR densit*)) OR (energy AND (drill* OR min* OR quarry*)) OR (((transport* OR service) AND (network* OR corridor* OR infrastructure*)) OR road* OR rail* OR ""ship* lane*"" OR ""flight path*"") OR (""system* modification*"" OR (dams OR (water AND (management OR use)))))) AND ((""climat* change"" OR ""chang* climat*"" OR (""increase* temperature*"" OR ""thermal alteration"" OR ""global warming"") OR (chang* AND precipitation*) OR ((extreme OR severe) AND (weather OR temperature OR precipitation OR climat*)) OR heatwave* OR drought* OR storm* OR flood* OR (UV OR ultraviolet) OR ""sea level rise"" OR ""soil salinization"" OR (""habitat shift*"" AND climate) OR (""habitat alteration"" AND climate) OR ((consumptive OR human OR agricultural) AND ""water stress"")))) AND (que*bec OR canada OR montr*al or Saint-Lawrence or Bas-Saint-Laurent or Saguenay or Lac-Saint-Jean  or Capitale-Nationale or Mauricie or Estrie or Outaouais or Abitibi-T*miscamingue or C*te-Nord or Nord-du-Qu*bec or Gasp*sie–*les-de-la-Madeleine or Chaudi*re-Appalaches or Laval or Lanaudi*re or Laurentides or Mont*r*gie or Centre-du-Qu*bec))"
Land/sea use change,Climate change,"(((""land use chang*"" OR ""land cover chang*"" OR ""land* system* chang*"" OR ""land* chang*"" OR ""land* degradation"" OR ""land* conversion"" OR ""land management"") OR ((marine OR ocean OR sea*) AND use AND change*) OR (""habitat loss*"" OR ""habitat degradation*"" OR ""habitat chang*"" OR ""habitat conversion"" OR ""habitat modification*"" OR ""habitat fragmentation"" OR ""habitat management"") OR (biofuel* OR biogas*) OR ((residential OR urban* OR cities OR housing OR commercial OR industrial OR touris* OR recreation*) AND (extent OR area OR cover* OR proportion* OR percentage*) AND (develop* OR expan* OR increas*)) OR (deforestation OR afforestation OR ""wood plantation*"" OR ""forest* plantation*"" OR ""pulp* plantation*"") OR ((aquaculture* OR agricultur* OR crop* OR ""cultivated area*"" OR farmland OR pasture) AND (develop* OR expan* OR increas* OR intensification OR extensification OR abandon* OR chang*)) OR (livestock AND (farm* OR ranch* OR graz* OR densit*)) OR (energy AND (drill* OR min* OR quarry*)) OR (((transport* OR service) AND (network* OR corridor* OR infrastructure*)) OR road* OR rail* OR ""ship* lane*"" OR ""flight path*"") OR (""system* modification*"" OR (dams OR (water AND (management OR use)))))) AND ((""climat* change"" OR ""chang* climat*"" OR (""increase* temperature*"" OR ""thermal alteration"" OR ""global warming"") OR (chang* AND precipitation*) OR ((extreme OR severe) AND (weather OR temperature OR precipitation OR climat*)) OR heatwave* OR drought* OR storm* OR flood* OR (UV OR ultraviolet) OR ""sea level rise"" OR ""soil salinization"" OR (""habitat shift*"" AND climate) OR (""habitat alteration"" AND climate) OR ((consumptive OR human OR agricultural) AND ""water stress"")))",Species traits,Proportion of predatory fish,"(proportion OR ratio OR percentage) AND ""predator* fish*""","TS=(((proportion OR ratio OR percentage) AND ""predator* fish*"") AND ((((""land use chang*"" OR ""land cover chang*"" OR ""land* system* chang*"" OR ""land* chang*"" OR ""land* degradation"" OR ""land* conversion"" OR ""land management"") OR ((marine OR ocean OR sea*) AND use AND change*) OR (""habitat loss*"" OR ""habitat degradation*"" OR ""habitat chang*"" OR ""habitat conversion"" OR ""habitat modification*"" OR ""habitat fragmentation"" OR ""habitat management"") OR (biofuel* OR biogas*) OR ((residential OR urban* OR cities OR housing OR commercial OR industrial OR touris* OR recreation*) AND (extent OR area OR cover* OR proportion* OR percentage*) AND (develop* OR expan* OR increas*)) OR (deforestation OR afforestation OR ""wood plantation*"" OR ""forest* plantation*"" OR ""pulp* plantation*"") OR ((aquaculture* OR agricultur* OR crop* OR ""cultivated area*"" OR farmland OR pasture) AND (develop* OR expan* OR increas* OR intensification OR extensification OR abandon* OR chang*)) OR (livestock AND (farm* OR ranch* OR graz* OR densit*)) OR (energy AND (drill* OR min* OR quarry*)) OR (((transport* OR service) AND (network* OR corridor* OR infrastructure*)) OR road* OR rail* OR ""ship* lane*"" OR ""flight path*"") OR (""system* modification*"" OR (dams OR (water AND (management OR use)))))) AND ((""climat* change"" OR ""chang* climat*"" OR (""increase* temperature*"" OR ""thermal alteration"" OR ""global warming"") OR (chang* AND precipitation*) OR ((extreme OR severe) AND (weather OR temperature OR precipitation OR climat*)) OR heatwave* OR drought* OR storm* OR flood* OR (UV OR ultraviolet) OR ""sea level rise"" OR ""soil salinization"" OR (""habitat shift*"" AND climate) OR (""habitat alteration"" AND climate) OR ((consumptive OR human OR agricultural) AND ""water stress"")))) AND (que*bec OR canada OR montr*al or Saint-Lawrence or Bas-Saint-Laurent or Saguenay or Lac-Saint-Jean  or Capitale-Nationale or Mauricie or Estrie or Outaouais or Abitibi-T*miscamingue or C*te-Nord or Nord-du-Qu*bec or Gasp*sie–*les-de-la-Madeleine or Chaudi*re-Appalaches or Laval or Lanaudi*re or Laurentides or Mont*r*gie or Centre-du-Qu*bec))"
Land/sea use change,Pollution,"(((""land use chang*"" OR ""land cover chang*"" OR ""land* system* chang*"" OR ""land* chang*"" OR ""land* degradation"" OR ""land* conversion"" OR ""land management"") OR ((marine OR ocean OR sea*) AND use AND change*) OR (""habitat loss*"" OR ""habitat degradation*"" OR ""habitat chang*"" OR ""habitat conversion"" OR ""habitat modification*"" OR ""habitat fragmentation"" OR ""habitat management"") OR (biofuel* OR biogas*) OR ((residential OR urban* OR cities OR housing OR commercial OR industrial OR touris* OR recreation*) AND (extent OR area OR cover* OR proportion* OR percentage*) AND (develop* OR expan* OR increas*)) OR (deforestation OR afforestation OR ""wood plantation*"" OR ""forest* plantation*"" OR ""pulp* plantation*"") OR ((aquaculture* OR agricultur* OR crop* OR ""cultivated area*"" OR farmland OR pasture) AND (develop* OR expan* OR increas* OR intensification OR extensification OR abandon* OR chang*)) OR (livestock AND (farm* OR ranch* OR graz* OR densit*)) OR (energy AND (drill* OR min* OR quarry*)) OR (((transport* OR service) AND (network* OR corridor* OR infrastructure*)) OR road* OR rail* OR ""ship* lane*"" OR ""flight path*"") OR (""system* modification*"" OR (dams OR (water AND (management OR use)))))) AND (((pollut* OR contamin* OR emission* OR spill-over* OR disposal* OR deposition* OR load* OR dump* OR discharge*) OR ((noise OR light OR gas* OR particle* OR particulate* OR nitrogen OR sulphur* OR phosphor* OR waste* OR garbage OR sewage OR pesticide* OR fertilizer* OR nutrient* OR ""oil spill*"" OR metal OR salinization OR salinisation OR acidification OR solid OR plastic OR mercury OR nutrient* OR pollutant*) AND (soil OR water OR ocean OR marine OR atmosphere OR air)) OR ((industrial OR military OR agricultur* OR forest*) AND effluent*)))",Community composition,NA,"(((communit* OR assemblage* OR taxonom* OR species) AND (dominance* OR richness OR turnover OR diversit* OR composition OR similarit)) OR (""species interaction"" OR ""biotic interaction*""))","TS=(((((communit* OR assemblage* OR taxonom* OR species) AND (dominance* OR richness OR turnover OR diversit* OR composition OR similarit)) OR (""species interaction"" OR ""biotic interaction*""))) AND ((((""land use chang*"" OR ""land cover chang*"" OR ""land* system* chang*"" OR ""land* chang*"" OR ""land* degradation"" OR ""land* conversion"" OR ""land management"") OR ((marine OR ocean OR sea*) AND use AND change*) OR (""habitat loss*"" OR ""habitat degradation*"" OR ""habitat chang*"" OR ""habitat conversion"" OR ""habitat modification*"" OR ""habitat fragmentation"" OR ""habitat management"") OR (biofuel* OR biogas*) OR ((residential OR urban* OR cities OR housing OR commercial OR industrial OR touris* OR recreation*) AND (extent OR area OR cover* OR proportion* OR percentage*) AND (develop* OR expan* OR increas*)) OR (deforestation OR afforestation OR ""wood plantation*"" OR ""forest* plantation*"" OR ""pulp* plantation*"") OR ((aquaculture* OR agricultur* OR crop* OR ""cultivated area*"" OR farmland OR pasture) AND (develop* OR expan* OR increas* OR intensification OR extensification OR abandon* OR chang*)) OR (livestock AND (farm* OR ranch* OR graz* OR densit*)) OR (energy AND (drill* OR min* OR quarry*)) OR (((transport* OR service) AND (network* OR corridor* OR infrastructure*)) OR road* OR rail* OR ""ship* lane*"" OR ""flight path*"") OR (""system* modification*"" OR (dams OR (water AND (management OR use)))))) AND (((pollut* OR contamin* OR emission* OR spill-over* OR disposal* OR deposition* OR load* OR dump* OR discharge*) OR ((noise OR light OR gas* OR particle* OR particulate* OR nitrogen OR sulphur* OR phosphor* OR waste* OR garbage OR sewage OR pesticide* OR fertilizer* OR nutrient* OR ""oil spill*"" OR metal OR salinization OR salinisation OR acidification OR solid OR plastic OR mercury OR nutrient* OR pollutant*) AND (soil OR water OR ocean OR marine OR atmosphere OR air)) OR ((industrial OR military OR agricultur* OR forest*) AND effluent*)))) AND (que*bec OR canada OR montr*al or Saint-Lawrence or Bas-Saint-Laurent or Saguenay or Lac-Saint-Jean  or Capitale-Nationale or Mauricie or Estrie or Outaouais or Abitibi-T*miscamingue or C*te-Nord or Nord-du-Qu*bec or Gasp*sie–*les-de-la-Madeleine or Chaudi*re-Appalaches or Laval or Lanaudi*re or Laurentides or Mont*r*gie or Centre-du-Qu*bec))"
Land/sea use change,Pollution,"(((""land use chang*"" OR ""land cover chang*"" OR ""land* system* chang*"" OR ""land* chang*"" OR ""land* degradation"" OR ""land* conversion"" OR ""land management"") OR ((marine OR ocean OR sea*) AND use AND change*) OR (""habitat loss*"" OR ""habitat degradation*"" OR ""habitat chang*"" OR ""habitat conversion"" OR ""habitat modification*"" OR ""habitat fragmentation"" OR ""habitat management"") OR (biofuel* OR biogas*) OR ((residential OR urban* OR cities OR housing OR commercial OR industrial OR touris* OR recreation*) AND (extent OR area OR cover* OR proportion* OR percentage*) AND (develop* OR expan* OR increas*)) OR (deforestation OR afforestation OR ""wood plantation*"" OR ""forest* plantation*"" OR ""pulp* plantation*"") OR ((aquaculture* OR agricultur* OR crop* OR ""cultivated area*"" OR farmland OR pasture) AND (develop* OR expan* OR increas* OR intensification OR extensification OR abandon* OR chang*)) OR (livestock AND (farm* OR ranch* OR graz* OR densit*)) OR (energy AND (drill* OR min* OR quarry*)) OR (((transport* OR service) AND (network* OR corridor* OR infrastructure*)) OR road* OR rail* OR ""ship* lane*"" OR ""flight path*"") OR (""system* modification*"" OR (dams OR (water AND (management OR use)))))) AND (((pollut* OR contamin* OR emission* OR spill-over* OR disposal* OR deposition* OR load* OR dump* OR discharge*) OR ((noise OR light OR gas* OR particle* OR particulate* OR nitrogen OR sulphur* OR phosphor* OR waste* OR garbage OR sewage OR pesticide* OR fertilizer* OR nutrient* OR ""oil spill*"" OR metal OR salinization OR salinisation OR acidification OR solid OR plastic OR mercury OR nutrient* OR pollutant*) AND (soil OR water OR ocean OR marine OR atmosphere OR air)) OR ((industrial OR military OR agricultur* OR forest*) AND effluent*)))",Ecosystem function,NA,"(""ecosystem function"" OR ""net primary productivity"" OR ""secondary productivity"" OR ""nutrient retention"" OR ""disturbance regime"" OR ""carbon sequestration"")","TS=(((""ecosystem function"" OR ""net primary productivity"" OR ""secondary productivity"" OR ""nutrient retention"" OR ""disturbance regime"" OR ""carbon sequestration"")) AND ((((""land use chang*"" OR ""land cover chang*"" OR ""land* system* chang*"" OR ""land* chang*"" OR ""land* degradation"" OR ""land* conversion"" OR ""land management"") OR ((marine OR ocean OR sea*) AND use AND change*) OR (""habitat loss*"" OR ""habitat degradation*"" OR ""habitat chang*"" OR ""habitat conversion"" OR ""habitat modification*"" OR ""habitat fragmentation"" OR ""habitat management"") OR (biofuel* OR biogas*) OR ((residential OR urban* OR cities OR housing OR commercial OR industrial OR touris* OR recreation*) AND (extent OR area OR cover* OR proportion* OR percentage*) AND (develop* OR expan* OR increas*)) OR (deforestation OR afforestation OR ""wood plantation*"" OR ""forest* plantation*"" OR ""pulp* plantation*"") OR ((aquaculture* OR agricultur* OR crop* OR ""cultivated area*"" OR farmland OR pasture) AND (develop* OR expan* OR increas* OR intensification OR extensification OR abandon* OR chang*)) OR (livestock AND (farm* OR ranch* OR graz* OR densit*)) OR (energy AND (drill* OR min* OR quarry*)) OR (((transport* OR service) AND (network* OR corridor* OR infrastructure*)) OR road* OR rail* OR ""ship* lane*"" OR ""flight path*"") OR (""system* modification*"" OR (dams OR (water AND (management OR use)))))) AND (((pollut* OR contamin* OR emission* OR spill-over* OR disposal* OR deposition* OR load* OR dump* OR discharge*) OR ((noise OR light OR gas* OR particle* OR particulate* OR nitrogen OR sulphur* OR phosphor* OR waste* OR garbage OR sewage OR pesticide* OR fertilizer* OR nutrient* OR ""oil spill*"" OR metal OR salinization OR salinisation OR acidification OR solid OR plastic OR mercury OR nutrient* OR pollutant*) AND (soil OR water OR ocean OR marine OR atmosphere OR air)) OR ((industrial OR military OR agricultur* OR forest*) AND effluent*)))) AND (que*bec OR canada OR montr*al or Saint-Lawrence or Bas-Saint-Laurent or Saguenay or Lac-Saint-Jean  or Capitale-Nationale or Mauricie or Estrie or Outaouais or Abitibi-T*miscamingue or C*te-Nord or Nord-du-Qu*bec or Gasp*sie–*les-de-la-Madeleine or Chaudi*re-Appalaches or Laval or Lanaudi*re or Laurentides or Mont*r*gie or Centre-du-Qu*bec))"
Land/sea use change,Pollution,"(((""land use chang*"" OR ""land cover chang*"" OR ""land* system* chang*"" OR ""land* chang*"" OR ""land* degradation"" OR ""land* conversion"" OR ""land management"") OR ((marine OR ocean OR sea*) AND use AND change*) OR (""habitat loss*"" OR ""habitat degradation*"" OR ""habitat chang*"" OR ""habitat conversion"" OR ""habitat modification*"" OR ""habitat fragmentation"" OR ""habitat management"") OR (biofuel* OR biogas*) OR ((residential OR urban* OR cities OR housing OR commercial OR industrial OR touris* OR recreation*) AND (extent OR area OR cover* OR proportion* OR percentage*) AND (develop* OR expan* OR increas*)) OR (deforestation OR afforestation OR ""wood plantation*"" OR ""forest* plantation*"" OR ""pulp* plantation*"") OR ((aquaculture* OR agricultur* OR crop* OR ""cultivated area*"" OR farmland OR pasture) AND (develop* OR expan* OR increas* OR intensification OR extensification OR abandon* OR chang*)) OR (livestock AND (farm* OR ranch* OR graz* OR densit*)) OR (energy AND (drill* OR min* OR quarry*)) OR (((transport* OR service) AND (network* OR corridor* OR infrastructure*)) OR road* OR rail* OR ""ship* lane*"" OR ""flight path*"") OR (""system* modification*"" OR (dams OR (water AND (management OR use)))))) AND (((pollut* OR contamin* OR emission* OR spill-over* OR disposal* OR deposition* OR load* OR dump* OR discharge*) OR ((noise OR light OR gas* OR particle* OR particulate* OR nitrogen OR sulphur* OR phosphor* OR waste* OR garbage OR sewage OR pesticide* OR fertilizer* OR nutrient* OR ""oil spill*"" OR metal OR salinization OR salinisation OR acidification OR solid OR plastic OR mercury OR nutrient* OR pollutant*) AND (soil OR water OR ocean OR marine OR atmosphere OR air)) OR ((industrial OR military OR agricultur* OR forest*) AND effluent*)))",Ecosystem structure,NA,"(""ecosystem* structure"" OR ""habitat structure"" OR ((ecosystem OR habitat*) AND ((extent OR area OR coverage OR proportion) AND fragmentation)) OR ((ecosystem OR landscape) AND composition AND ""functional type""))","TS=(((""ecosystem* structure"" OR ""habitat structure"" OR ((ecosystem OR habitat*) AND ((extent OR area OR coverage OR proportion) AND fragmentation)) OR ((ecosystem OR landscape) AND composition AND ""functional type""))) AND ((((""land use chang*"" OR ""land cover chang*"" OR ""land* system* chang*"" OR ""land* chang*"" OR ""land* degradation"" OR ""land* conversion"" OR ""land management"") OR ((marine OR ocean OR sea*) AND use AND change*) OR (""habitat loss*"" OR ""habitat degradation*"" OR ""habitat chang*"" OR ""habitat conversion"" OR ""habitat modification*"" OR ""habitat fragmentation"" OR ""habitat management"") OR (biofuel* OR biogas*) OR ((residential OR urban* OR cities OR housing OR commercial OR industrial OR touris* OR recreation*) AND (extent OR area OR cover* OR proportion* OR percentage*) AND (develop* OR expan* OR increas*)) OR (deforestation OR afforestation OR ""wood plantation*"" OR ""forest* plantation*"" OR ""pulp* plantation*"") OR ((aquaculture* OR agricultur* OR crop* OR ""cultivated area*"" OR farmland OR pasture) AND (develop* OR expan* OR increas* OR intensification OR extensification OR abandon* OR chang*)) OR (livestock AND (farm* OR ranch* OR graz* OR densit*)) OR (energy AND (drill* OR min* OR quarry*)) OR (((transport* OR service) AND (network* OR corridor* OR infrastructure*)) OR road* OR rail* OR ""ship* lane*"" OR ""flight path*"") OR (""system* modification*"" OR (dams OR (water AND (management OR use)))))) AND (((pollut* OR contamin* OR emission* OR spill-over* OR disposal* OR deposition* OR load* OR dump* OR discharge*) OR ((noise OR light OR gas* OR particle* OR particulate* OR nitrogen OR sulphur* OR phosphor* OR waste* OR garbage OR sewage OR pesticide* OR fertilizer* OR nutrient* OR ""oil spill*"" OR metal OR salinization OR salinisation OR acidification OR solid OR plastic OR mercury OR nutrient* OR pollutant*) AND (soil OR water OR ocean OR marine OR atmosphere OR air)) OR ((industrial OR military OR agricultur* OR forest*) AND effluent*)))) AND (que*bec OR canada OR montr*al or Saint-Lawrence or Bas-Saint-Laurent or Saguenay or Lac-Saint-Jean  or Capitale-Nationale or Mauricie or Estrie or Outaouais or Abitibi-T*miscamingue or C*te-Nord or Nord-du-Qu*bec or Gasp*sie–*les-de-la-Madeleine or Chaudi*re-Appalaches or Laval or Lanaudi*re or Laurentides or Mont*r*gie or Centre-du-Qu*bec))"
Land/sea use change,Pollution,"(((""land use chang*"" OR ""land cover chang*"" OR ""land* system* chang*"" OR ""land* chang*"" OR ""land* degradation"" OR ""land* conversion"" OR ""land management"") OR ((marine OR ocean OR sea*) AND use AND change*) OR (""habitat loss*"" OR ""habitat degradation*"" OR ""habitat chang*"" OR ""habitat conversion"" OR ""habitat modification*"" OR ""habitat fragmentation"" OR ""habitat management"") OR (biofuel* OR biogas*) OR ((residential OR urban* OR cities OR housing OR commercial OR industrial OR touris* OR recreation*) AND (extent OR area OR cover* OR proportion* OR percentage*) AND (develop* OR expan* OR increas*)) OR (deforestation OR afforestation OR ""wood plantation*"" OR ""forest* plantation*"" OR ""pulp* plantation*"") OR ((aquaculture* OR agricultur* OR crop* OR ""cultivated area*"" OR farmland OR pasture) AND (develop* OR expan* OR increas* OR intensification OR extensification OR abandon* OR chang*)) OR (livestock AND (farm* OR ranch* OR graz* OR densit*)) OR (energy AND (drill* OR min* OR quarry*)) OR (((transport* OR service) AND (network* OR corridor* OR infrastructure*)) OR road* OR rail* OR ""ship* lane*"" OR ""flight path*"") OR (""system* modification*"" OR (dams OR (water AND (management OR use)))))) AND (((pollut* OR contamin* OR emission* OR spill-over* OR disposal* OR deposition* OR load* OR dump* OR discharge*) OR ((noise OR light OR gas* OR particle* OR particulate* OR nitrogen OR sulphur* OR phosphor* OR waste* OR garbage OR sewage OR pesticide* OR fertilizer* OR nutrient* OR ""oil spill*"" OR metal OR salinization OR salinisation OR acidification OR solid OR plastic OR mercury OR nutrient* OR pollutant*) AND (soil OR water OR ocean OR marine OR atmosphere OR air)) OR ((industrial OR military OR agricultur* OR forest*) AND effluent*)))",Genetic composition,NA,"(""genetic* composition"" OR (co-ancestr* OR coancestr) OR ""allel diversit"" OR ""phylogenetic diversit"" OR (""population diversit"" OR (population AND ""genetic differen"")) OR ((breed OR variet) AND diversit) OR ""intra-specific diversit"" OR ""genetic diversit"" OR ""genetic variation"")","TS=(((""genetic* composition"" OR (co-ancestr* OR coancestr) OR ""allel diversit"" OR ""phylogenetic diversit"" OR (""population diversit"" OR (population AND ""genetic differen"")) OR ((breed OR variet) AND diversit) OR ""intra-specific diversit"" OR ""genetic diversit"" OR ""genetic variation"")) AND ((((""land use chang*"" OR ""land cover chang*"" OR ""land* system* chang*"" OR ""land* chang*"" OR ""land* degradation"" OR ""land* conversion"" OR ""land management"") OR ((marine OR ocean OR sea*) AND use AND change*) OR (""habitat loss*"" OR ""habitat degradation*"" OR ""habitat chang*"" OR ""habitat conversion"" OR ""habitat modification*"" OR ""habitat fragmentation"" OR ""habitat management"") OR (biofuel* OR biogas*) OR ((residential OR urban* OR cities OR housing OR commercial OR industrial OR touris* OR recreation*) AND (extent OR area OR cover* OR proportion* OR percentage*) AND (develop* OR expan* OR increas*)) OR (deforestation OR afforestation OR ""wood plantation*"" OR ""forest* plantation*"" OR ""pulp* plantation*"") OR ((aquaculture* OR agricultur* OR crop* OR ""cultivated area*"" OR farmland OR pasture) AND (develop* OR expan* OR increas* OR intensification OR extensification OR abandon* OR chang*)) OR (livestock AND (farm* OR ranch* OR graz* OR densit*)) OR (energy AND (drill* OR min* OR quarry*)) OR (((transport* OR service) AND (network* OR corridor* OR infrastructure*)) OR road* OR rail* OR ""ship* lane*"" OR ""flight path*"") OR (""system* modification*"" OR (dams OR (water AND (management OR use)))))) AND (((pollut* OR contamin* OR emission* OR spill-over* OR disposal* OR deposition* OR load* OR dump* OR discharge*) OR ((noise OR light OR gas* OR particle* OR particulate* OR nitrogen OR sulphur* OR phosphor* OR waste* OR garbage OR sewage OR pesticide* OR fertilizer* OR nutrient* OR ""oil spill*"" OR metal OR salinization OR salinisation OR acidification OR solid OR plastic OR mercury OR nutrient* OR pollutant*) AND (soil OR water OR ocean OR marine OR atmosphere OR air)) OR ((industrial OR military OR agricultur* OR forest*) AND effluent*)))) AND (que*bec OR canada OR montr*al or Saint-Lawrence or Bas-Saint-Laurent or Saguenay or Lac-Saint-Jean  or Capitale-Nationale or Mauricie or Estrie or Outaouais or Abitibi-T*miscamingue or C*te-Nord or Nord-du-Qu*bec or Gasp*sie–*les-de-la-Madeleine or Chaudi*re-Appalaches or Laval or Lanaudi*re or Laurentides or Mont*r*gie or Centre-du-Qu*bec))"
Land/sea use change,Pollution,"(((""land use chang*"" OR ""land cover chang*"" OR ""land* system* chang*"" OR ""land* chang*"" OR ""land* degradation"" OR ""land* conversion"" OR ""land management"") OR ((marine OR ocean OR sea*) AND use AND change*) OR (""habitat loss*"" OR ""habitat degradation*"" OR ""habitat chang*"" OR ""habitat conversion"" OR ""habitat modification*"" OR ""habitat fragmentation"" OR ""habitat management"") OR (biofuel* OR biogas*) OR ((residential OR urban* OR cities OR housing OR commercial OR industrial OR touris* OR recreation*) AND (extent OR area OR cover* OR proportion* OR percentage*) AND (develop* OR expan* OR increas*)) OR (deforestation OR afforestation OR ""wood plantation*"" OR ""forest* plantation*"" OR ""pulp* plantation*"") OR ((aquaculture* OR agricultur* OR crop* OR ""cultivated area*"" OR farmland OR pasture) AND (develop* OR expan* OR increas* OR intensification OR extensification OR abandon* OR chang*)) OR (livestock AND (farm* OR ranch* OR graz* OR densit*)) OR (energy AND (drill* OR min* OR quarry*)) OR (((transport* OR service) AND (network* OR corridor* OR infrastructure*)) OR road* OR rail* OR ""ship* lane*"" OR ""flight path*"") OR (""system* modification*"" OR (dams OR (water AND (management OR use)))))) AND (((pollut* OR contamin* OR emission* OR spill-over* OR disposal* OR deposition* OR load* OR dump* OR discharge*) OR ((noise OR light OR gas* OR particle* OR particulate* OR nitrogen OR sulphur* OR phosphor* OR waste* OR garbage OR sewage OR pesticide* OR fertilizer* OR nutrient* OR ""oil spill*"" OR metal OR salinization OR salinisation OR acidification OR solid OR plastic OR mercury OR nutrient* OR pollutant*) AND (soil OR water OR ocean OR marine OR atmosphere OR air)) OR ((industrial OR military OR agricultur* OR forest*) AND effluent*)))",Species populations,NA,(species OR population) AND ((distribution OR range) OR (abundance OR size* OR densit* OR demograph* OR dynamic* OR reproduct* OR surviv* OR growth OR persistence OR viab*) OR (structure AND (age OR size))),"TS=(((species OR population) AND ((distribution OR range) OR (abundance OR size* OR densit* OR demograph* OR dynamic* OR reproduct* OR surviv* OR growth OR persistence OR viab*) OR (structure AND (age OR size)))) AND ((((""land use chang*"" OR ""land cover chang*"" OR ""land* system* chang*"" OR ""land* chang*"" OR ""land* degradation"" OR ""land* conversion"" OR ""land management"") OR ((marine OR ocean OR sea*) AND use AND change*) OR (""habitat loss*"" OR ""habitat degradation*"" OR ""habitat chang*"" OR ""habitat conversion"" OR ""habitat modification*"" OR ""habitat fragmentation"" OR ""habitat management"") OR (biofuel* OR biogas*) OR ((residential OR urban* OR cities OR housing OR commercial OR industrial OR touris* OR recreation*) AND (extent OR area OR cover* OR proportion* OR percentage*) AND (develop* OR expan* OR increas*)) OR (deforestation OR afforestation OR ""wood plantation*"" OR ""forest* plantation*"" OR ""pulp* plantation*"") OR ((aquaculture* OR agricultur* OR crop* OR ""cultivated area*"" OR farmland OR pasture) AND (develop* OR expan* OR increas* OR intensification OR extensification OR abandon* OR chang*)) OR (livestock AND (farm* OR ranch* OR graz* OR densit*)) OR (energy AND (drill* OR min* OR quarry*)) OR (((transport* OR service) AND (network* OR corridor* OR infrastructure*)) OR road* OR rail* OR ""ship* lane*"" OR ""flight path*"") OR (""system* modification*"" OR (dams OR (water AND (management OR use)))))) AND (((pollut* OR contamin* OR emission* OR spill-over* OR disposal* OR deposition* OR load* OR dump* OR discharge*) OR ((noise OR light OR gas* OR particle* OR particulate* OR nitrogen OR sulphur* OR phosphor* OR waste* OR garbage OR sewage OR pesticide* OR fertilizer* OR nutrient* OR ""oil spill*"" OR metal OR salinization OR salinisation OR acidification OR solid OR plastic OR mercury OR nutrient* OR pollutant*) AND (soil OR water OR ocean OR marine OR atmosphere OR air)) OR ((industrial OR military OR agricultur* OR forest*) AND effluent*)))) AND (que*bec OR canada OR montr*al or Saint-Lawrence or Bas-Saint-Laurent or Saguenay or Lac-Saint-Jean  or Capitale-Nationale or Mauricie or Estrie or Outaouais or Abitibi-T*miscamingue or C*te-Nord or Nord-du-Qu*bec or Gasp*sie–*les-de-la-Madeleine or Chaudi*re-Appalaches or Laval or Lanaudi*re or Laurentides or Mont*r*gie or Centre-du-Qu*bec))"
Land/sea use change,Pollution,"(((""land use chang*"" OR ""land cover chang*"" OR ""land* system* chang*"" OR ""land* chang*"" OR ""land* degradation"" OR ""land* conversion"" OR ""land management"") OR ((marine OR ocean OR sea*) AND use AND change*) OR (""habitat loss*"" OR ""habitat degradation*"" OR ""habitat chang*"" OR ""habitat conversion"" OR ""habitat modification*"" OR ""habitat fragmentation"" OR ""habitat management"") OR (biofuel* OR biogas*) OR ((residential OR urban* OR cities OR housing OR commercial OR industrial OR touris* OR recreation*) AND (extent OR area OR cover* OR proportion* OR percentage*) AND (develop* OR expan* OR increas*)) OR (deforestation OR afforestation OR ""wood plantation*"" OR ""forest* plantation*"" OR ""pulp* plantation*"") OR ((aquaculture* OR agricultur* OR crop* OR ""cultivated area*"" OR farmland OR pasture) AND (develop* OR expan* OR increas* OR intensification OR extensification OR abandon* OR chang*)) OR (livestock AND (farm* OR ranch* OR graz* OR densit*)) OR (energy AND (drill* OR min* OR quarry*)) OR (((transport* OR service) AND (network* OR corridor* OR infrastructure*)) OR road* OR rail* OR ""ship* lane*"" OR ""flight path*"") OR (""system* modification*"" OR (dams OR (water AND (management OR use)))))) AND (((pollut* OR contamin* OR emission* OR spill-over* OR disposal* OR deposition* OR load* OR dump* OR discharge*) OR ((noise OR light OR gas* OR particle* OR particulate* OR nitrogen OR sulphur* OR phosphor* OR waste* OR garbage OR sewage OR pesticide* OR fertilizer* OR nutrient* OR ""oil spill*"" OR metal OR salinization OR salinisation OR acidification OR solid OR plastic OR mercury OR nutrient* OR pollutant*) AND (soil OR water OR ocean OR marine OR atmosphere OR air)) OR ((industrial OR military OR agricultur* OR forest*) AND effluent*)))",Species traits,NA,"((""ecological trait"" OR ""biological trait"" OR ""species trait"") OR (""body mass"" OR ""body size"") OR ""natal dispers"" OR ((migrat* OR dispers* OR demograph* OR physiolog* OR life-history* OR phenolog) AND (trait OR behav* OR attribute OR feature)))","TS=((((""ecological trait"" OR ""biological trait"" OR ""species trait"") OR (""body mass"" OR ""body size"") OR ""natal dispers"" OR ((migrat* OR dispers* OR demograph* OR physiolog* OR life-history* OR phenolog) AND (trait OR behav* OR attribute OR feature)))) AND ((((""land use chang*"" OR ""land cover chang*"" OR ""land* system* chang*"" OR ""land* chang*"" OR ""land* degradation"" OR ""land* conversion"" OR ""land management"") OR ((marine OR ocean OR sea*) AND use AND change*) OR (""habitat loss*"" OR ""habitat degradation*"" OR ""habitat chang*"" OR ""habitat conversion"" OR ""habitat modification*"" OR ""habitat fragmentation"" OR ""habitat management"") OR (biofuel* OR biogas*) OR ((residential OR urban* OR cities OR housing OR commercial OR industrial OR touris* OR recreation*) AND (extent OR area OR cover* OR proportion* OR percentage*) AND (develop* OR expan* OR increas*)) OR (deforestation OR afforestation OR ""wood plantation*"" OR ""forest* plantation*"" OR ""pulp* plantation*"") OR ((aquaculture* OR agricultur* OR crop* OR ""cultivated area*"" OR farmland OR pasture) AND (develop* OR expan* OR increas* OR intensification OR extensification OR abandon* OR chang*)) OR (livestock AND (farm* OR ranch* OR graz* OR densit*)) OR (energy AND (drill* OR min* OR quarry*)) OR (((transport* OR service) AND (network* OR corridor* OR infrastructure*)) OR road* OR rail* OR ""ship* lane*"" OR ""flight path*"") OR (""system* modification*"" OR (dams OR (water AND (management OR use)))))) AND (((pollut* OR contamin* OR emission* OR spill-over* OR disposal* OR deposition* OR load* OR dump* OR discharge*) OR ((noise OR light OR gas* OR particle* OR particulate* OR nitrogen OR sulphur* OR phosphor* OR waste* OR garbage OR sewage OR pesticide* OR fertilizer* OR nutrient* OR ""oil spill*"" OR metal OR salinization OR salinisation OR acidification OR solid OR plastic OR mercury OR nutrient* OR pollutant*) AND (soil OR water OR ocean OR marine OR atmosphere OR air)) OR ((industrial OR military OR agricultur* OR forest*) AND effluent*)))) AND (que*bec OR canada OR montr*al or Saint-Lawrence or Bas-Saint-Laurent or Saguenay or Lac-Saint-Jean  or Capitale-Nationale or Mauricie or Estrie or Outaouais or Abitibi-T*miscamingue or C*te-Nord or Nord-du-Qu*bec or Gasp*sie–*les-de-la-Madeleine or Chaudi*re-Appalaches or Laval or Lanaudi*re or Laurentides or Mont*r*gie or Centre-du-Qu*bec))"
Land/sea use change,Pollution,"(((""land use chang*"" OR ""land cover chang*"" OR ""land* system* chang*"" OR ""land* chang*"" OR ""land* degradation"" OR ""land* conversion"" OR ""land management"") OR ((marine OR ocean OR sea*) AND use AND change*) OR (""habitat loss*"" OR ""habitat degradation*"" OR ""habitat chang*"" OR ""habitat conversion"" OR ""habitat modification*"" OR ""habitat fragmentation"" OR ""habitat management"") OR (biofuel* OR biogas*) OR ((residential OR urban* OR cities OR housing OR commercial OR industrial OR touris* OR recreation*) AND (extent OR area OR cover* OR proportion* OR percentage*) AND (develop* OR expan* OR increas*)) OR (deforestation OR afforestation OR ""wood plantation*"" OR ""forest* plantation*"" OR ""pulp* plantation*"") OR ((aquaculture* OR agricultur* OR crop* OR ""cultivated area*"" OR farmland OR pasture) AND (develop* OR expan* OR increas* OR intensification OR extensification OR abandon* OR chang*)) OR (livestock AND (farm* OR ranch* OR graz* OR densit*)) OR (energy AND (drill* OR min* OR quarry*)) OR (((transport* OR service) AND (network* OR corridor* OR infrastructure*)) OR road* OR rail* OR ""ship* lane*"" OR ""flight path*"") OR (""system* modification*"" OR (dams OR (water AND (management OR use)))))) AND (((pollut* OR contamin* OR emission* OR spill-over* OR disposal* OR deposition* OR load* OR dump* OR discharge*) OR ((noise OR light OR gas* OR particle* OR particulate* OR nitrogen OR sulphur* OR phosphor* OR waste* OR garbage OR sewage OR pesticide* OR fertilizer* OR nutrient* OR ""oil spill*"" OR metal OR salinization OR salinisation OR acidification OR solid OR plastic OR mercury OR nutrient* OR pollutant*) AND (soil OR water OR ocean OR marine OR atmosphere OR air)) OR ((industrial OR military OR agricultur* OR forest*) AND effluent*)))",Community composition,Global bird species richness,"(global OR world*) AND bird* AND ""species richness""","TS=(((global OR world*) AND bird* AND ""species richness"") AND ((((""land use chang*"" OR ""land cover chang*"" OR ""land* system* chang*"" OR ""land* chang*"" OR ""land* degradation"" OR ""land* conversion"" OR ""land management"") OR ((marine OR ocean OR sea*) AND use AND change*) OR (""habitat loss*"" OR ""habitat degradation*"" OR ""habitat chang*"" OR ""habitat conversion"" OR ""habitat modification*"" OR ""habitat fragmentation"" OR ""habitat management"") OR (biofuel* OR biogas*) OR ((residential OR urban* OR cities OR housing OR commercial OR industrial OR touris* OR recreation*) AND (extent OR area OR cover* OR proportion* OR percentage*) AND (develop* OR expan* OR increas*)) OR (deforestation OR afforestation OR ""wood plantation*"" OR ""forest* plantation*"" OR ""pulp* plantation*"") OR ((aquaculture* OR agricultur* OR crop* OR ""cultivated area*"" OR farmland OR pasture) AND (develop* OR expan* OR increas* OR intensification OR extensification OR abandon* OR chang*)) OR (livestock AND (farm* OR ranch* OR graz* OR densit*)) OR (energy AND (drill* OR min* OR quarry*)) OR (((transport* OR service) AND (network* OR corridor* OR infrastructure*)) OR road* OR rail* OR ""ship* lane*"" OR ""flight path*"") OR (""system* modification*"" OR (dams OR (water AND (management OR use)))))) AND (((pollut* OR contamin* OR emission* OR spill-over* OR disposal* OR deposition* OR load* OR dump* OR discharge*) OR ((noise OR light OR gas* OR particle* OR particulate* OR nitrogen OR sulphur* OR phosphor* OR waste* OR garbage OR sewage OR pesticide* OR fertilizer* OR nutrient* OR ""oil spill*"" OR metal OR salinization OR salinisation OR acidification OR solid OR plastic OR mercury OR nutrient* OR pollutant*) AND (soil OR water OR ocean OR marine OR atmosphere OR air)) OR ((industrial OR military OR agricultur* OR forest*) AND effluent*)))) AND (que*bec OR canada OR montr*al or Saint-Lawrence or Bas-Saint-Laurent or Saguenay or Lac-Saint-Jean  or Capitale-Nationale or Mauricie or Estrie or Outaouais or Abitibi-T*miscamingue or C*te-Nord or Nord-du-Qu*bec or Gasp*sie–*les-de-la-Madeleine or Chaudi*re-Appalaches or Laval or Lanaudi*re or Laurentides or Mont*r*gie or Centre-du-Qu*bec))"
Land/sea use change,Pollution,"(((""land use chang*"" OR ""land cover chang*"" OR ""land* system* chang*"" OR ""land* chang*"" OR ""land* degradation"" OR ""land* conversion"" OR ""land management"") OR ((marine OR ocean OR sea*) AND use AND change*) OR (""habitat loss*"" OR ""habitat degradation*"" OR ""habitat chang*"" OR ""habitat conversion"" OR ""habitat modification*"" OR ""habitat fragmentation"" OR ""habitat management"") OR (biofuel* OR biogas*) OR ((residential OR urban* OR cities OR housing OR commercial OR industrial OR touris* OR recreation*) AND (extent OR area OR cover* OR proportion* OR percentage*) AND (develop* OR expan* OR increas*)) OR (deforestation OR afforestation OR ""wood plantation*"" OR ""forest* plantation*"" OR ""pulp* plantation*"") OR ((aquaculture* OR agricultur* OR crop* OR ""cultivated area*"" OR farmland OR pasture) AND (develop* OR expan* OR increas* OR intensification OR extensification OR abandon* OR chang*)) OR (livestock AND (farm* OR ranch* OR graz* OR densit*)) OR (energy AND (drill* OR min* OR quarry*)) OR (((transport* OR service) AND (network* OR corridor* OR infrastructure*)) OR road* OR rail* OR ""ship* lane*"" OR ""flight path*"") OR (""system* modification*"" OR (dams OR (water AND (management OR use)))))) AND (((pollut* OR contamin* OR emission* OR spill-over* OR disposal* OR deposition* OR load* OR dump* OR discharge*) OR ((noise OR light OR gas* OR particle* OR particulate* OR nitrogen OR sulphur* OR phosphor* OR waste* OR garbage OR sewage OR pesticide* OR fertilizer* OR nutrient* OR ""oil spill*"" OR metal OR salinization OR salinisation OR acidification OR solid OR plastic OR mercury OR nutrient* OR pollutant*) AND (soil OR water OR ocean OR marine OR atmosphere OR air)) OR ((industrial OR military OR agricultur* OR forest*) AND effluent*)))",Community composition,Local species richness,"((species OR assemblage*) AND (richness OR diversit*) AND (local OR location* OR sample*)) AND (global OR world*) AND (""time series"" OR ""time-series"" OR temporal)","TS=((((species OR assemblage*) AND (richness OR diversit*) AND (local OR location* OR sample*)) AND (global OR world*) AND (""time series"" OR ""time-series"" OR temporal)) AND ((((""land use chang*"" OR ""land cover chang*"" OR ""land* system* chang*"" OR ""land* chang*"" OR ""land* degradation"" OR ""land* conversion"" OR ""land management"") OR ((marine OR ocean OR sea*) AND use AND change*) OR (""habitat loss*"" OR ""habitat degradation*"" OR ""habitat chang*"" OR ""habitat conversion"" OR ""habitat modification*"" OR ""habitat fragmentation"" OR ""habitat management"") OR (biofuel* OR biogas*) OR ((residential OR urban* OR cities OR housing OR commercial OR industrial OR touris* OR recreation*) AND (extent OR area OR cover* OR proportion* OR percentage*) AND (develop* OR expan* OR increas*)) OR (deforestation OR afforestation OR ""wood plantation*"" OR ""forest* plantation*"" OR ""pulp* plantation*"") OR ((aquaculture* OR agricultur* OR crop* OR ""cultivated area*"" OR farmland OR pasture) AND (develop* OR expan* OR increas* OR intensification OR extensification OR abandon* OR chang*)) OR (livestock AND (farm* OR ranch* OR graz* OR densit*)) OR (energy AND (drill* OR min* OR quarry*)) OR (((transport* OR service) AND (network* OR corridor* OR infrastructure*)) OR road* OR rail* OR ""ship* lane*"" OR ""flight path*"") OR (""system* modification*"" OR (dams OR (water AND (management OR use)))))) AND (((pollut* OR contamin* OR emission* OR spill-over* OR disposal* OR deposition* OR load* OR dump* OR discharge*) OR ((noise OR light OR gas* OR particle* OR particulate* OR nitrogen OR sulphur* OR phosphor* OR waste* OR garbage OR sewage OR pesticide* OR fertilizer* OR nutrient* OR ""oil spill*"" OR metal OR salinization OR salinisation OR acidification OR solid OR plastic OR mercury OR nutrient* OR pollutant*) AND (soil OR water OR ocean OR marine OR atmosphere OR air)) OR ((industrial OR military OR agricultur* OR forest*) AND effluent*)))) AND (que*bec OR canada OR montr*al or Saint-Lawrence or Bas-Saint-Laurent or Saguenay or Lac-Saint-Jean  or Capitale-Nationale or Mauricie or Estrie or Outaouais or Abitibi-T*miscamingue or C*te-Nord or Nord-du-Qu*bec or Gasp*sie–*les-de-la-Madeleine or Chaudi*re-Appalaches or Laval or Lanaudi*re or Laurentides or Mont*r*gie or Centre-du-Qu*bec))"
Land/sea use change,Pollution,"(((""land use chang*"" OR ""land cover chang*"" OR ""land* system* chang*"" OR ""land* chang*"" OR ""land* degradation"" OR ""land* conversion"" OR ""land management"") OR ((marine OR ocean OR sea*) AND use AND change*) OR (""habitat loss*"" OR ""habitat degradation*"" OR ""habitat chang*"" OR ""habitat conversion"" OR ""habitat modification*"" OR ""habitat fragmentation"" OR ""habitat management"") OR (biofuel* OR biogas*) OR ((residential OR urban* OR cities OR housing OR commercial OR industrial OR touris* OR recreation*) AND (extent OR area OR cover* OR proportion* OR percentage*) AND (develop* OR expan* OR increas*)) OR (deforestation OR afforestation OR ""wood plantation*"" OR ""forest* plantation*"" OR ""pulp* plantation*"") OR ((aquaculture* OR agricultur* OR crop* OR ""cultivated area*"" OR farmland OR pasture) AND (develop* OR expan* OR increas* OR intensification OR extensification OR abandon* OR chang*)) OR (livestock AND (farm* OR ranch* OR graz* OR densit*)) OR (energy AND (drill* OR min* OR quarry*)) OR (((transport* OR service) AND (network* OR corridor* OR infrastructure*)) OR road* OR rail* OR ""ship* lane*"" OR ""flight path*"") OR (""system* modification*"" OR (dams OR (water AND (management OR use)))))) AND (((pollut* OR contamin* OR emission* OR spill-over* OR disposal* OR deposition* OR load* OR dump* OR discharge*) OR ((noise OR light OR gas* OR particle* OR particulate* OR nitrogen OR sulphur* OR phosphor* OR waste* OR garbage OR sewage OR pesticide* OR fertilizer* OR nutrient* OR ""oil spill*"" OR metal OR salinization OR salinisation OR acidification OR solid OR plastic OR mercury OR nutrient* OR pollutant*) AND (soil OR water OR ocean OR marine OR atmosphere OR air)) OR ((industrial OR military OR agricultur* OR forest*) AND effluent*)))",Community composition,Local species turnover,"((species OR assemblage*) AND (turnover OR (composition* AND (change OR similarit*))) AND (local OR location* OR sample*)) AND (global OR world*) AND (""time series"" OR ""time-series"" OR temporal)","TS=((((species OR assemblage*) AND (turnover OR (composition* AND (change OR similarit*))) AND (local OR location* OR sample*)) AND (global OR world*) AND (""time series"" OR ""time-series"" OR temporal)) AND ((((""land use chang*"" OR ""land cover chang*"" OR ""land* system* chang*"" OR ""land* chang*"" OR ""land* degradation"" OR ""land* conversion"" OR ""land management"") OR ((marine OR ocean OR sea*) AND use AND change*) OR (""habitat loss*"" OR ""habitat degradation*"" OR ""habitat chang*"" OR ""habitat conversion"" OR ""habitat modification*"" OR ""habitat fragmentation"" OR ""habitat management"") OR (biofuel* OR biogas*) OR ((residential OR urban* OR cities OR housing OR commercial OR industrial OR touris* OR recreation*) AND (extent OR area OR cover* OR proportion* OR percentage*) AND (develop* OR expan* OR increas*)) OR (deforestation OR afforestation OR ""wood plantation*"" OR ""forest* plantation*"" OR ""pulp* plantation*"") OR ((aquaculture* OR agricultur* OR crop* OR ""cultivated area*"" OR farmland OR pasture) AND (develop* OR expan* OR increas* OR intensification OR extensification OR abandon* OR chang*)) OR (livestock AND (farm* OR ranch* OR graz* OR densit*)) OR (energy AND (drill* OR min* OR quarry*)) OR (((transport* OR service) AND (network* OR corridor* OR infrastructure*)) OR road* OR rail* OR ""ship* lane*"" OR ""flight path*"") OR (""system* modification*"" OR (dams OR (water AND (management OR use)))))) AND (((pollut* OR contamin* OR emission* OR spill-over* OR disposal* OR deposition* OR load* OR dump* OR discharge*) OR ((noise OR light OR gas* OR particle* OR particulate* OR nitrogen OR sulphur* OR phosphor* OR waste* OR garbage OR sewage OR pesticide* OR fertilizer* OR nutrient* OR ""oil spill*"" OR metal OR salinization OR salinisation OR acidification OR solid OR plastic OR mercury OR nutrient* OR pollutant*) AND (soil OR water OR ocean OR marine OR atmosphere OR air)) OR ((industrial OR military OR agricultur* OR forest*) AND effluent*)))) AND (que*bec OR canada OR montr*al or Saint-Lawrence or Bas-Saint-Laurent or Saguenay or Lac-Saint-Jean  or Capitale-Nationale or Mauricie or Estrie or Outaouais or Abitibi-T*miscamingue or C*te-Nord or Nord-du-Qu*bec or Gasp*sie–*les-de-la-Madeleine or Chaudi*re-Appalaches or Laval or Lanaudi*re or Laurentides or Mont*r*gie or Centre-du-Qu*bec))"
Land/sea use change,Pollution,"(((""land use chang*"" OR ""land cover chang*"" OR ""land* system* chang*"" OR ""land* chang*"" OR ""land* degradation"" OR ""land* conversion"" OR ""land management"") OR ((marine OR ocean OR sea*) AND use AND change*) OR (""habitat loss*"" OR ""habitat degradation*"" OR ""habitat chang*"" OR ""habitat conversion"" OR ""habitat modification*"" OR ""habitat fragmentation"" OR ""habitat management"") OR (biofuel* OR biogas*) OR ((residential OR urban* OR cities OR housing OR commercial OR industrial OR touris* OR recreation*) AND (extent OR area OR cover* OR proportion* OR percentage*) AND (develop* OR expan* OR increas*)) OR (deforestation OR afforestation OR ""wood plantation*"" OR ""forest* plantation*"" OR ""pulp* plantation*"") OR ((aquaculture* OR agricultur* OR crop* OR ""cultivated area*"" OR farmland OR pasture) AND (develop* OR expan* OR increas* OR intensification OR extensification OR abandon* OR chang*)) OR (livestock AND (farm* OR ranch* OR graz* OR densit*)) OR (energy AND (drill* OR min* OR quarry*)) OR (((transport* OR service) AND (network* OR corridor* OR infrastructure*)) OR road* OR rail* OR ""ship* lane*"" OR ""flight path*"") OR (""system* modification*"" OR (dams OR (water AND (management OR use)))))) AND (((pollut* OR contamin* OR emission* OR spill-over* OR disposal* OR deposition* OR load* OR dump* OR discharge*) OR ((noise OR light OR gas* OR particle* OR particulate* OR nitrogen OR sulphur* OR phosphor* OR waste* OR garbage OR sewage OR pesticide* OR fertilizer* OR nutrient* OR ""oil spill*"" OR metal OR salinization OR salinisation OR acidification OR solid OR plastic OR mercury OR nutrient* OR pollutant*) AND (soil OR water OR ocean OR marine OR atmosphere OR air)) OR ((industrial OR military OR agricultur* OR forest*) AND effluent*)))",Community composition,Mean species abundance,"""mean species abundance"" OR GLOBIO","TS=((""mean species abundance"" OR GLOBIO) AND ((((""land use chang*"" OR ""land cover chang*"" OR ""land* system* chang*"" OR ""land* chang*"" OR ""land* degradation"" OR ""land* conversion"" OR ""land management"") OR ((marine OR ocean OR sea*) AND use AND change*) OR (""habitat loss*"" OR ""habitat degradation*"" OR ""habitat chang*"" OR ""habitat conversion"" OR ""habitat modification*"" OR ""habitat fragmentation"" OR ""habitat management"") OR (biofuel* OR biogas*) OR ((residential OR urban* OR cities OR housing OR commercial OR industrial OR touris* OR recreation*) AND (extent OR area OR cover* OR proportion* OR percentage*) AND (develop* OR expan* OR increas*)) OR (deforestation OR afforestation OR ""wood plantation*"" OR ""forest* plantation*"" OR ""pulp* plantation*"") OR ((aquaculture* OR agricultur* OR crop* OR ""cultivated area*"" OR farmland OR pasture) AND (develop* OR expan* OR increas* OR intensification OR extensification OR abandon* OR chang*)) OR (livestock AND (farm* OR ranch* OR graz* OR densit*)) OR (energy AND (drill* OR min* OR quarry*)) OR (((transport* OR service) AND (network* OR corridor* OR infrastructure*)) OR road* OR rail* OR ""ship* lane*"" OR ""flight path*"") OR (""system* modification*"" OR (dams OR (water AND (management OR use)))))) AND (((pollut* OR contamin* OR emission* OR spill-over* OR disposal* OR deposition* OR load* OR dump* OR discharge*) OR ((noise OR light OR gas* OR particle* OR particulate* OR nitrogen OR sulphur* OR phosphor* OR waste* OR garbage OR sewage OR pesticide* OR fertilizer* OR nutrient* OR ""oil spill*"" OR metal OR salinization OR salinisation OR acidification OR solid OR plastic OR mercury OR nutrient* OR pollutant*) AND (soil OR water OR ocean OR marine OR atmosphere OR air)) OR ((industrial OR military OR agricultur* OR forest*) AND effluent*)))) AND (que*bec OR canada OR montr*al or Saint-Lawrence or Bas-Saint-Laurent or Saguenay or Lac-Saint-Jean  or Capitale-Nationale or Mauricie or Estrie or Outaouais or Abitibi-T*miscamingue or C*te-Nord or Nord-du-Qu*bec or Gasp*sie–*les-de-la-Madeleine or Chaudi*re-Appalaches or Laval or Lanaudi*re or Laurentides or Mont*r*gie or Centre-du-Qu*bec))"
Land/sea use change,Pollution,"(((""land use chang*"" OR ""land cover chang*"" OR ""land* system* chang*"" OR ""land* chang*"" OR ""land* degradation"" OR ""land* conversion"" OR ""land management"") OR ((marine OR ocean OR sea*) AND use AND change*) OR (""habitat loss*"" OR ""habitat degradation*"" OR ""habitat chang*"" OR ""habitat conversion"" OR ""habitat modification*"" OR ""habitat fragmentation"" OR ""habitat management"") OR (biofuel* OR biogas*) OR ((residential OR urban* OR cities OR housing OR commercial OR industrial OR touris* OR recreation*) AND (extent OR area OR cover* OR proportion* OR percentage*) AND (develop* OR expan* OR increas*)) OR (deforestation OR afforestation OR ""wood plantation*"" OR ""forest* plantation*"" OR ""pulp* plantation*"") OR ((aquaculture* OR agricultur* OR crop* OR ""cultivated area*"" OR farmland OR pasture) AND (develop* OR expan* OR increas* OR intensification OR extensification OR abandon* OR chang*)) OR (livestock AND (farm* OR ranch* OR graz* OR densit*)) OR (energy AND (drill* OR min* OR quarry*)) OR (((transport* OR service) AND (network* OR corridor* OR infrastructure*)) OR road* OR rail* OR ""ship* lane*"" OR ""flight path*"") OR (""system* modification*"" OR (dams OR (water AND (management OR use)))))) AND (((pollut* OR contamin* OR emission* OR spill-over* OR disposal* OR deposition* OR load* OR dump* OR discharge*) OR ((noise OR light OR gas* OR particle* OR particulate* OR nitrogen OR sulphur* OR phosphor* OR waste* OR garbage OR sewage OR pesticide* OR fertilizer* OR nutrient* OR ""oil spill*"" OR metal OR salinization OR salinisation OR acidification OR solid OR plastic OR mercury OR nutrient* OR pollutant*) AND (soil OR water OR ocean OR marine OR atmosphere OR air)) OR ((industrial OR military OR agricultur* OR forest*) AND effluent*)))",Ecosystem function,Net primary productivity,"""net primary product*""","TS=((""net primary product*"") AND ((((""land use chang*"" OR ""land cover chang*"" OR ""land* system* chang*"" OR ""land* chang*"" OR ""land* degradation"" OR ""land* conversion"" OR ""land management"") OR ((marine OR ocean OR sea*) AND use AND change*) OR (""habitat loss*"" OR ""habitat degradation*"" OR ""habitat chang*"" OR ""habitat conversion"" OR ""habitat modification*"" OR ""habitat fragmentation"" OR ""habitat management"") OR (biofuel* OR biogas*) OR ((residential OR urban* OR cities OR housing OR commercial OR industrial OR touris* OR recreation*) AND (extent OR area OR cover* OR proportion* OR percentage*) AND (develop* OR expan* OR increas*)) OR (deforestation OR afforestation OR ""wood plantation*"" OR ""forest* plantation*"" OR ""pulp* plantation*"") OR ((aquaculture* OR agricultur* OR crop* OR ""cultivated area*"" OR farmland OR pasture) AND (develop* OR expan* OR increas* OR intensification OR extensification OR abandon* OR chang*)) OR (livestock AND (farm* OR ranch* OR graz* OR densit*)) OR (energy AND (drill* OR min* OR quarry*)) OR (((transport* OR service) AND (network* OR corridor* OR infrastructure*)) OR road* OR rail* OR ""ship* lane*"" OR ""flight path*"") OR (""system* modification*"" OR (dams OR (water AND (management OR use)))))) AND (((pollut* OR contamin* OR emission* OR spill-over* OR disposal* OR deposition* OR load* OR dump* OR discharge*) OR ((noise OR light OR gas* OR particle* OR particulate* OR nitrogen OR sulphur* OR phosphor* OR waste* OR garbage OR sewage OR pesticide* OR fertilizer* OR nutrient* OR ""oil spill*"" OR metal OR salinization OR salinisation OR acidification OR solid OR plastic OR mercury OR nutrient* OR pollutant*) AND (soil OR water OR ocean OR marine OR atmosphere OR air)) OR ((industrial OR military OR agricultur* OR forest*) AND effluent*)))) AND (que*bec OR canada OR montr*al or Saint-Lawrence or Bas-Saint-Laurent or Saguenay or Lac-Saint-Jean  or Capitale-Nationale or Mauricie or Estrie or Outaouais or Abitibi-T*miscamingue or C*te-Nord or Nord-du-Qu*bec or Gasp*sie–*les-de-la-Madeleine or Chaudi*re-Appalaches or Laval or Lanaudi*re or Laurentides or Mont*r*gie or Centre-du-Qu*bec))"
Land/sea use change,Pollution,"(((""land use chang*"" OR ""land cover chang*"" OR ""land* system* chang*"" OR ""land* chang*"" OR ""land* degradation"" OR ""land* conversion"" OR ""land management"") OR ((marine OR ocean OR sea*) AND use AND change*) OR (""habitat loss*"" OR ""habitat degradation*"" OR ""habitat chang*"" OR ""habitat conversion"" OR ""habitat modification*"" OR ""habitat fragmentation"" OR ""habitat management"") OR (biofuel* OR biogas*) OR ((residential OR urban* OR cities OR housing OR commercial OR industrial OR touris* OR recreation*) AND (extent OR area OR cover* OR proportion* OR percentage*) AND (develop* OR expan* OR increas*)) OR (deforestation OR afforestation OR ""wood plantation*"" OR ""forest* plantation*"" OR ""pulp* plantation*"") OR ((aquaculture* OR agricultur* OR crop* OR ""cultivated area*"" OR farmland OR pasture) AND (develop* OR expan* OR increas* OR intensification OR extensification OR abandon* OR chang*)) OR (livestock AND (farm* OR ranch* OR graz* OR densit*)) OR (energy AND (drill* OR min* OR quarry*)) OR (((transport* OR service) AND (network* OR corridor* OR infrastructure*)) OR road* OR rail* OR ""ship* lane*"" OR ""flight path*"") OR (""system* modification*"" OR (dams OR (water AND (management OR use)))))) AND (((pollut* OR contamin* OR emission* OR spill-over* OR disposal* OR deposition* OR load* OR dump* OR discharge*) OR ((noise OR light OR gas* OR particle* OR particulate* OR nitrogen OR sulphur* OR phosphor* OR waste* OR garbage OR sewage OR pesticide* OR fertilizer* OR nutrient* OR ""oil spill*"" OR metal OR salinization OR salinisation OR acidification OR solid OR plastic OR mercury OR nutrient* OR pollutant*) AND (soil OR water OR ocean OR marine OR atmosphere OR air)) OR ((industrial OR military OR agricultur* OR forest*) AND effluent*)))",Ecosystem structure,Area of mangrove forest cover,(extent OR area OR cover* OR proportion OR percentage OR land OR landscape) AND mangrove* AND forest*,"TS=(((extent OR area OR cover* OR proportion OR percentage OR land OR landscape) AND mangrove* AND forest*) AND ((((""land use chang*"" OR ""land cover chang*"" OR ""land* system* chang*"" OR ""land* chang*"" OR ""land* degradation"" OR ""land* conversion"" OR ""land management"") OR ((marine OR ocean OR sea*) AND use AND change*) OR (""habitat loss*"" OR ""habitat degradation*"" OR ""habitat chang*"" OR ""habitat conversion"" OR ""habitat modification*"" OR ""habitat fragmentation"" OR ""habitat management"") OR (biofuel* OR biogas*) OR ((residential OR urban* OR cities OR housing OR commercial OR industrial OR touris* OR recreation*) AND (extent OR area OR cover* OR proportion* OR percentage*) AND (develop* OR expan* OR increas*)) OR (deforestation OR afforestation OR ""wood plantation*"" OR ""forest* plantation*"" OR ""pulp* plantation*"") OR ((aquaculture* OR agricultur* OR crop* OR ""cultivated area*"" OR farmland OR pasture) AND (develop* OR expan* OR increas* OR intensification OR extensification OR abandon* OR chang*)) OR (livestock AND (farm* OR ranch* OR graz* OR densit*)) OR (energy AND (drill* OR min* OR quarry*)) OR (((transport* OR service) AND (network* OR corridor* OR infrastructure*)) OR road* OR rail* OR ""ship* lane*"" OR ""flight path*"") OR (""system* modification*"" OR (dams OR (water AND (management OR use)))))) AND (((pollut* OR contamin* OR emission* OR spill-over* OR disposal* OR deposition* OR load* OR dump* OR discharge*) OR ((noise OR light OR gas* OR particle* OR particulate* OR nitrogen OR sulphur* OR phosphor* OR waste* OR garbage OR sewage OR pesticide* OR fertilizer* OR nutrient* OR ""oil spill*"" OR metal OR salinization OR salinisation OR acidification OR solid OR plastic OR mercury OR nutrient* OR pollutant*) AND (soil OR water OR ocean OR marine OR atmosphere OR air)) OR ((industrial OR military OR agricultur* OR forest*) AND effluent*)))) AND (que*bec OR canada OR montr*al or Saint-Lawrence or Bas-Saint-Laurent or Saguenay or Lac-Saint-Jean  or Capitale-Nationale or Mauricie or Estrie or Outaouais or Abitibi-T*miscamingue or C*te-Nord or Nord-du-Qu*bec or Gasp*sie–*les-de-la-Madeleine or Chaudi*re-Appalaches or Laval or Lanaudi*re or Laurentides or Mont*r*gie or Centre-du-Qu*bec))"
Land/sea use change,Pollution,"(((""land use chang*"" OR ""land cover chang*"" OR ""land* system* chang*"" OR ""land* chang*"" OR ""land* degradation"" OR ""land* conversion"" OR ""land management"") OR ((marine OR ocean OR sea*) AND use AND change*) OR (""habitat loss*"" OR ""habitat degradation*"" OR ""habitat chang*"" OR ""habitat conversion"" OR ""habitat modification*"" OR ""habitat fragmentation"" OR ""habitat management"") OR (biofuel* OR biogas*) OR ((residential OR urban* OR cities OR housing OR commercial OR industrial OR touris* OR recreation*) AND (extent OR area OR cover* OR proportion* OR percentage*) AND (develop* OR expan* OR increas*)) OR (deforestation OR afforestation OR ""wood plantation*"" OR ""forest* plantation*"" OR ""pulp* plantation*"") OR ((aquaculture* OR agricultur* OR crop* OR ""cultivated area*"" OR farmland OR pasture) AND (develop* OR expan* OR increas* OR intensification OR extensification OR abandon* OR chang*)) OR (livestock AND (farm* OR ranch* OR graz* OR densit*)) OR (energy AND (drill* OR min* OR quarry*)) OR (((transport* OR service) AND (network* OR corridor* OR infrastructure*)) OR road* OR rail* OR ""ship* lane*"" OR ""flight path*"") OR (""system* modification*"" OR (dams OR (water AND (management OR use)))))) AND (((pollut* OR contamin* OR emission* OR spill-over* OR disposal* OR deposition* OR load* OR dump* OR discharge*) OR ((noise OR light OR gas* OR particle* OR particulate* OR nitrogen OR sulphur* OR phosphor* OR waste* OR garbage OR sewage OR pesticide* OR fertilizer* OR nutrient* OR ""oil spill*"" OR metal OR salinization OR salinisation OR acidification OR solid OR plastic OR mercury OR nutrient* OR pollutant*) AND (soil OR water OR ocean OR marine OR atmosphere OR air)) OR ((industrial OR military OR agricultur* OR forest*) AND effluent*)))",Ecosystem structure,Extent of intact forest landscapes,(extent OR area OR cover* OR proportion OR percentage OR land OR landscape) AND intact* AND forest*,"TS=(((extent OR area OR cover* OR proportion OR percentage OR land OR landscape) AND intact* AND forest*) AND ((((""land use chang*"" OR ""land cover chang*"" OR ""land* system* chang*"" OR ""land* chang*"" OR ""land* degradation"" OR ""land* conversion"" OR ""land management"") OR ((marine OR ocean OR sea*) AND use AND change*) OR (""habitat loss*"" OR ""habitat degradation*"" OR ""habitat chang*"" OR ""habitat conversion"" OR ""habitat modification*"" OR ""habitat fragmentation"" OR ""habitat management"") OR (biofuel* OR biogas*) OR ((residential OR urban* OR cities OR housing OR commercial OR industrial OR touris* OR recreation*) AND (extent OR area OR cover* OR proportion* OR percentage*) AND (develop* OR expan* OR increas*)) OR (deforestation OR afforestation OR ""wood plantation*"" OR ""forest* plantation*"" OR ""pulp* plantation*"") OR ((aquaculture* OR agricultur* OR crop* OR ""cultivated area*"" OR farmland OR pasture) AND (develop* OR expan* OR increas* OR intensification OR extensification OR abandon* OR chang*)) OR (livestock AND (farm* OR ranch* OR graz* OR densit*)) OR (energy AND (drill* OR min* OR quarry*)) OR (((transport* OR service) AND (network* OR corridor* OR infrastructure*)) OR road* OR rail* OR ""ship* lane*"" OR ""flight path*"") OR (""system* modification*"" OR (dams OR (water AND (management OR use)))))) AND (((pollut* OR contamin* OR emission* OR spill-over* OR disposal* OR deposition* OR load* OR dump* OR discharge*) OR ((noise OR light OR gas* OR particle* OR particulate* OR nitrogen OR sulphur* OR phosphor* OR waste* OR garbage OR sewage OR pesticide* OR fertilizer* OR nutrient* OR ""oil spill*"" OR metal OR salinization OR salinisation OR acidification OR solid OR plastic OR mercury OR nutrient* OR pollutant*) AND (soil OR water OR ocean OR marine OR atmosphere OR air)) OR ((industrial OR military OR agricultur* OR forest*) AND effluent*)))) AND (que*bec OR canada OR montr*al or Saint-Lawrence or Bas-Saint-Laurent or Saguenay or Lac-Saint-Jean  or Capitale-Nationale or Mauricie or Estrie or Outaouais or Abitibi-T*miscamingue or C*te-Nord or Nord-du-Qu*bec or Gasp*sie–*les-de-la-Madeleine or Chaudi*re-Appalaches or Laval or Lanaudi*re or Laurentides or Mont*r*gie or Centre-du-Qu*bec))"
Land/sea use change,Pollution,"(((""land use chang*"" OR ""land cover chang*"" OR ""land* system* chang*"" OR ""land* chang*"" OR ""land* degradation"" OR ""land* conversion"" OR ""land management"") OR ((marine OR ocean OR sea*) AND use AND change*) OR (""habitat loss*"" OR ""habitat degradation*"" OR ""habitat chang*"" OR ""habitat conversion"" OR ""habitat modification*"" OR ""habitat fragmentation"" OR ""habitat management"") OR (biofuel* OR biogas*) OR ((residential OR urban* OR cities OR housing OR commercial OR industrial OR touris* OR recreation*) AND (extent OR area OR cover* OR proportion* OR percentage*) AND (develop* OR expan* OR increas*)) OR (deforestation OR afforestation OR ""wood plantation*"" OR ""forest* plantation*"" OR ""pulp* plantation*"") OR ((aquaculture* OR agricultur* OR crop* OR ""cultivated area*"" OR farmland OR pasture) AND (develop* OR expan* OR increas* OR intensification OR extensification OR abandon* OR chang*)) OR (livestock AND (farm* OR ranch* OR graz* OR densit*)) OR (energy AND (drill* OR min* OR quarry*)) OR (((transport* OR service) AND (network* OR corridor* OR infrastructure*)) OR road* OR rail* OR ""ship* lane*"" OR ""flight path*"") OR (""system* modification*"" OR (dams OR (water AND (management OR use)))))) AND (((pollut* OR contamin* OR emission* OR spill-over* OR disposal* OR deposition* OR load* OR dump* OR discharge*) OR ((noise OR light OR gas* OR particle* OR particulate* OR nitrogen OR sulphur* OR phosphor* OR waste* OR garbage OR sewage OR pesticide* OR fertilizer* OR nutrient* OR ""oil spill*"" OR metal OR salinization OR salinisation OR acidification OR solid OR plastic OR mercury OR nutrient* OR pollutant*) AND (soil OR water OR ocean OR marine OR atmosphere OR air)) OR ((industrial OR military OR agricultur* OR forest*) AND effluent*)))",Ecosystem structure,Extent of remaining primary vegetation,(extent OR area OR cover* OR proportion OR percentage) AND (primary OR natural) AND vegetation,"TS=(((extent OR area OR cover* OR proportion OR percentage) AND (primary OR natural) AND vegetation) AND ((((""land use chang*"" OR ""land cover chang*"" OR ""land* system* chang*"" OR ""land* chang*"" OR ""land* degradation"" OR ""land* conversion"" OR ""land management"") OR ((marine OR ocean OR sea*) AND use AND change*) OR (""habitat loss*"" OR ""habitat degradation*"" OR ""habitat chang*"" OR ""habitat conversion"" OR ""habitat modification*"" OR ""habitat fragmentation"" OR ""habitat management"") OR (biofuel* OR biogas*) OR ((residential OR urban* OR cities OR housing OR commercial OR industrial OR touris* OR recreation*) AND (extent OR area OR cover* OR proportion* OR percentage*) AND (develop* OR expan* OR increas*)) OR (deforestation OR afforestation OR ""wood plantation*"" OR ""forest* plantation*"" OR ""pulp* plantation*"") OR ((aquaculture* OR agricultur* OR crop* OR ""cultivated area*"" OR farmland OR pasture) AND (develop* OR expan* OR increas* OR intensification OR extensification OR abandon* OR chang*)) OR (livestock AND (farm* OR ranch* OR graz* OR densit*)) OR (energy AND (drill* OR min* OR quarry*)) OR (((transport* OR service) AND (network* OR corridor* OR infrastructure*)) OR road* OR rail* OR ""ship* lane*"" OR ""flight path*"") OR (""system* modification*"" OR (dams OR (water AND (management OR use)))))) AND (((pollut* OR contamin* OR emission* OR spill-over* OR disposal* OR deposition* OR load* OR dump* OR discharge*) OR ((noise OR light OR gas* OR particle* OR particulate* OR nitrogen OR sulphur* OR phosphor* OR waste* OR garbage OR sewage OR pesticide* OR fertilizer* OR nutrient* OR ""oil spill*"" OR metal OR salinization OR salinisation OR acidification OR solid OR plastic OR mercury OR nutrient* OR pollutant*) AND (soil OR water OR ocean OR marine OR atmosphere OR air)) OR ((industrial OR military OR agricultur* OR forest*) AND effluent*)))) AND (que*bec OR canada OR montr*al or Saint-Lawrence or Bas-Saint-Laurent or Saguenay or Lac-Saint-Jean  or Capitale-Nationale or Mauricie or Estrie or Outaouais or Abitibi-T*miscamingue or C*te-Nord or Nord-du-Qu*bec or Gasp*sie–*les-de-la-Madeleine or Chaudi*re-Appalaches or Laval or Lanaudi*re or Laurentides or Mont*r*gie or Centre-du-Qu*bec))"
Land/sea use change,Pollution,"(((""land use chang*"" OR ""land cover chang*"" OR ""land* system* chang*"" OR ""land* chang*"" OR ""land* degradation"" OR ""land* conversion"" OR ""land management"") OR ((marine OR ocean OR sea*) AND use AND change*) OR (""habitat loss*"" OR ""habitat degradation*"" OR ""habitat chang*"" OR ""habitat conversion"" OR ""habitat modification*"" OR ""habitat fragmentation"" OR ""habitat management"") OR (biofuel* OR biogas*) OR ((residential OR urban* OR cities OR housing OR commercial OR industrial OR touris* OR recreation*) AND (extent OR area OR cover* OR proportion* OR percentage*) AND (develop* OR expan* OR increas*)) OR (deforestation OR afforestation OR ""wood plantation*"" OR ""forest* plantation*"" OR ""pulp* plantation*"") OR ((aquaculture* OR agricultur* OR crop* OR ""cultivated area*"" OR farmland OR pasture) AND (develop* OR expan* OR increas* OR intensification OR extensification OR abandon* OR chang*)) OR (livestock AND (farm* OR ranch* OR graz* OR densit*)) OR (energy AND (drill* OR min* OR quarry*)) OR (((transport* OR service) AND (network* OR corridor* OR infrastructure*)) OR road* OR rail* OR ""ship* lane*"" OR ""flight path*"") OR (""system* modification*"" OR (dams OR (water AND (management OR use)))))) AND (((pollut* OR contamin* OR emission* OR spill-over* OR disposal* OR deposition* OR load* OR dump* OR discharge*) OR ((noise OR light OR gas* OR particle* OR particulate* OR nitrogen OR sulphur* OR phosphor* OR waste* OR garbage OR sewage OR pesticide* OR fertilizer* OR nutrient* OR ""oil spill*"" OR metal OR salinization OR salinisation OR acidification OR solid OR plastic OR mercury OR nutrient* OR pollutant*) AND (soil OR water OR ocean OR marine OR atmosphere OR air)) OR ((industrial OR military OR agricultur* OR forest*) AND effluent*)))",Ecosystem structure,Extent of remaining wilderness,(extent OR area OR cover* OR proportion OR percentage OR land OR landscape) AND wilderness*,"TS=(((extent OR area OR cover* OR proportion OR percentage OR land OR landscape) AND wilderness*) AND ((((""land use chang*"" OR ""land cover chang*"" OR ""land* system* chang*"" OR ""land* chang*"" OR ""land* degradation"" OR ""land* conversion"" OR ""land management"") OR ((marine OR ocean OR sea*) AND use AND change*) OR (""habitat loss*"" OR ""habitat degradation*"" OR ""habitat chang*"" OR ""habitat conversion"" OR ""habitat modification*"" OR ""habitat fragmentation"" OR ""habitat management"") OR (biofuel* OR biogas*) OR ((residential OR urban* OR cities OR housing OR commercial OR industrial OR touris* OR recreation*) AND (extent OR area OR cover* OR proportion* OR percentage*) AND (develop* OR expan* OR increas*)) OR (deforestation OR afforestation OR ""wood plantation*"" OR ""forest* plantation*"" OR ""pulp* plantation*"") OR ((aquaculture* OR agricultur* OR crop* OR ""cultivated area*"" OR farmland OR pasture) AND (develop* OR expan* OR increas* OR intensification OR extensification OR abandon* OR chang*)) OR (livestock AND (farm* OR ranch* OR graz* OR densit*)) OR (energy AND (drill* OR min* OR quarry*)) OR (((transport* OR service) AND (network* OR corridor* OR infrastructure*)) OR road* OR rail* OR ""ship* lane*"" OR ""flight path*"") OR (""system* modification*"" OR (dams OR (water AND (management OR use)))))) AND (((pollut* OR contamin* OR emission* OR spill-over* OR disposal* OR deposition* OR load* OR dump* OR discharge*) OR ((noise OR light OR gas* OR particle* OR particulate* OR nitrogen OR sulphur* OR phosphor* OR waste* OR garbage OR sewage OR pesticide* OR fertilizer* OR nutrient* OR ""oil spill*"" OR metal OR salinization OR salinisation OR acidification OR solid OR plastic OR mercury OR nutrient* OR pollutant*) AND (soil OR water OR ocean OR marine OR atmosphere OR air)) OR ((industrial OR military OR agricultur* OR forest*) AND effluent*)))) AND (que*bec OR canada OR montr*al or Saint-Lawrence or Bas-Saint-Laurent or Saguenay or Lac-Saint-Jean  or Capitale-Nationale or Mauricie or Estrie or Outaouais or Abitibi-T*miscamingue or C*te-Nord or Nord-du-Qu*bec or Gasp*sie–*les-de-la-Madeleine or Chaudi*re-Appalaches or Laval or Lanaudi*re or Laurentides or Mont*r*gie or Centre-du-Qu*bec))"
Land/sea use change,Pollution,"(((""land use chang*"" OR ""land cover chang*"" OR ""land* system* chang*"" OR ""land* chang*"" OR ""land* degradation"" OR ""land* conversion"" OR ""land management"") OR ((marine OR ocean OR sea*) AND use AND change*) OR (""habitat loss*"" OR ""habitat degradation*"" OR ""habitat chang*"" OR ""habitat conversion"" OR ""habitat modification*"" OR ""habitat fragmentation"" OR ""habitat management"") OR (biofuel* OR biogas*) OR ((residential OR urban* OR cities OR housing OR commercial OR industrial OR touris* OR recreation*) AND (extent OR area OR cover* OR proportion* OR percentage*) AND (develop* OR expan* OR increas*)) OR (deforestation OR afforestation OR ""wood plantation*"" OR ""forest* plantation*"" OR ""pulp* plantation*"") OR ((aquaculture* OR agricultur* OR crop* OR ""cultivated area*"" OR farmland OR pasture) AND (develop* OR expan* OR increas* OR intensification OR extensification OR abandon* OR chang*)) OR (livestock AND (farm* OR ranch* OR graz* OR densit*)) OR (energy AND (drill* OR min* OR quarry*)) OR (((transport* OR service) AND (network* OR corridor* OR infrastructure*)) OR road* OR rail* OR ""ship* lane*"" OR ""flight path*"") OR (""system* modification*"" OR (dams OR (water AND (management OR use)))))) AND (((pollut* OR contamin* OR emission* OR spill-over* OR disposal* OR deposition* OR load* OR dump* OR discharge*) OR ((noise OR light OR gas* OR particle* OR particulate* OR nitrogen OR sulphur* OR phosphor* OR waste* OR garbage OR sewage OR pesticide* OR fertilizer* OR nutrient* OR ""oil spill*"" OR metal OR salinization OR salinisation OR acidification OR solid OR plastic OR mercury OR nutrient* OR pollutant*) AND (soil OR water OR ocean OR marine OR atmosphere OR air)) OR ((industrial OR military OR agricultur* OR forest*) AND effluent*)))",Ecosystem structure,Leaf area index,"""leaf area ind*""","TS=((""leaf area ind*"") AND ((((""land use chang*"" OR ""land cover chang*"" OR ""land* system* chang*"" OR ""land* chang*"" OR ""land* degradation"" OR ""land* conversion"" OR ""land management"") OR ((marine OR ocean OR sea*) AND use AND change*) OR (""habitat loss*"" OR ""habitat degradation*"" OR ""habitat chang*"" OR ""habitat conversion"" OR ""habitat modification*"" OR ""habitat fragmentation"" OR ""habitat management"") OR (biofuel* OR biogas*) OR ((residential OR urban* OR cities OR housing OR commercial OR industrial OR touris* OR recreation*) AND (extent OR area OR cover* OR proportion* OR percentage*) AND (develop* OR expan* OR increas*)) OR (deforestation OR afforestation OR ""wood plantation*"" OR ""forest* plantation*"" OR ""pulp* plantation*"") OR ((aquaculture* OR agricultur* OR crop* OR ""cultivated area*"" OR farmland OR pasture) AND (develop* OR expan* OR increas* OR intensification OR extensification OR abandon* OR chang*)) OR (livestock AND (farm* OR ranch* OR graz* OR densit*)) OR (energy AND (drill* OR min* OR quarry*)) OR (((transport* OR service) AND (network* OR corridor* OR infrastructure*)) OR road* OR rail* OR ""ship* lane*"" OR ""flight path*"") OR (""system* modification*"" OR (dams OR (water AND (management OR use)))))) AND (((pollut* OR contamin* OR emission* OR spill-over* OR disposal* OR deposition* OR load* OR dump* OR discharge*) OR ((noise OR light OR gas* OR particle* OR particulate* OR nitrogen OR sulphur* OR phosphor* OR waste* OR garbage OR sewage OR pesticide* OR fertilizer* OR nutrient* OR ""oil spill*"" OR metal OR salinization OR salinisation OR acidification OR solid OR plastic OR mercury OR nutrient* OR pollutant*) AND (soil OR water OR ocean OR marine OR atmosphere OR air)) OR ((industrial OR military OR agricultur* OR forest*) AND effluent*)))) AND (que*bec OR canada OR montr*al or Saint-Lawrence or Bas-Saint-Laurent or Saguenay or Lac-Saint-Jean  or Capitale-Nationale or Mauricie or Estrie or Outaouais or Abitibi-T*miscamingue or C*te-Nord or Nord-du-Qu*bec or Gasp*sie–*les-de-la-Madeleine or Chaudi*re-Appalaches or Laval or Lanaudi*re or Laurentides or Mont*r*gie or Centre-du-Qu*bec))"
Land/sea use change,Pollution,"(((""land use chang*"" OR ""land cover chang*"" OR ""land* system* chang*"" OR ""land* chang*"" OR ""land* degradation"" OR ""land* conversion"" OR ""land management"") OR ((marine OR ocean OR sea*) AND use AND change*) OR (""habitat loss*"" OR ""habitat degradation*"" OR ""habitat chang*"" OR ""habitat conversion"" OR ""habitat modification*"" OR ""habitat fragmentation"" OR ""habitat management"") OR (biofuel* OR biogas*) OR ((residential OR urban* OR cities OR housing OR commercial OR industrial OR touris* OR recreation*) AND (extent OR area OR cover* OR proportion* OR percentage*) AND (develop* OR expan* OR increas*)) OR (deforestation OR afforestation OR ""wood plantation*"" OR ""forest* plantation*"" OR ""pulp* plantation*"") OR ((aquaculture* OR agricultur* OR crop* OR ""cultivated area*"" OR farmland OR pasture) AND (develop* OR expan* OR increas* OR intensification OR extensification OR abandon* OR chang*)) OR (livestock AND (farm* OR ranch* OR graz* OR densit*)) OR (energy AND (drill* OR min* OR quarry*)) OR (((transport* OR service) AND (network* OR corridor* OR infrastructure*)) OR road* OR rail* OR ""ship* lane*"" OR ""flight path*"") OR (""system* modification*"" OR (dams OR (water AND (management OR use)))))) AND (((pollut* OR contamin* OR emission* OR spill-over* OR disposal* OR deposition* OR load* OR dump* OR discharge*) OR ((noise OR light OR gas* OR particle* OR particulate* OR nitrogen OR sulphur* OR phosphor* OR waste* OR garbage OR sewage OR pesticide* OR fertilizer* OR nutrient* OR ""oil spill*"" OR metal OR salinization OR salinisation OR acidification OR solid OR plastic OR mercury OR nutrient* OR pollutant*) AND (soil OR water OR ocean OR marine OR atmosphere OR air)) OR ((industrial OR military OR agricultur* OR forest*) AND effluent*)))",Ecosystem structure,Percentage of live coral cover,(extent OR area OR cover* OR proportion OR percentage) AND coral AND live,"TS=(((extent OR area OR cover* OR proportion OR percentage) AND coral AND live) AND ((((""land use chang*"" OR ""land cover chang*"" OR ""land* system* chang*"" OR ""land* chang*"" OR ""land* degradation"" OR ""land* conversion"" OR ""land management"") OR ((marine OR ocean OR sea*) AND use AND change*) OR (""habitat loss*"" OR ""habitat degradation*"" OR ""habitat chang*"" OR ""habitat conversion"" OR ""habitat modification*"" OR ""habitat fragmentation"" OR ""habitat management"") OR (biofuel* OR biogas*) OR ((residential OR urban* OR cities OR housing OR commercial OR industrial OR touris* OR recreation*) AND (extent OR area OR cover* OR proportion* OR percentage*) AND (develop* OR expan* OR increas*)) OR (deforestation OR afforestation OR ""wood plantation*"" OR ""forest* plantation*"" OR ""pulp* plantation*"") OR ((aquaculture* OR agricultur* OR crop* OR ""cultivated area*"" OR farmland OR pasture) AND (develop* OR expan* OR increas* OR intensification OR extensification OR abandon* OR chang*)) OR (livestock AND (farm* OR ranch* OR graz* OR densit*)) OR (energy AND (drill* OR min* OR quarry*)) OR (((transport* OR service) AND (network* OR corridor* OR infrastructure*)) OR road* OR rail* OR ""ship* lane*"" OR ""flight path*"") OR (""system* modification*"" OR (dams OR (water AND (management OR use)))))) AND (((pollut* OR contamin* OR emission* OR spill-over* OR disposal* OR deposition* OR load* OR dump* OR discharge*) OR ((noise OR light OR gas* OR particle* OR particulate* OR nitrogen OR sulphur* OR phosphor* OR waste* OR garbage OR sewage OR pesticide* OR fertilizer* OR nutrient* OR ""oil spill*"" OR metal OR salinization OR salinisation OR acidification OR solid OR plastic OR mercury OR nutrient* OR pollutant*) AND (soil OR water OR ocean OR marine OR atmosphere OR air)) OR ((industrial OR military OR agricultur* OR forest*) AND effluent*)))) AND (que*bec OR canada OR montr*al or Saint-Lawrence or Bas-Saint-Laurent or Saguenay or Lac-Saint-Jean  or Capitale-Nationale or Mauricie or Estrie or Outaouais or Abitibi-T*miscamingue or C*te-Nord or Nord-du-Qu*bec or Gasp*sie–*les-de-la-Madeleine or Chaudi*re-Appalaches or Laval or Lanaudi*re or Laurentides or Mont*r*gie or Centre-du-Qu*bec))"
Land/sea use change,Pollution,"(((""land use chang*"" OR ""land cover chang*"" OR ""land* system* chang*"" OR ""land* chang*"" OR ""land* degradation"" OR ""land* conversion"" OR ""land management"") OR ((marine OR ocean OR sea*) AND use AND change*) OR (""habitat loss*"" OR ""habitat degradation*"" OR ""habitat chang*"" OR ""habitat conversion"" OR ""habitat modification*"" OR ""habitat fragmentation"" OR ""habitat management"") OR (biofuel* OR biogas*) OR ((residential OR urban* OR cities OR housing OR commercial OR industrial OR touris* OR recreation*) AND (extent OR area OR cover* OR proportion* OR percentage*) AND (develop* OR expan* OR increas*)) OR (deforestation OR afforestation OR ""wood plantation*"" OR ""forest* plantation*"" OR ""pulp* plantation*"") OR ((aquaculture* OR agricultur* OR crop* OR ""cultivated area*"" OR farmland OR pasture) AND (develop* OR expan* OR increas* OR intensification OR extensification OR abandon* OR chang*)) OR (livestock AND (farm* OR ranch* OR graz* OR densit*)) OR (energy AND (drill* OR min* OR quarry*)) OR (((transport* OR service) AND (network* OR corridor* OR infrastructure*)) OR road* OR rail* OR ""ship* lane*"" OR ""flight path*"") OR (""system* modification*"" OR (dams OR (water AND (management OR use)))))) AND (((pollut* OR contamin* OR emission* OR spill-over* OR disposal* OR deposition* OR load* OR dump* OR discharge*) OR ((noise OR light OR gas* OR particle* OR particulate* OR nitrogen OR sulphur* OR phosphor* OR waste* OR garbage OR sewage OR pesticide* OR fertilizer* OR nutrient* OR ""oil spill*"" OR metal OR salinization OR salinisation OR acidification OR solid OR plastic OR mercury OR nutrient* OR pollutant*) AND (soil OR water OR ocean OR marine OR atmosphere OR air)) OR ((industrial OR military OR agricultur* OR forest*) AND effluent*)))",Genetic composition,Proportion of local breeds at risk/not at risk/unknown,"""local breed*"" AND (livestock* OR (domestic AND animal*)) AND (risk OR extinct* OR threat*)","TS=((""local breed*"" AND (livestock* OR (domestic AND animal*)) AND (risk OR extinct* OR threat*)) AND ((((""land use chang*"" OR ""land cover chang*"" OR ""land* system* chang*"" OR ""land* chang*"" OR ""land* degradation"" OR ""land* conversion"" OR ""land management"") OR ((marine OR ocean OR sea*) AND use AND change*) OR (""habitat loss*"" OR ""habitat degradation*"" OR ""habitat chang*"" OR ""habitat conversion"" OR ""habitat modification*"" OR ""habitat fragmentation"" OR ""habitat management"") OR (biofuel* OR biogas*) OR ((residential OR urban* OR cities OR housing OR commercial OR industrial OR touris* OR recreation*) AND (extent OR area OR cover* OR proportion* OR percentage*) AND (develop* OR expan* OR increas*)) OR (deforestation OR afforestation OR ""wood plantation*"" OR ""forest* plantation*"" OR ""pulp* plantation*"") OR ((aquaculture* OR agricultur* OR crop* OR ""cultivated area*"" OR farmland OR pasture) AND (develop* OR expan* OR increas* OR intensification OR extensification OR abandon* OR chang*)) OR (livestock AND (farm* OR ranch* OR graz* OR densit*)) OR (energy AND (drill* OR min* OR quarry*)) OR (((transport* OR service) AND (network* OR corridor* OR infrastructure*)) OR road* OR rail* OR ""ship* lane*"" OR ""flight path*"") OR (""system* modification*"" OR (dams OR (water AND (management OR use)))))) AND (((pollut* OR contamin* OR emission* OR spill-over* OR disposal* OR deposition* OR load* OR dump* OR discharge*) OR ((noise OR light OR gas* OR particle* OR particulate* OR nitrogen OR sulphur* OR phosphor* OR waste* OR garbage OR sewage OR pesticide* OR fertilizer* OR nutrient* OR ""oil spill*"" OR metal OR salinization OR salinisation OR acidification OR solid OR plastic OR mercury OR nutrient* OR pollutant*) AND (soil OR water OR ocean OR marine OR atmosphere OR air)) OR ((industrial OR military OR agricultur* OR forest*) AND effluent*)))) AND (que*bec OR canada OR montr*al or Saint-Lawrence or Bas-Saint-Laurent or Saguenay or Lac-Saint-Jean  or Capitale-Nationale or Mauricie or Estrie or Outaouais or Abitibi-T*miscamingue or C*te-Nord or Nord-du-Qu*bec or Gasp*sie–*les-de-la-Madeleine or Chaudi*re-Appalaches or Laval or Lanaudi*re or Laurentides or Mont*r*gie or Centre-du-Qu*bec))"
Land/sea use change,Pollution,"(((""land use chang*"" OR ""land cover chang*"" OR ""land* system* chang*"" OR ""land* chang*"" OR ""land* degradation"" OR ""land* conversion"" OR ""land management"") OR ((marine OR ocean OR sea*) AND use AND change*) OR (""habitat loss*"" OR ""habitat degradation*"" OR ""habitat chang*"" OR ""habitat conversion"" OR ""habitat modification*"" OR ""habitat fragmentation"" OR ""habitat management"") OR (biofuel* OR biogas*) OR ((residential OR urban* OR cities OR housing OR commercial OR industrial OR touris* OR recreation*) AND (extent OR area OR cover* OR proportion* OR percentage*) AND (develop* OR expan* OR increas*)) OR (deforestation OR afforestation OR ""wood plantation*"" OR ""forest* plantation*"" OR ""pulp* plantation*"") OR ((aquaculture* OR agricultur* OR crop* OR ""cultivated area*"" OR farmland OR pasture) AND (develop* OR expan* OR increas* OR intensification OR extensification OR abandon* OR chang*)) OR (livestock AND (farm* OR ranch* OR graz* OR densit*)) OR (energy AND (drill* OR min* OR quarry*)) OR (((transport* OR service) AND (network* OR corridor* OR infrastructure*)) OR road* OR rail* OR ""ship* lane*"" OR ""flight path*"") OR (""system* modification*"" OR (dams OR (water AND (management OR use)))))) AND (((pollut* OR contamin* OR emission* OR spill-over* OR disposal* OR deposition* OR load* OR dump* OR discharge*) OR ((noise OR light OR gas* OR particle* OR particulate* OR nitrogen OR sulphur* OR phosphor* OR waste* OR garbage OR sewage OR pesticide* OR fertilizer* OR nutrient* OR ""oil spill*"" OR metal OR salinization OR salinisation OR acidification OR solid OR plastic OR mercury OR nutrient* OR pollutant*) AND (soil OR water OR ocean OR marine OR atmosphere OR air)) OR ((industrial OR military OR agricultur* OR forest*) AND effluent*)))",Species populations,IUCN red list of threatened species,"(IUCN OR ""red list"") AND (threat* OR extinct*) AND species NOT ""red list ind*""","TS=(((IUCN OR ""red list"") AND (threat* OR extinct*) AND species NOT ""red list ind*"") AND ((((""land use chang*"" OR ""land cover chang*"" OR ""land* system* chang*"" OR ""land* chang*"" OR ""land* degradation"" OR ""land* conversion"" OR ""land management"") OR ((marine OR ocean OR sea*) AND use AND change*) OR (""habitat loss*"" OR ""habitat degradation*"" OR ""habitat chang*"" OR ""habitat conversion"" OR ""habitat modification*"" OR ""habitat fragmentation"" OR ""habitat management"") OR (biofuel* OR biogas*) OR ((residential OR urban* OR cities OR housing OR commercial OR industrial OR touris* OR recreation*) AND (extent OR area OR cover* OR proportion* OR percentage*) AND (develop* OR expan* OR increas*)) OR (deforestation OR afforestation OR ""wood plantation*"" OR ""forest* plantation*"" OR ""pulp* plantation*"") OR ((aquaculture* OR agricultur* OR crop* OR ""cultivated area*"" OR farmland OR pasture) AND (develop* OR expan* OR increas* OR intensification OR extensification OR abandon* OR chang*)) OR (livestock AND (farm* OR ranch* OR graz* OR densit*)) OR (energy AND (drill* OR min* OR quarry*)) OR (((transport* OR service) AND (network* OR corridor* OR infrastructure*)) OR road* OR rail* OR ""ship* lane*"" OR ""flight path*"") OR (""system* modification*"" OR (dams OR (water AND (management OR use)))))) AND (((pollut* OR contamin* OR emission* OR spill-over* OR disposal* OR deposition* OR load* OR dump* OR discharge*) OR ((noise OR light OR gas* OR particle* OR particulate* OR nitrogen OR sulphur* OR phosphor* OR waste* OR garbage OR sewage OR pesticide* OR fertilizer* OR nutrient* OR ""oil spill*"" OR metal OR salinization OR salinisation OR acidification OR solid OR plastic OR mercury OR nutrient* OR pollutant*) AND (soil OR water OR ocean OR marine OR atmosphere OR air)) OR ((industrial OR military OR agricultur* OR forest*) AND effluent*)))) AND (que*bec OR canada OR montr*al or Saint-Lawrence or Bas-Saint-Laurent or Saguenay or Lac-Saint-Jean  or Capitale-Nationale or Mauricie or Estrie or Outaouais or Abitibi-T*miscamingue or C*te-Nord or Nord-du-Qu*bec or Gasp*sie–*les-de-la-Madeleine or Chaudi*re-Appalaches or Laval or Lanaudi*re or Laurentides or Mont*r*gie or Centre-du-Qu*bec))"
Land/sea use change,Pollution,"(((""land use chang*"" OR ""land cover chang*"" OR ""land* system* chang*"" OR ""land* chang*"" OR ""land* degradation"" OR ""land* conversion"" OR ""land management"") OR ((marine OR ocean OR sea*) AND use AND change*) OR (""habitat loss*"" OR ""habitat degradation*"" OR ""habitat chang*"" OR ""habitat conversion"" OR ""habitat modification*"" OR ""habitat fragmentation"" OR ""habitat management"") OR (biofuel* OR biogas*) OR ((residential OR urban* OR cities OR housing OR commercial OR industrial OR touris* OR recreation*) AND (extent OR area OR cover* OR proportion* OR percentage*) AND (develop* OR expan* OR increas*)) OR (deforestation OR afforestation OR ""wood plantation*"" OR ""forest* plantation*"" OR ""pulp* plantation*"") OR ((aquaculture* OR agricultur* OR crop* OR ""cultivated area*"" OR farmland OR pasture) AND (develop* OR expan* OR increas* OR intensification OR extensification OR abandon* OR chang*)) OR (livestock AND (farm* OR ranch* OR graz* OR densit*)) OR (energy AND (drill* OR min* OR quarry*)) OR (((transport* OR service) AND (network* OR corridor* OR infrastructure*)) OR road* OR rail* OR ""ship* lane*"" OR ""flight path*"") OR (""system* modification*"" OR (dams OR (water AND (management OR use)))))) AND (((pollut* OR contamin* OR emission* OR spill-over* OR disposal* OR deposition* OR load* OR dump* OR discharge*) OR ((noise OR light OR gas* OR particle* OR particulate* OR nitrogen OR sulphur* OR phosphor* OR waste* OR garbage OR sewage OR pesticide* OR fertilizer* OR nutrient* OR ""oil spill*"" OR metal OR salinization OR salinisation OR acidification OR solid OR plastic OR mercury OR nutrient* OR pollutant*) AND (soil OR water OR ocean OR marine OR atmosphere OR air)) OR ((industrial OR military OR agricultur* OR forest*) AND effluent*)))",Species populations,Living planet index,"""living planet ind*"" OR ""living planet report*""","TS=((""living planet ind*"" OR ""living planet report*"") AND ((((""land use chang*"" OR ""land cover chang*"" OR ""land* system* chang*"" OR ""land* chang*"" OR ""land* degradation"" OR ""land* conversion"" OR ""land management"") OR ((marine OR ocean OR sea*) AND use AND change*) OR (""habitat loss*"" OR ""habitat degradation*"" OR ""habitat chang*"" OR ""habitat conversion"" OR ""habitat modification*"" OR ""habitat fragmentation"" OR ""habitat management"") OR (biofuel* OR biogas*) OR ((residential OR urban* OR cities OR housing OR commercial OR industrial OR touris* OR recreation*) AND (extent OR area OR cover* OR proportion* OR percentage*) AND (develop* OR expan* OR increas*)) OR (deforestation OR afforestation OR ""wood plantation*"" OR ""forest* plantation*"" OR ""pulp* plantation*"") OR ((aquaculture* OR agricultur* OR crop* OR ""cultivated area*"" OR farmland OR pasture) AND (develop* OR expan* OR increas* OR intensification OR extensification OR abandon* OR chang*)) OR (livestock AND (farm* OR ranch* OR graz* OR densit*)) OR (energy AND (drill* OR min* OR quarry*)) OR (((transport* OR service) AND (network* OR corridor* OR infrastructure*)) OR road* OR rail* OR ""ship* lane*"" OR ""flight path*"") OR (""system* modification*"" OR (dams OR (water AND (management OR use)))))) AND (((pollut* OR contamin* OR emission* OR spill-over* OR disposal* OR deposition* OR load* OR dump* OR discharge*) OR ((noise OR light OR gas* OR particle* OR particulate* OR nitrogen OR sulphur* OR phosphor* OR waste* OR garbage OR sewage OR pesticide* OR fertilizer* OR nutrient* OR ""oil spill*"" OR metal OR salinization OR salinisation OR acidification OR solid OR plastic OR mercury OR nutrient* OR pollutant*) AND (soil OR water OR ocean OR marine OR atmosphere OR air)) OR ((industrial OR military OR agricultur* OR forest*) AND effluent*)))) AND (que*bec OR canada OR montr*al or Saint-Lawrence or Bas-Saint-Laurent or Saguenay or Lac-Saint-Jean  or Capitale-Nationale or Mauricie or Estrie or Outaouais or Abitibi-T*miscamingue or C*te-Nord or Nord-du-Qu*bec or Gasp*sie–*les-de-la-Madeleine or Chaudi*re-Appalaches or Laval or Lanaudi*re or Laurentides or Mont*r*gie or Centre-du-Qu*bec))"
Land/sea use change,Pollution,"(((""land use chang*"" OR ""land cover chang*"" OR ""land* system* chang*"" OR ""land* chang*"" OR ""land* degradation"" OR ""land* conversion"" OR ""land management"") OR ((marine OR ocean OR sea*) AND use AND change*) OR (""habitat loss*"" OR ""habitat degradation*"" OR ""habitat chang*"" OR ""habitat conversion"" OR ""habitat modification*"" OR ""habitat fragmentation"" OR ""habitat management"") OR (biofuel* OR biogas*) OR ((residential OR urban* OR cities OR housing OR commercial OR industrial OR touris* OR recreation*) AND (extent OR area OR cover* OR proportion* OR percentage*) AND (develop* OR expan* OR increas*)) OR (deforestation OR afforestation OR ""wood plantation*"" OR ""forest* plantation*"" OR ""pulp* plantation*"") OR ((aquaculture* OR agricultur* OR crop* OR ""cultivated area*"" OR farmland OR pasture) AND (develop* OR expan* OR increas* OR intensification OR extensification OR abandon* OR chang*)) OR (livestock AND (farm* OR ranch* OR graz* OR densit*)) OR (energy AND (drill* OR min* OR quarry*)) OR (((transport* OR service) AND (network* OR corridor* OR infrastructure*)) OR road* OR rail* OR ""ship* lane*"" OR ""flight path*"") OR (""system* modification*"" OR (dams OR (water AND (management OR use)))))) AND (((pollut* OR contamin* OR emission* OR spill-over* OR disposal* OR deposition* OR load* OR dump* OR discharge*) OR ((noise OR light OR gas* OR particle* OR particulate* OR nitrogen OR sulphur* OR phosphor* OR waste* OR garbage OR sewage OR pesticide* OR fertilizer* OR nutrient* OR ""oil spill*"" OR metal OR salinization OR salinisation OR acidification OR solid OR plastic OR mercury OR nutrient* OR pollutant*) AND (soil OR water OR ocean OR marine OR atmosphere OR air)) OR ((industrial OR military OR agricultur* OR forest*) AND effluent*)))",Species populations,Local species abundance,"((species OR assemblage*) AND abundance AND (local OR location* OR sample*)) AND (global OR world*) AND (""time series"" OR ""time -series"" OR temporal)","TS=((((species OR assemblage*) AND abundance AND (local OR location* OR sample*)) AND (global OR world*) AND (""time series"" OR ""time -series"" OR temporal)) AND ((((""land use chang*"" OR ""land cover chang*"" OR ""land* system* chang*"" OR ""land* chang*"" OR ""land* degradation"" OR ""land* conversion"" OR ""land management"") OR ((marine OR ocean OR sea*) AND use AND change*) OR (""habitat loss*"" OR ""habitat degradation*"" OR ""habitat chang*"" OR ""habitat conversion"" OR ""habitat modification*"" OR ""habitat fragmentation"" OR ""habitat management"") OR (biofuel* OR biogas*) OR ((residential OR urban* OR cities OR housing OR commercial OR industrial OR touris* OR recreation*) AND (extent OR area OR cover* OR proportion* OR percentage*) AND (develop* OR expan* OR increas*)) OR (deforestation OR afforestation OR ""wood plantation*"" OR ""forest* plantation*"" OR ""pulp* plantation*"") OR ((aquaculture* OR agricultur* OR crop* OR ""cultivated area*"" OR farmland OR pasture) AND (develop* OR expan* OR increas* OR intensification OR extensification OR abandon* OR chang*)) OR (livestock AND (farm* OR ranch* OR graz* OR densit*)) OR (energy AND (drill* OR min* OR quarry*)) OR (((transport* OR service) AND (network* OR corridor* OR infrastructure*)) OR road* OR rail* OR ""ship* lane*"" OR ""flight path*"") OR (""system* modification*"" OR (dams OR (water AND (management OR use)))))) AND (((pollut* OR contamin* OR emission* OR spill-over* OR disposal* OR deposition* OR load* OR dump* OR discharge*) OR ((noise OR light OR gas* OR particle* OR particulate* OR nitrogen OR sulphur* OR phosphor* OR waste* OR garbage OR sewage OR pesticide* OR fertilizer* OR nutrient* OR ""oil spill*"" OR metal OR salinization OR salinisation OR acidification OR solid OR plastic OR mercury OR nutrient* OR pollutant*) AND (soil OR water OR ocean OR marine OR atmosphere OR air)) OR ((industrial OR military OR agricultur* OR forest*) AND effluent*)))) AND (que*bec OR canada OR montr*al or Saint-Lawrence or Bas-Saint-Laurent or Saguenay or Lac-Saint-Jean  or Capitale-Nationale or Mauricie or Estrie or Outaouais or Abitibi-T*miscamingue or C*te-Nord or Nord-du-Qu*bec or Gasp*sie–*les-de-la-Madeleine or Chaudi*re-Appalaches or Laval or Lanaudi*re or Laurentides or Mont*r*gie or Centre-du-Qu*bec))"
Land/sea use change,Pollution,"(((""land use chang*"" OR ""land cover chang*"" OR ""land* system* chang*"" OR ""land* chang*"" OR ""land* degradation"" OR ""land* conversion"" OR ""land management"") OR ((marine OR ocean OR sea*) AND use AND change*) OR (""habitat loss*"" OR ""habitat degradation*"" OR ""habitat chang*"" OR ""habitat conversion"" OR ""habitat modification*"" OR ""habitat fragmentation"" OR ""habitat management"") OR (biofuel* OR biogas*) OR ((residential OR urban* OR cities OR housing OR commercial OR industrial OR touris* OR recreation*) AND (extent OR area OR cover* OR proportion* OR percentage*) AND (develop* OR expan* OR increas*)) OR (deforestation OR afforestation OR ""wood plantation*"" OR ""forest* plantation*"" OR ""pulp* plantation*"") OR ((aquaculture* OR agricultur* OR crop* OR ""cultivated area*"" OR farmland OR pasture) AND (develop* OR expan* OR increas* OR intensification OR extensification OR abandon* OR chang*)) OR (livestock AND (farm* OR ranch* OR graz* OR densit*)) OR (energy AND (drill* OR min* OR quarry*)) OR (((transport* OR service) AND (network* OR corridor* OR infrastructure*)) OR road* OR rail* OR ""ship* lane*"" OR ""flight path*"") OR (""system* modification*"" OR (dams OR (water AND (management OR use)))))) AND (((pollut* OR contamin* OR emission* OR spill-over* OR disposal* OR deposition* OR load* OR dump* OR discharge*) OR ((noise OR light OR gas* OR particle* OR particulate* OR nitrogen OR sulphur* OR phosphor* OR waste* OR garbage OR sewage OR pesticide* OR fertilizer* OR nutrient* OR ""oil spill*"" OR metal OR salinization OR salinisation OR acidification OR solid OR plastic OR mercury OR nutrient* OR pollutant*) AND (soil OR water OR ocean OR marine OR atmosphere OR air)) OR ((industrial OR military OR agricultur* OR forest*) AND effluent*)))",Species populations,Predatory fish biomass,predator* AND fish* AND (biomass OR abundance),"TS=((predator* AND fish* AND (biomass OR abundance)) AND ((((""land use chang*"" OR ""land cover chang*"" OR ""land* system* chang*"" OR ""land* chang*"" OR ""land* degradation"" OR ""land* conversion"" OR ""land management"") OR ((marine OR ocean OR sea*) AND use AND change*) OR (""habitat loss*"" OR ""habitat degradation*"" OR ""habitat chang*"" OR ""habitat conversion"" OR ""habitat modification*"" OR ""habitat fragmentation"" OR ""habitat management"") OR (biofuel* OR biogas*) OR ((residential OR urban* OR cities OR housing OR commercial OR industrial OR touris* OR recreation*) AND (extent OR area OR cover* OR proportion* OR percentage*) AND (develop* OR expan* OR increas*)) OR (deforestation OR afforestation OR ""wood plantation*"" OR ""forest* plantation*"" OR ""pulp* plantation*"") OR ((aquaculture* OR agricultur* OR crop* OR ""cultivated area*"" OR farmland OR pasture) AND (develop* OR expan* OR increas* OR intensification OR extensification OR abandon* OR chang*)) OR (livestock AND (farm* OR ranch* OR graz* OR densit*)) OR (energy AND (drill* OR min* OR quarry*)) OR (((transport* OR service) AND (network* OR corridor* OR infrastructure*)) OR road* OR rail* OR ""ship* lane*"" OR ""flight path*"") OR (""system* modification*"" OR (dams OR (water AND (management OR use)))))) AND (((pollut* OR contamin* OR emission* OR spill-over* OR disposal* OR deposition* OR load* OR dump* OR discharge*) OR ((noise OR light OR gas* OR particle* OR particulate* OR nitrogen OR sulphur* OR phosphor* OR waste* OR garbage OR sewage OR pesticide* OR fertilizer* OR nutrient* OR ""oil spill*"" OR metal OR salinization OR salinisation OR acidification OR solid OR plastic OR mercury OR nutrient* OR pollutant*) AND (soil OR water OR ocean OR marine OR atmosphere OR air)) OR ((industrial OR military OR agricultur* OR forest*) AND effluent*)))) AND (que*bec OR canada OR montr*al or Saint-Lawrence or Bas-Saint-Laurent or Saguenay or Lac-Saint-Jean  or Capitale-Nationale or Mauricie or Estrie or Outaouais or Abitibi-T*miscamingue or C*te-Nord or Nord-du-Qu*bec or Gasp*sie–*les-de-la-Madeleine or Chaudi*re-Appalaches or Laval or Lanaudi*re or Laurentides or Mont*r*gie or Centre-du-Qu*bec))"
Land/sea use change,Pollution,"(((""land use chang*"" OR ""land cover chang*"" OR ""land* system* chang*"" OR ""land* chang*"" OR ""land* degradation"" OR ""land* conversion"" OR ""land management"") OR ((marine OR ocean OR sea*) AND use AND change*) OR (""habitat loss*"" OR ""habitat degradation*"" OR ""habitat chang*"" OR ""habitat conversion"" OR ""habitat modification*"" OR ""habitat fragmentation"" OR ""habitat management"") OR (biofuel* OR biogas*) OR ((residential OR urban* OR cities OR housing OR commercial OR industrial OR touris* OR recreation*) AND (extent OR area OR cover* OR proportion* OR percentage*) AND (develop* OR expan* OR increas*)) OR (deforestation OR afforestation OR ""wood plantation*"" OR ""forest* plantation*"" OR ""pulp* plantation*"") OR ((aquaculture* OR agricultur* OR crop* OR ""cultivated area*"" OR farmland OR pasture) AND (develop* OR expan* OR increas* OR intensification OR extensification OR abandon* OR chang*)) OR (livestock AND (farm* OR ranch* OR graz* OR densit*)) OR (energy AND (drill* OR min* OR quarry*)) OR (((transport* OR service) AND (network* OR corridor* OR infrastructure*)) OR road* OR rail* OR ""ship* lane*"" OR ""flight path*"") OR (""system* modification*"" OR (dams OR (water AND (management OR use)))))) AND (((pollut* OR contamin* OR emission* OR spill-over* OR disposal* OR deposition* OR load* OR dump* OR discharge*) OR ((noise OR light OR gas* OR particle* OR particulate* OR nitrogen OR sulphur* OR phosphor* OR waste* OR garbage OR sewage OR pesticide* OR fertilizer* OR nutrient* OR ""oil spill*"" OR metal OR salinization OR salinisation OR acidification OR solid OR plastic OR mercury OR nutrient* OR pollutant*) AND (soil OR water OR ocean OR marine OR atmosphere OR air)) OR ((industrial OR military OR agricultur* OR forest*) AND effluent*)))",Species populations,Prey fish biomass,prey* AND fish* AND (biomass OR abundance),"TS=((prey* AND fish* AND (biomass OR abundance)) AND ((((""land use chang*"" OR ""land cover chang*"" OR ""land* system* chang*"" OR ""land* chang*"" OR ""land* degradation"" OR ""land* conversion"" OR ""land management"") OR ((marine OR ocean OR sea*) AND use AND change*) OR (""habitat loss*"" OR ""habitat degradation*"" OR ""habitat chang*"" OR ""habitat conversion"" OR ""habitat modification*"" OR ""habitat fragmentation"" OR ""habitat management"") OR (biofuel* OR biogas*) OR ((residential OR urban* OR cities OR housing OR commercial OR industrial OR touris* OR recreation*) AND (extent OR area OR cover* OR proportion* OR percentage*) AND (develop* OR expan* OR increas*)) OR (deforestation OR afforestation OR ""wood plantation*"" OR ""forest* plantation*"" OR ""pulp* plantation*"") OR ((aquaculture* OR agricultur* OR crop* OR ""cultivated area*"" OR farmland OR pasture) AND (develop* OR expan* OR increas* OR intensification OR extensification OR abandon* OR chang*)) OR (livestock AND (farm* OR ranch* OR graz* OR densit*)) OR (energy AND (drill* OR min* OR quarry*)) OR (((transport* OR service) AND (network* OR corridor* OR infrastructure*)) OR road* OR rail* OR ""ship* lane*"" OR ""flight path*"") OR (""system* modification*"" OR (dams OR (water AND (management OR use)))))) AND (((pollut* OR contamin* OR emission* OR spill-over* OR disposal* OR deposition* OR load* OR dump* OR discharge*) OR ((noise OR light OR gas* OR particle* OR particulate* OR nitrogen OR sulphur* OR phosphor* OR waste* OR garbage OR sewage OR pesticide* OR fertilizer* OR nutrient* OR ""oil spill*"" OR metal OR salinization OR salinisation OR acidification OR solid OR plastic OR mercury OR nutrient* OR pollutant*) AND (soil OR water OR ocean OR marine OR atmosphere OR air)) OR ((industrial OR military OR agricultur* OR forest*) AND effluent*)))) AND (que*bec OR canada OR montr*al or Saint-Lawrence or Bas-Saint-Laurent or Saguenay or Lac-Saint-Jean  or Capitale-Nationale or Mauricie or Estrie or Outaouais or Abitibi-T*miscamingue or C*te-Nord or Nord-du-Qu*bec or Gasp*sie–*les-de-la-Madeleine or Chaudi*re-Appalaches or Laval or Lanaudi*re or Laurentides or Mont*r*gie or Centre-du-Qu*bec))"
Land/sea use change,Pollution,"(((""land use chang*"" OR ""land cover chang*"" OR ""land* system* chang*"" OR ""land* chang*"" OR ""land* degradation"" OR ""land* conversion"" OR ""land management"") OR ((marine OR ocean OR sea*) AND use AND change*) OR (""habitat loss*"" OR ""habitat degradation*"" OR ""habitat chang*"" OR ""habitat conversion"" OR ""habitat modification*"" OR ""habitat fragmentation"" OR ""habitat management"") OR (biofuel* OR biogas*) OR ((residential OR urban* OR cities OR housing OR commercial OR industrial OR touris* OR recreation*) AND (extent OR area OR cover* OR proportion* OR percentage*) AND (develop* OR expan* OR increas*)) OR (deforestation OR afforestation OR ""wood plantation*"" OR ""forest* plantation*"" OR ""pulp* plantation*"") OR ((aquaculture* OR agricultur* OR crop* OR ""cultivated area*"" OR farmland OR pasture) AND (develop* OR expan* OR increas* OR intensification OR extensification OR abandon* OR chang*)) OR (livestock AND (farm* OR ranch* OR graz* OR densit*)) OR (energy AND (drill* OR min* OR quarry*)) OR (((transport* OR service) AND (network* OR corridor* OR infrastructure*)) OR road* OR rail* OR ""ship* lane*"" OR ""flight path*"") OR (""system* modification*"" OR (dams OR (water AND (management OR use)))))) AND (((pollut* OR contamin* OR emission* OR spill-over* OR disposal* OR deposition* OR load* OR dump* OR discharge*) OR ((noise OR light OR gas* OR particle* OR particulate* OR nitrogen OR sulphur* OR phosphor* OR waste* OR garbage OR sewage OR pesticide* OR fertilizer* OR nutrient* OR ""oil spill*"" OR metal OR salinization OR salinisation OR acidification OR solid OR plastic OR mercury OR nutrient* OR pollutant*) AND (soil OR water OR ocean OR marine OR atmosphere OR air)) OR ((industrial OR military OR agricultur* OR forest*) AND effluent*)))",Species populations,Proportion of fish stocks within biologically sustainable levels,"fish* AND stock* AND (""sustainab*"" OR safe)","TS=((fish* AND stock* AND (""sustainab*"" OR safe)) AND ((((""land use chang*"" OR ""land cover chang*"" OR ""land* system* chang*"" OR ""land* chang*"" OR ""land* degradation"" OR ""land* conversion"" OR ""land management"") OR ((marine OR ocean OR sea*) AND use AND change*) OR (""habitat loss*"" OR ""habitat degradation*"" OR ""habitat chang*"" OR ""habitat conversion"" OR ""habitat modification*"" OR ""habitat fragmentation"" OR ""habitat management"") OR (biofuel* OR biogas*) OR ((residential OR urban* OR cities OR housing OR commercial OR industrial OR touris* OR recreation*) AND (extent OR area OR cover* OR proportion* OR percentage*) AND (develop* OR expan* OR increas*)) OR (deforestation OR afforestation OR ""wood plantation*"" OR ""forest* plantation*"" OR ""pulp* plantation*"") OR ((aquaculture* OR agricultur* OR crop* OR ""cultivated area*"" OR farmland OR pasture) AND (develop* OR expan* OR increas* OR intensification OR extensification OR abandon* OR chang*)) OR (livestock AND (farm* OR ranch* OR graz* OR densit*)) OR (energy AND (drill* OR min* OR quarry*)) OR (((transport* OR service) AND (network* OR corridor* OR infrastructure*)) OR road* OR rail* OR ""ship* lane*"" OR ""flight path*"") OR (""system* modification*"" OR (dams OR (water AND (management OR use)))))) AND (((pollut* OR contamin* OR emission* OR spill-over* OR disposal* OR deposition* OR load* OR dump* OR discharge*) OR ((noise OR light OR gas* OR particle* OR particulate* OR nitrogen OR sulphur* OR phosphor* OR waste* OR garbage OR sewage OR pesticide* OR fertilizer* OR nutrient* OR ""oil spill*"" OR metal OR salinization OR salinisation OR acidification OR solid OR plastic OR mercury OR nutrient* OR pollutant*) AND (soil OR water OR ocean OR marine OR atmosphere OR air)) OR ((industrial OR military OR agricultur* OR forest*) AND effluent*)))) AND (que*bec OR canada OR montr*al or Saint-Lawrence or Bas-Saint-Laurent or Saguenay or Lac-Saint-Jean  or Capitale-Nationale or Mauricie or Estrie or Outaouais or Abitibi-T*miscamingue or C*te-Nord or Nord-du-Qu*bec or Gasp*sie–*les-de-la-Madeleine or Chaudi*re-Appalaches or Laval or Lanaudi*re or Laurentides or Mont*r*gie or Centre-du-Qu*bec))"
Land/sea use change,Pollution,"(((""land use chang*"" OR ""land cover chang*"" OR ""land* system* chang*"" OR ""land* chang*"" OR ""land* degradation"" OR ""land* conversion"" OR ""land management"") OR ((marine OR ocean OR sea*) AND use AND change*) OR (""habitat loss*"" OR ""habitat degradation*"" OR ""habitat chang*"" OR ""habitat conversion"" OR ""habitat modification*"" OR ""habitat fragmentation"" OR ""habitat management"") OR (biofuel* OR biogas*) OR ((residential OR urban* OR cities OR housing OR commercial OR industrial OR touris* OR recreation*) AND (extent OR area OR cover* OR proportion* OR percentage*) AND (develop* OR expan* OR increas*)) OR (deforestation OR afforestation OR ""wood plantation*"" OR ""forest* plantation*"" OR ""pulp* plantation*"") OR ((aquaculture* OR agricultur* OR crop* OR ""cultivated area*"" OR farmland OR pasture) AND (develop* OR expan* OR increas* OR intensification OR extensification OR abandon* OR chang*)) OR (livestock AND (farm* OR ranch* OR graz* OR densit*)) OR (energy AND (drill* OR min* OR quarry*)) OR (((transport* OR service) AND (network* OR corridor* OR infrastructure*)) OR road* OR rail* OR ""ship* lane*"" OR ""flight path*"") OR (""system* modification*"" OR (dams OR (water AND (management OR use)))))) AND (((pollut* OR contamin* OR emission* OR spill-over* OR disposal* OR deposition* OR load* OR dump* OR discharge*) OR ((noise OR light OR gas* OR particle* OR particulate* OR nitrogen OR sulphur* OR phosphor* OR waste* OR garbage OR sewage OR pesticide* OR fertilizer* OR nutrient* OR ""oil spill*"" OR metal OR salinization OR salinisation OR acidification OR solid OR plastic OR mercury OR nutrient* OR pollutant*) AND (soil OR water OR ocean OR marine OR atmosphere OR air)) OR ((industrial OR military OR agricultur* OR forest*) AND effluent*)))",Species populations,Red list index,"""red list ind*""","TS=((""red list ind*"") AND ((((""land use chang*"" OR ""land cover chang*"" OR ""land* system* chang*"" OR ""land* chang*"" OR ""land* degradation"" OR ""land* conversion"" OR ""land management"") OR ((marine OR ocean OR sea*) AND use AND change*) OR (""habitat loss*"" OR ""habitat degradation*"" OR ""habitat chang*"" OR ""habitat conversion"" OR ""habitat modification*"" OR ""habitat fragmentation"" OR ""habitat management"") OR (biofuel* OR biogas*) OR ((residential OR urban* OR cities OR housing OR commercial OR industrial OR touris* OR recreation*) AND (extent OR area OR cover* OR proportion* OR percentage*) AND (develop* OR expan* OR increas*)) OR (deforestation OR afforestation OR ""wood plantation*"" OR ""forest* plantation*"" OR ""pulp* plantation*"") OR ((aquaculture* OR agricultur* OR crop* OR ""cultivated area*"" OR farmland OR pasture) AND (develop* OR expan* OR increas* OR intensification OR extensification OR abandon* OR chang*)) OR (livestock AND (farm* OR ranch* OR graz* OR densit*)) OR (energy AND (drill* OR min* OR quarry*)) OR (((transport* OR service) AND (network* OR corridor* OR infrastructure*)) OR road* OR rail* OR ""ship* lane*"" OR ""flight path*"") OR (""system* modification*"" OR (dams OR (water AND (management OR use)))))) AND (((pollut* OR contamin* OR emission* OR spill-over* OR disposal* OR deposition* OR load* OR dump* OR discharge*) OR ((noise OR light OR gas* OR particle* OR particulate* OR nitrogen OR sulphur* OR phosphor* OR waste* OR garbage OR sewage OR pesticide* OR fertilizer* OR nutrient* OR ""oil spill*"" OR metal OR salinization OR salinisation OR acidification OR solid OR plastic OR mercury OR nutrient* OR pollutant*) AND (soil OR water OR ocean OR marine OR atmosphere OR air)) OR ((industrial OR military OR agricultur* OR forest*) AND effluent*)))) AND (que*bec OR canada OR montr*al or Saint-Lawrence or Bas-Saint-Laurent or Saguenay or Lac-Saint-Jean  or Capitale-Nationale or Mauricie or Estrie or Outaouais or Abitibi-T*miscamingue or C*te-Nord or Nord-du-Qu*bec or Gasp*sie–*les-de-la-Madeleine or Chaudi*re-Appalaches or Laval or Lanaudi*re or Laurentides or Mont*r*gie or Centre-du-Qu*bec))"
Land/sea use change,Pollution,"(((""land use chang*"" OR ""land cover chang*"" OR ""land* system* chang*"" OR ""land* chang*"" OR ""land* degradation"" OR ""land* conversion"" OR ""land management"") OR ((marine OR ocean OR sea*) AND use AND change*) OR (""habitat loss*"" OR ""habitat degradation*"" OR ""habitat chang*"" OR ""habitat conversion"" OR ""habitat modification*"" OR ""habitat fragmentation"" OR ""habitat management"") OR (biofuel* OR biogas*) OR ((residential OR urban* OR cities OR housing OR commercial OR industrial OR touris* OR recreation*) AND (extent OR area OR cover* OR proportion* OR percentage*) AND (develop* OR expan* OR increas*)) OR (deforestation OR afforestation OR ""wood plantation*"" OR ""forest* plantation*"" OR ""pulp* plantation*"") OR ((aquaculture* OR agricultur* OR crop* OR ""cultivated area*"" OR farmland OR pasture) AND (develop* OR expan* OR increas* OR intensification OR extensification OR abandon* OR chang*)) OR (livestock AND (farm* OR ranch* OR graz* OR densit*)) OR (energy AND (drill* OR min* OR quarry*)) OR (((transport* OR service) AND (network* OR corridor* OR infrastructure*)) OR road* OR rail* OR ""ship* lane*"" OR ""flight path*"") OR (""system* modification*"" OR (dams OR (water AND (management OR use)))))) AND (((pollut* OR contamin* OR emission* OR spill-over* OR disposal* OR deposition* OR load* OR dump* OR discharge*) OR ((noise OR light OR gas* OR particle* OR particulate* OR nitrogen OR sulphur* OR phosphor* OR waste* OR garbage OR sewage OR pesticide* OR fertilizer* OR nutrient* OR ""oil spill*"" OR metal OR salinization OR salinisation OR acidification OR solid OR plastic OR mercury OR nutrient* OR pollutant*) AND (soil OR water OR ocean OR marine OR atmosphere OR air)) OR ((industrial OR military OR agricultur* OR forest*) AND effluent*)))",Species populations,Wild bird index,"""wild bird ind*""","TS=((""wild bird ind*"") AND ((((""land use chang*"" OR ""land cover chang*"" OR ""land* system* chang*"" OR ""land* chang*"" OR ""land* degradation"" OR ""land* conversion"" OR ""land management"") OR ((marine OR ocean OR sea*) AND use AND change*) OR (""habitat loss*"" OR ""habitat degradation*"" OR ""habitat chang*"" OR ""habitat conversion"" OR ""habitat modification*"" OR ""habitat fragmentation"" OR ""habitat management"") OR (biofuel* OR biogas*) OR ((residential OR urban* OR cities OR housing OR commercial OR industrial OR touris* OR recreation*) AND (extent OR area OR cover* OR proportion* OR percentage*) AND (develop* OR expan* OR increas*)) OR (deforestation OR afforestation OR ""wood plantation*"" OR ""forest* plantation*"" OR ""pulp* plantation*"") OR ((aquaculture* OR agricultur* OR crop* OR ""cultivated area*"" OR farmland OR pasture) AND (develop* OR expan* OR increas* OR intensification OR extensification OR abandon* OR chang*)) OR (livestock AND (farm* OR ranch* OR graz* OR densit*)) OR (energy AND (drill* OR min* OR quarry*)) OR (((transport* OR service) AND (network* OR corridor* OR infrastructure*)) OR road* OR rail* OR ""ship* lane*"" OR ""flight path*"") OR (""system* modification*"" OR (dams OR (water AND (management OR use)))))) AND (((pollut* OR contamin* OR emission* OR spill-over* OR disposal* OR deposition* OR load* OR dump* OR discharge*) OR ((noise OR light OR gas* OR particle* OR particulate* OR nitrogen OR sulphur* OR phosphor* OR waste* OR garbage OR sewage OR pesticide* OR fertilizer* OR nutrient* OR ""oil spill*"" OR metal OR salinization OR salinisation OR acidification OR solid OR plastic OR mercury OR nutrient* OR pollutant*) AND (soil OR water OR ocean OR marine OR atmosphere OR air)) OR ((industrial OR military OR agricultur* OR forest*) AND effluent*)))) AND (que*bec OR canada OR montr*al or Saint-Lawrence or Bas-Saint-Laurent or Saguenay or Lac-Saint-Jean  or Capitale-Nationale or Mauricie or Estrie or Outaouais or Abitibi-T*miscamingue or C*te-Nord or Nord-du-Qu*bec or Gasp*sie–*les-de-la-Madeleine or Chaudi*re-Appalaches or Laval or Lanaudi*re or Laurentides or Mont*r*gie or Centre-du-Qu*bec))"
Land/sea use change,Pollution,"(((""land use chang*"" OR ""land cover chang*"" OR ""land* system* chang*"" OR ""land* chang*"" OR ""land* degradation"" OR ""land* conversion"" OR ""land management"") OR ((marine OR ocean OR sea*) AND use AND change*) OR (""habitat loss*"" OR ""habitat degradation*"" OR ""habitat chang*"" OR ""habitat conversion"" OR ""habitat modification*"" OR ""habitat fragmentation"" OR ""habitat management"") OR (biofuel* OR biogas*) OR ((residential OR urban* OR cities OR housing OR commercial OR industrial OR touris* OR recreation*) AND (extent OR area OR cover* OR proportion* OR percentage*) AND (develop* OR expan* OR increas*)) OR (deforestation OR afforestation OR ""wood plantation*"" OR ""forest* plantation*"" OR ""pulp* plantation*"") OR ((aquaculture* OR agricultur* OR crop* OR ""cultivated area*"" OR farmland OR pasture) AND (develop* OR expan* OR increas* OR intensification OR extensification OR abandon* OR chang*)) OR (livestock AND (farm* OR ranch* OR graz* OR densit*)) OR (energy AND (drill* OR min* OR quarry*)) OR (((transport* OR service) AND (network* OR corridor* OR infrastructure*)) OR road* OR rail* OR ""ship* lane*"" OR ""flight path*"") OR (""system* modification*"" OR (dams OR (water AND (management OR use)))))) AND (((pollut* OR contamin* OR emission* OR spill-over* OR disposal* OR deposition* OR load* OR dump* OR discharge*) OR ((noise OR light OR gas* OR particle* OR particulate* OR nitrogen OR sulphur* OR phosphor* OR waste* OR garbage OR sewage OR pesticide* OR fertilizer* OR nutrient* OR ""oil spill*"" OR metal OR salinization OR salinisation OR acidification OR solid OR plastic OR mercury OR nutrient* OR pollutant*) AND (soil OR water OR ocean OR marine OR atmosphere OR air)) OR ((industrial OR military OR agricultur* OR forest*) AND effluent*)))",Species traits,Mean length of fish,"(""mean length*"" OR ""average length*"") AND fish*","TS=(((""mean length*"" OR ""average length*"") AND fish*) AND ((((""land use chang*"" OR ""land cover chang*"" OR ""land* system* chang*"" OR ""land* chang*"" OR ""land* degradation"" OR ""land* conversion"" OR ""land management"") OR ((marine OR ocean OR sea*) AND use AND change*) OR (""habitat loss*"" OR ""habitat degradation*"" OR ""habitat chang*"" OR ""habitat conversion"" OR ""habitat modification*"" OR ""habitat fragmentation"" OR ""habitat management"") OR (biofuel* OR biogas*) OR ((residential OR urban* OR cities OR housing OR commercial OR industrial OR touris* OR recreation*) AND (extent OR area OR cover* OR proportion* OR percentage*) AND (develop* OR expan* OR increas*)) OR (deforestation OR afforestation OR ""wood plantation*"" OR ""forest* plantation*"" OR ""pulp* plantation*"") OR ((aquaculture* OR agricultur* OR crop* OR ""cultivated area*"" OR farmland OR pasture) AND (develop* OR expan* OR increas* OR intensification OR extensification OR abandon* OR chang*)) OR (livestock AND (farm* OR ranch* OR graz* OR densit*)) OR (energy AND (drill* OR min* OR quarry*)) OR (((transport* OR service) AND (network* OR corridor* OR infrastructure*)) OR road* OR rail* OR ""ship* lane*"" OR ""flight path*"") OR (""system* modification*"" OR (dams OR (water AND (management OR use)))))) AND (((pollut* OR contamin* OR emission* OR spill-over* OR disposal* OR deposition* OR load* OR dump* OR discharge*) OR ((noise OR light OR gas* OR particle* OR particulate* OR nitrogen OR sulphur* OR phosphor* OR waste* OR garbage OR sewage OR pesticide* OR fertilizer* OR nutrient* OR ""oil spill*"" OR metal OR salinization OR salinisation OR acidification OR solid OR plastic OR mercury OR nutrient* OR pollutant*) AND (soil OR water OR ocean OR marine OR atmosphere OR air)) OR ((industrial OR military OR agricultur* OR forest*) AND effluent*)))) AND (que*bec OR canada OR montr*al or Saint-Lawrence or Bas-Saint-Laurent or Saguenay or Lac-Saint-Jean  or Capitale-Nationale or Mauricie or Estrie or Outaouais or Abitibi-T*miscamingue or C*te-Nord or Nord-du-Qu*bec or Gasp*sie–*les-de-la-Madeleine or Chaudi*re-Appalaches or Laval or Lanaudi*re or Laurentides or Mont*r*gie or Centre-du-Qu*bec))"
Land/sea use change,Pollution,"(((""land use chang*"" OR ""land cover chang*"" OR ""land* system* chang*"" OR ""land* chang*"" OR ""land* degradation"" OR ""land* conversion"" OR ""land management"") OR ((marine OR ocean OR sea*) AND use AND change*) OR (""habitat loss*"" OR ""habitat degradation*"" OR ""habitat chang*"" OR ""habitat conversion"" OR ""habitat modification*"" OR ""habitat fragmentation"" OR ""habitat management"") OR (biofuel* OR biogas*) OR ((residential OR urban* OR cities OR housing OR commercial OR industrial OR touris* OR recreation*) AND (extent OR area OR cover* OR proportion* OR percentage*) AND (develop* OR expan* OR increas*)) OR (deforestation OR afforestation OR ""wood plantation*"" OR ""forest* plantation*"" OR ""pulp* plantation*"") OR ((aquaculture* OR agricultur* OR crop* OR ""cultivated area*"" OR farmland OR pasture) AND (develop* OR expan* OR increas* OR intensification OR extensification OR abandon* OR chang*)) OR (livestock AND (farm* OR ranch* OR graz* OR densit*)) OR (energy AND (drill* OR min* OR quarry*)) OR (((transport* OR service) AND (network* OR corridor* OR infrastructure*)) OR road* OR rail* OR ""ship* lane*"" OR ""flight path*"") OR (""system* modification*"" OR (dams OR (water AND (management OR use)))))) AND (((pollut* OR contamin* OR emission* OR spill-over* OR disposal* OR deposition* OR load* OR dump* OR discharge*) OR ((noise OR light OR gas* OR particle* OR particulate* OR nitrogen OR sulphur* OR phosphor* OR waste* OR garbage OR sewage OR pesticide* OR fertilizer* OR nutrient* OR ""oil spill*"" OR metal OR salinization OR salinisation OR acidification OR solid OR plastic OR mercury OR nutrient* OR pollutant*) AND (soil OR water OR ocean OR marine OR atmosphere OR air)) OR ((industrial OR military OR agricultur* OR forest*) AND effluent*)))",Species traits,Proportion of predatory fish,"(proportion OR ratio OR percentage) AND ""predator* fish*""","TS=(((proportion OR ratio OR percentage) AND ""predator* fish*"") AND ((((""land use chang*"" OR ""land cover chang*"" OR ""land* system* chang*"" OR ""land* chang*"" OR ""land* degradation"" OR ""land* conversion"" OR ""land management"") OR ((marine OR ocean OR sea*) AND use AND change*) OR (""habitat loss*"" OR ""habitat degradation*"" OR ""habitat chang*"" OR ""habitat conversion"" OR ""habitat modification*"" OR ""habitat fragmentation"" OR ""habitat management"") OR (biofuel* OR biogas*) OR ((residential OR urban* OR cities OR housing OR commercial OR industrial OR touris* OR recreation*) AND (extent OR area OR cover* OR proportion* OR percentage*) AND (develop* OR expan* OR increas*)) OR (deforestation OR afforestation OR ""wood plantation*"" OR ""forest* plantation*"" OR ""pulp* plantation*"") OR ((aquaculture* OR agricultur* OR crop* OR ""cultivated area*"" OR farmland OR pasture) AND (develop* OR expan* OR increas* OR intensification OR extensification OR abandon* OR chang*)) OR (livestock AND (farm* OR ranch* OR graz* OR densit*)) OR (energy AND (drill* OR min* OR quarry*)) OR (((transport* OR service) AND (network* OR corridor* OR infrastructure*)) OR road* OR rail* OR ""ship* lane*"" OR ""flight path*"") OR (""system* modification*"" OR (dams OR (water AND (management OR use)))))) AND (((pollut* OR contamin* OR emission* OR spill-over* OR disposal* OR deposition* OR load* OR dump* OR discharge*) OR ((noise OR light OR gas* OR particle* OR particulate* OR nitrogen OR sulphur* OR phosphor* OR waste* OR garbage OR sewage OR pesticide* OR fertilizer* OR nutrient* OR ""oil spill*"" OR metal OR salinization OR salinisation OR acidification OR solid OR plastic OR mercury OR nutrient* OR pollutant*) AND (soil OR water OR ocean OR marine OR atmosphere OR air)) OR ((industrial OR military OR agricultur* OR forest*) AND effluent*)))) AND (que*bec OR canada OR montr*al or Saint-Lawrence or Bas-Saint-Laurent or Saguenay or Lac-Saint-Jean  or Capitale-Nationale or Mauricie or Estrie or Outaouais or Abitibi-T*miscamingue or C*te-Nord or Nord-du-Qu*bec or Gasp*sie–*les-de-la-Madeleine or Chaudi*re-Appalaches or Laval or Lanaudi*re or Laurentides or Mont*r*gie or Centre-du-Qu*bec))"
Land/sea use change,Invasive alien species,"(((""land use chang*"" OR ""land cover chang*"" OR ""land* system* chang*"" OR ""land* chang*"" OR ""land* degradation"" OR ""land* conversion"" OR ""land management"") OR ((marine OR ocean OR sea*) AND use AND change*) OR (""habitat loss*"" OR ""habitat degradation*"" OR ""habitat chang*"" OR ""habitat conversion"" OR ""habitat modification*"" OR ""habitat fragmentation"" OR ""habitat management"") OR (biofuel* OR biogas*) OR ((residential OR urban* OR cities OR housing OR commercial OR industrial OR touris* OR recreation*) AND (extent OR area OR cover* OR proportion* OR percentage*) AND (develop* OR expan* OR increas*)) OR (deforestation OR afforestation OR ""wood plantation*"" OR ""forest* plantation*"" OR ""pulp* plantation*"") OR ((aquaculture* OR agricultur* OR crop* OR ""cultivated area*"" OR farmland OR pasture) AND (develop* OR expan* OR increas* OR intensification OR extensification OR abandon* OR chang*)) OR (livestock AND (farm* OR ranch* OR graz* OR densit*)) OR (energy AND (drill* OR min* OR quarry*)) OR (((transport* OR service) AND (network* OR corridor* OR infrastructure*)) OR road* OR rail* OR ""ship* lane*"" OR ""flight path*"") OR (""system* modification*"" OR (dams OR (water AND (management OR use)))))) AND ((((invasive OR invasion) AND (alien OR exotic OR non-native OR pest* OR disease) AND species) OR ""biological invasion*"" OR (introduc* AND (species OR material))))",Community composition,NA,"(((communit* OR assemblage* OR taxonom* OR species) AND (dominance* OR richness OR turnover OR diversit* OR composition OR similarit)) OR (""species interaction"" OR ""biotic interaction*""))","TS=(((((communit* OR assemblage* OR taxonom* OR species) AND (dominance* OR richness OR turnover OR diversit* OR composition OR similarit)) OR (""species interaction"" OR ""biotic interaction*""))) AND ((((""land use chang*"" OR ""land cover chang*"" OR ""land* system* chang*"" OR ""land* chang*"" OR ""land* degradation"" OR ""land* conversion"" OR ""land management"") OR ((marine OR ocean OR sea*) AND use AND change*) OR (""habitat loss*"" OR ""habitat degradation*"" OR ""habitat chang*"" OR ""habitat conversion"" OR ""habitat modification*"" OR ""habitat fragmentation"" OR ""habitat management"") OR (biofuel* OR biogas*) OR ((residential OR urban* OR cities OR housing OR commercial OR industrial OR touris* OR recreation*) AND (extent OR area OR cover* OR proportion* OR percentage*) AND (develop* OR expan* OR increas*)) OR (deforestation OR afforestation OR ""wood plantation*"" OR ""forest* plantation*"" OR ""pulp* plantation*"") OR ((aquaculture* OR agricultur* OR crop* OR ""cultivated area*"" OR farmland OR pasture) AND (develop* OR expan* OR increas* OR intensification OR extensification OR abandon* OR chang*)) OR (livestock AND (farm* OR ranch* OR graz* OR densit*)) OR (energy AND (drill* OR min* OR quarry*)) OR (((transport* OR service) AND (network* OR corridor* OR infrastructure*)) OR road* OR rail* OR ""ship* lane*"" OR ""flight path*"") OR (""system* modification*"" OR (dams OR (water AND (management OR use)))))) AND ((((invasive OR invasion) AND (alien OR exotic OR non-native OR pest* OR disease) AND species) OR ""biological invasion*"" OR (introduc* AND (species OR material))))) AND (que*bec OR canada OR montr*al or Saint-Lawrence or Bas-Saint-Laurent or Saguenay or Lac-Saint-Jean  or Capitale-Nationale or Mauricie or Estrie or Outaouais or Abitibi-T*miscamingue or C*te-Nord or Nord-du-Qu*bec or Gasp*sie–*les-de-la-Madeleine or Chaudi*re-Appalaches or Laval or Lanaudi*re or Laurentides or Mont*r*gie or Centre-du-Qu*bec))"
Land/sea use change,Invasive alien species,"(((""land use chang*"" OR ""land cover chang*"" OR ""land* system* chang*"" OR ""land* chang*"" OR ""land* degradation"" OR ""land* conversion"" OR ""land management"") OR ((marine OR ocean OR sea*) AND use AND change*) OR (""habitat loss*"" OR ""habitat degradation*"" OR ""habitat chang*"" OR ""habitat conversion"" OR ""habitat modification*"" OR ""habitat fragmentation"" OR ""habitat management"") OR (biofuel* OR biogas*) OR ((residential OR urban* OR cities OR housing OR commercial OR industrial OR touris* OR recreation*) AND (extent OR area OR cover* OR proportion* OR percentage*) AND (develop* OR expan* OR increas*)) OR (deforestation OR afforestation OR ""wood plantation*"" OR ""forest* plantation*"" OR ""pulp* plantation*"") OR ((aquaculture* OR agricultur* OR crop* OR ""cultivated area*"" OR farmland OR pasture) AND (develop* OR expan* OR increas* OR intensification OR extensification OR abandon* OR chang*)) OR (livestock AND (farm* OR ranch* OR graz* OR densit*)) OR (energy AND (drill* OR min* OR quarry*)) OR (((transport* OR service) AND (network* OR corridor* OR infrastructure*)) OR road* OR rail* OR ""ship* lane*"" OR ""flight path*"") OR (""system* modification*"" OR (dams OR (water AND (management OR use)))))) AND ((((invasive OR invasion) AND (alien OR exotic OR non-native OR pest* OR disease) AND species) OR ""biological invasion*"" OR (introduc* AND (species OR material))))",Ecosystem function,NA,"(""ecosystem function"" OR ""net primary productivity"" OR ""secondary productivity"" OR ""nutrient retention"" OR ""disturbance regime"" OR ""carbon sequestration"")","TS=(((""ecosystem function"" OR ""net primary productivity"" OR ""secondary productivity"" OR ""nutrient retention"" OR ""disturbance regime"" OR ""carbon sequestration"")) AND ((((""land use chang*"" OR ""land cover chang*"" OR ""land* system* chang*"" OR ""land* chang*"" OR ""land* degradation"" OR ""land* conversion"" OR ""land management"") OR ((marine OR ocean OR sea*) AND use AND change*) OR (""habitat loss*"" OR ""habitat degradation*"" OR ""habitat chang*"" OR ""habitat conversion"" OR ""habitat modification*"" OR ""habitat fragmentation"" OR ""habitat management"") OR (biofuel* OR biogas*) OR ((residential OR urban* OR cities OR housing OR commercial OR industrial OR touris* OR recreation*) AND (extent OR area OR cover* OR proportion* OR percentage*) AND (develop* OR expan* OR increas*)) OR (deforestation OR afforestation OR ""wood plantation*"" OR ""forest* plantation*"" OR ""pulp* plantation*"") OR ((aquaculture* OR agricultur* OR crop* OR ""cultivated area*"" OR farmland OR pasture) AND (develop* OR expan* OR increas* OR intensification OR extensification OR abandon* OR chang*)) OR (livestock AND (farm* OR ranch* OR graz* OR densit*)) OR (energy AND (drill* OR min* OR quarry*)) OR (((transport* OR service) AND (network* OR corridor* OR infrastructure*)) OR road* OR rail* OR ""ship* lane*"" OR ""flight path*"") OR (""system* modification*"" OR (dams OR (water AND (management OR use)))))) AND ((((invasive OR invasion) AND (alien OR exotic OR non-native OR pest* OR disease) AND species) OR ""biological invasion*"" OR (introduc* AND (species OR material))))) AND (que*bec OR canada OR montr*al or Saint-Lawrence or Bas-Saint-Laurent or Saguenay or Lac-Saint-Jean  or Capitale-Nationale or Mauricie or Estrie or Outaouais or Abitibi-T*miscamingue or C*te-Nord or Nord-du-Qu*bec or Gasp*sie–*les-de-la-Madeleine or Chaudi*re-Appalaches or Laval or Lanaudi*re or Laurentides or Mont*r*gie or Centre-du-Qu*bec))"
Land/sea use change,Invasive alien species,"(((""land use chang*"" OR ""land cover chang*"" OR ""land* system* chang*"" OR ""land* chang*"" OR ""land* degradation"" OR ""land* conversion"" OR ""land management"") OR ((marine OR ocean OR sea*) AND use AND change*) OR (""habitat loss*"" OR ""habitat degradation*"" OR ""habitat chang*"" OR ""habitat conversion"" OR ""habitat modification*"" OR ""habitat fragmentation"" OR ""habitat management"") OR (biofuel* OR biogas*) OR ((residential OR urban* OR cities OR housing OR commercial OR industrial OR touris* OR recreation*) AND (extent OR area OR cover* OR proportion* OR percentage*) AND (develop* OR expan* OR increas*)) OR (deforestation OR afforestation OR ""wood plantation*"" OR ""forest* plantation*"" OR ""pulp* plantation*"") OR ((aquaculture* OR agricultur* OR crop* OR ""cultivated area*"" OR farmland OR pasture) AND (develop* OR expan* OR increas* OR intensification OR extensification OR abandon* OR chang*)) OR (livestock AND (farm* OR ranch* OR graz* OR densit*)) OR (energy AND (drill* OR min* OR quarry*)) OR (((transport* OR service) AND (network* OR corridor* OR infrastructure*)) OR road* OR rail* OR ""ship* lane*"" OR ""flight path*"") OR (""system* modification*"" OR (dams OR (water AND (management OR use)))))) AND ((((invasive OR invasion) AND (alien OR exotic OR non-native OR pest* OR disease) AND species) OR ""biological invasion*"" OR (introduc* AND (species OR material))))",Ecosystem structure,NA,"(""ecosystem* structure"" OR ""habitat structure"" OR ((ecosystem OR habitat*) AND ((extent OR area OR coverage OR proportion) AND fragmentation)) OR ((ecosystem OR landscape) AND composition AND ""functional type""))","TS=(((""ecosystem* structure"" OR ""habitat structure"" OR ((ecosystem OR habitat*) AND ((extent OR area OR coverage OR proportion) AND fragmentation)) OR ((ecosystem OR landscape) AND composition AND ""functional type""))) AND ((((""land use chang*"" OR ""land cover chang*"" OR ""land* system* chang*"" OR ""land* chang*"" OR ""land* degradation"" OR ""land* conversion"" OR ""land management"") OR ((marine OR ocean OR sea*) AND use AND change*) OR (""habitat loss*"" OR ""habitat degradation*"" OR ""habitat chang*"" OR ""habitat conversion"" OR ""habitat modification*"" OR ""habitat fragmentation"" OR ""habitat management"") OR (biofuel* OR biogas*) OR ((residential OR urban* OR cities OR housing OR commercial OR industrial OR touris* OR recreation*) AND (extent OR area OR cover* OR proportion* OR percentage*) AND (develop* OR expan* OR increas*)) OR (deforestation OR afforestation OR ""wood plantation*"" OR ""forest* plantation*"" OR ""pulp* plantation*"") OR ((aquaculture* OR agricultur* OR crop* OR ""cultivated area*"" OR farmland OR pasture) AND (develop* OR expan* OR increas* OR intensification OR extensification OR abandon* OR chang*)) OR (livestock AND (farm* OR ranch* OR graz* OR densit*)) OR (energy AND (drill* OR min* OR quarry*)) OR (((transport* OR service) AND (network* OR corridor* OR infrastructure*)) OR road* OR rail* OR ""ship* lane*"" OR ""flight path*"") OR (""system* modification*"" OR (dams OR (water AND (management OR use)))))) AND ((((invasive OR invasion) AND (alien OR exotic OR non-native OR pest* OR disease) AND species) OR ""biological invasion*"" OR (introduc* AND (species OR material))))) AND (que*bec OR canada OR montr*al or Saint-Lawrence or Bas-Saint-Laurent or Saguenay or Lac-Saint-Jean  or Capitale-Nationale or Mauricie or Estrie or Outaouais or Abitibi-T*miscamingue or C*te-Nord or Nord-du-Qu*bec or Gasp*sie–*les-de-la-Madeleine or Chaudi*re-Appalaches or Laval or Lanaudi*re or Laurentides or Mont*r*gie or Centre-du-Qu*bec))"
Land/sea use change,Invasive alien species,"(((""land use chang*"" OR ""land cover chang*"" OR ""land* system* chang*"" OR ""land* chang*"" OR ""land* degradation"" OR ""land* conversion"" OR ""land management"") OR ((marine OR ocean OR sea*) AND use AND change*) OR (""habitat loss*"" OR ""habitat degradation*"" OR ""habitat chang*"" OR ""habitat conversion"" OR ""habitat modification*"" OR ""habitat fragmentation"" OR ""habitat management"") OR (biofuel* OR biogas*) OR ((residential OR urban* OR cities OR housing OR commercial OR industrial OR touris* OR recreation*) AND (extent OR area OR cover* OR proportion* OR percentage*) AND (develop* OR expan* OR increas*)) OR (deforestation OR afforestation OR ""wood plantation*"" OR ""forest* plantation*"" OR ""pulp* plantation*"") OR ((aquaculture* OR agricultur* OR crop* OR ""cultivated area*"" OR farmland OR pasture) AND (develop* OR expan* OR increas* OR intensification OR extensification OR abandon* OR chang*)) OR (livestock AND (farm* OR ranch* OR graz* OR densit*)) OR (energy AND (drill* OR min* OR quarry*)) OR (((transport* OR service) AND (network* OR corridor* OR infrastructure*)) OR road* OR rail* OR ""ship* lane*"" OR ""flight path*"") OR (""system* modification*"" OR (dams OR (water AND (management OR use)))))) AND ((((invasive OR invasion) AND (alien OR exotic OR non-native OR pest* OR disease) AND species) OR ""biological invasion*"" OR (introduc* AND (species OR material))))",Genetic composition,NA,"(""genetic* composition"" OR (co-ancestr* OR coancestr) OR ""allel diversit"" OR ""phylogenetic diversit"" OR (""population diversit"" OR (population AND ""genetic differen"")) OR ((breed OR variet) AND diversit) OR ""intra-specific diversit"" OR ""genetic diversit"" OR ""genetic variation"")","TS=(((""genetic* composition"" OR (co-ancestr* OR coancestr) OR ""allel diversit"" OR ""phylogenetic diversit"" OR (""population diversit"" OR (population AND ""genetic differen"")) OR ((breed OR variet) AND diversit) OR ""intra-specific diversit"" OR ""genetic diversit"" OR ""genetic variation"")) AND ((((""land use chang*"" OR ""land cover chang*"" OR ""land* system* chang*"" OR ""land* chang*"" OR ""land* degradation"" OR ""land* conversion"" OR ""land management"") OR ((marine OR ocean OR sea*) AND use AND change*) OR (""habitat loss*"" OR ""habitat degradation*"" OR ""habitat chang*"" OR ""habitat conversion"" OR ""habitat modification*"" OR ""habitat fragmentation"" OR ""habitat management"") OR (biofuel* OR biogas*) OR ((residential OR urban* OR cities OR housing OR commercial OR industrial OR touris* OR recreation*) AND (extent OR area OR cover* OR proportion* OR percentage*) AND (develop* OR expan* OR increas*)) OR (deforestation OR afforestation OR ""wood plantation*"" OR ""forest* plantation*"" OR ""pulp* plantation*"") OR ((aquaculture* OR agricultur* OR crop* OR ""cultivated area*"" OR farmland OR pasture) AND (develop* OR expan* OR increas* OR intensification OR extensification OR abandon* OR chang*)) OR (livestock AND (farm* OR ranch* OR graz* OR densit*)) OR (energy AND (drill* OR min* OR quarry*)) OR (((transport* OR service) AND (network* OR corridor* OR infrastructure*)) OR road* OR rail* OR ""ship* lane*"" OR ""flight path*"") OR (""system* modification*"" OR (dams OR (water AND (management OR use)))))) AND ((((invasive OR invasion) AND (alien OR exotic OR non-native OR pest* OR disease) AND species) OR ""biological invasion*"" OR (introduc* AND (species OR material))))) AND (que*bec OR canada OR montr*al or Saint-Lawrence or Bas-Saint-Laurent or Saguenay or Lac-Saint-Jean  or Capitale-Nationale or Mauricie or Estrie or Outaouais or Abitibi-T*miscamingue or C*te-Nord or Nord-du-Qu*bec or Gasp*sie–*les-de-la-Madeleine or Chaudi*re-Appalaches or Laval or Lanaudi*re or Laurentides or Mont*r*gie or Centre-du-Qu*bec))"
Land/sea use change,Invasive alien species,"(((""land use chang*"" OR ""land cover chang*"" OR ""land* system* chang*"" OR ""land* chang*"" OR ""land* degradation"" OR ""land* conversion"" OR ""land management"") OR ((marine OR ocean OR sea*) AND use AND change*) OR (""habitat loss*"" OR ""habitat degradation*"" OR ""habitat chang*"" OR ""habitat conversion"" OR ""habitat modification*"" OR ""habitat fragmentation"" OR ""habitat management"") OR (biofuel* OR biogas*) OR ((residential OR urban* OR cities OR housing OR commercial OR industrial OR touris* OR recreation*) AND (extent OR area OR cover* OR proportion* OR percentage*) AND (develop* OR expan* OR increas*)) OR (deforestation OR afforestation OR ""wood plantation*"" OR ""forest* plantation*"" OR ""pulp* plantation*"") OR ((aquaculture* OR agricultur* OR crop* OR ""cultivated area*"" OR farmland OR pasture) AND (develop* OR expan* OR increas* OR intensification OR extensification OR abandon* OR chang*)) OR (livestock AND (farm* OR ranch* OR graz* OR densit*)) OR (energy AND (drill* OR min* OR quarry*)) OR (((transport* OR service) AND (network* OR corridor* OR infrastructure*)) OR road* OR rail* OR ""ship* lane*"" OR ""flight path*"") OR (""system* modification*"" OR (dams OR (water AND (management OR use)))))) AND ((((invasive OR invasion) AND (alien OR exotic OR non-native OR pest* OR disease) AND species) OR ""biological invasion*"" OR (introduc* AND (species OR material))))",Species populations,NA,(species OR population) AND ((distribution OR range) OR (abundance OR size* OR densit* OR demograph* OR dynamic* OR reproduct* OR surviv* OR growth OR persistence OR viab*) OR (structure AND (age OR size))),"TS=(((species OR population) AND ((distribution OR range) OR (abundance OR size* OR densit* OR demograph* OR dynamic* OR reproduct* OR surviv* OR growth OR persistence OR viab*) OR (structure AND (age OR size)))) AND ((((""land use chang*"" OR ""land cover chang*"" OR ""land* system* chang*"" OR ""land* chang*"" OR ""land* degradation"" OR ""land* conversion"" OR ""land management"") OR ((marine OR ocean OR sea*) AND use AND change*) OR (""habitat loss*"" OR ""habitat degradation*"" OR ""habitat chang*"" OR ""habitat conversion"" OR ""habitat modification*"" OR ""habitat fragmentation"" OR ""habitat management"") OR (biofuel* OR biogas*) OR ((residential OR urban* OR cities OR housing OR commercial OR industrial OR touris* OR recreation*) AND (extent OR area OR cover* OR proportion* OR percentage*) AND (develop* OR expan* OR increas*)) OR (deforestation OR afforestation OR ""wood plantation*"" OR ""forest* plantation*"" OR ""pulp* plantation*"") OR ((aquaculture* OR agricultur* OR crop* OR ""cultivated area*"" OR farmland OR pasture) AND (develop* OR expan* OR increas* OR intensification OR extensification OR abandon* OR chang*)) OR (livestock AND (farm* OR ranch* OR graz* OR densit*)) OR (energy AND (drill* OR min* OR quarry*)) OR (((transport* OR service) AND (network* OR corridor* OR infrastructure*)) OR road* OR rail* OR ""ship* lane*"" OR ""flight path*"") OR (""system* modification*"" OR (dams OR (water AND (management OR use)))))) AND ((((invasive OR invasion) AND (alien OR exotic OR non-native OR pest* OR disease) AND species) OR ""biological invasion*"" OR (introduc* AND (species OR material))))) AND (que*bec OR canada OR montr*al or Saint-Lawrence or Bas-Saint-Laurent or Saguenay or Lac-Saint-Jean  or Capitale-Nationale or Mauricie or Estrie or Outaouais or Abitibi-T*miscamingue or C*te-Nord or Nord-du-Qu*bec or Gasp*sie–*les-de-la-Madeleine or Chaudi*re-Appalaches or Laval or Lanaudi*re or Laurentides or Mont*r*gie or Centre-du-Qu*bec))"
Land/sea use change,Invasive alien species,"(((""land use chang*"" OR ""land cover chang*"" OR ""land* system* chang*"" OR ""land* chang*"" OR ""land* degradation"" OR ""land* conversion"" OR ""land management"") OR ((marine OR ocean OR sea*) AND use AND change*) OR (""habitat loss*"" OR ""habitat degradation*"" OR ""habitat chang*"" OR ""habitat conversion"" OR ""habitat modification*"" OR ""habitat fragmentation"" OR ""habitat management"") OR (biofuel* OR biogas*) OR ((residential OR urban* OR cities OR housing OR commercial OR industrial OR touris* OR recreation*) AND (extent OR area OR cover* OR proportion* OR percentage*) AND (develop* OR expan* OR increas*)) OR (deforestation OR afforestation OR ""wood plantation*"" OR ""forest* plantation*"" OR ""pulp* plantation*"") OR ((aquaculture* OR agricultur* OR crop* OR ""cultivated area*"" OR farmland OR pasture) AND (develop* OR expan* OR increas* OR intensification OR extensification OR abandon* OR chang*)) OR (livestock AND (farm* OR ranch* OR graz* OR densit*)) OR (energy AND (drill* OR min* OR quarry*)) OR (((transport* OR service) AND (network* OR corridor* OR infrastructure*)) OR road* OR rail* OR ""ship* lane*"" OR ""flight path*"") OR (""system* modification*"" OR (dams OR (water AND (management OR use)))))) AND ((((invasive OR invasion) AND (alien OR exotic OR non-native OR pest* OR disease) AND species) OR ""biological invasion*"" OR (introduc* AND (species OR material))))",Species traits,NA,"((""ecological trait"" OR ""biological trait"" OR ""species trait"") OR (""body mass"" OR ""body size"") OR ""natal dispers"" OR ((migrat* OR dispers* OR demograph* OR physiolog* OR life-history* OR phenolog) AND (trait OR behav* OR attribute OR feature)))","TS=((((""ecological trait"" OR ""biological trait"" OR ""species trait"") OR (""body mass"" OR ""body size"") OR ""natal dispers"" OR ((migrat* OR dispers* OR demograph* OR physiolog* OR life-history* OR phenolog) AND (trait OR behav* OR attribute OR feature)))) AND ((((""land use chang*"" OR ""land cover chang*"" OR ""land* system* chang*"" OR ""land* chang*"" OR ""land* degradation"" OR ""land* conversion"" OR ""land management"") OR ((marine OR ocean OR sea*) AND use AND change*) OR (""habitat loss*"" OR ""habitat degradation*"" OR ""habitat chang*"" OR ""habitat conversion"" OR ""habitat modification*"" OR ""habitat fragmentation"" OR ""habitat management"") OR (biofuel* OR biogas*) OR ((residential OR urban* OR cities OR housing OR commercial OR industrial OR touris* OR recreation*) AND (extent OR area OR cover* OR proportion* OR percentage*) AND (develop* OR expan* OR increas*)) OR (deforestation OR afforestation OR ""wood plantation*"" OR ""forest* plantation*"" OR ""pulp* plantation*"") OR ((aquaculture* OR agricultur* OR crop* OR ""cultivated area*"" OR farmland OR pasture) AND (develop* OR expan* OR increas* OR intensification OR extensification OR abandon* OR chang*)) OR (livestock AND (farm* OR ranch* OR graz* OR densit*)) OR (energy AND (drill* OR min* OR quarry*)) OR (((transport* OR service) AND (network* OR corridor* OR infrastructure*)) OR road* OR rail* OR ""ship* lane*"" OR ""flight path*"") OR (""system* modification*"" OR (dams OR (water AND (management OR use)))))) AND ((((invasive OR invasion) AND (alien OR exotic OR non-native OR pest* OR disease) AND species) OR ""biological invasion*"" OR (introduc* AND (species OR material))))) AND (que*bec OR canada OR montr*al or Saint-Lawrence or Bas-Saint-Laurent or Saguenay or Lac-Saint-Jean  or Capitale-Nationale or Mauricie or Estrie or Outaouais or Abitibi-T*miscamingue or C*te-Nord or Nord-du-Qu*bec or Gasp*sie–*les-de-la-Madeleine or Chaudi*re-Appalaches or Laval or Lanaudi*re or Laurentides or Mont*r*gie or Centre-du-Qu*bec))"
Land/sea use change,Invasive alien species,"(((""land use chang*"" OR ""land cover chang*"" OR ""land* system* chang*"" OR ""land* chang*"" OR ""land* degradation"" OR ""land* conversion"" OR ""land management"") OR ((marine OR ocean OR sea*) AND use AND change*) OR (""habitat loss*"" OR ""habitat degradation*"" OR ""habitat chang*"" OR ""habitat conversion"" OR ""habitat modification*"" OR ""habitat fragmentation"" OR ""habitat management"") OR (biofuel* OR biogas*) OR ((residential OR urban* OR cities OR housing OR commercial OR industrial OR touris* OR recreation*) AND (extent OR area OR cover* OR proportion* OR percentage*) AND (develop* OR expan* OR increas*)) OR (deforestation OR afforestation OR ""wood plantation*"" OR ""forest* plantation*"" OR ""pulp* plantation*"") OR ((aquaculture* OR agricultur* OR crop* OR ""cultivated area*"" OR farmland OR pasture) AND (develop* OR expan* OR increas* OR intensification OR extensification OR abandon* OR chang*)) OR (livestock AND (farm* OR ranch* OR graz* OR densit*)) OR (energy AND (drill* OR min* OR quarry*)) OR (((transport* OR service) AND (network* OR corridor* OR infrastructure*)) OR road* OR rail* OR ""ship* lane*"" OR ""flight path*"") OR (""system* modification*"" OR (dams OR (water AND (management OR use)))))) AND ((((invasive OR invasion) AND (alien OR exotic OR non-native OR pest* OR disease) AND species) OR ""biological invasion*"" OR (introduc* AND (species OR material))))",Community composition,Global bird species richness,"(global OR world*) AND bird* AND ""species richness""","TS=(((global OR world*) AND bird* AND ""species richness"") AND ((((""land use chang*"" OR ""land cover chang*"" OR ""land* system* chang*"" OR ""land* chang*"" OR ""land* degradation"" OR ""land* conversion"" OR ""land management"") OR ((marine OR ocean OR sea*) AND use AND change*) OR (""habitat loss*"" OR ""habitat degradation*"" OR ""habitat chang*"" OR ""habitat conversion"" OR ""habitat modification*"" OR ""habitat fragmentation"" OR ""habitat management"") OR (biofuel* OR biogas*) OR ((residential OR urban* OR cities OR housing OR commercial OR industrial OR touris* OR recreation*) AND (extent OR area OR cover* OR proportion* OR percentage*) AND (develop* OR expan* OR increas*)) OR (deforestation OR afforestation OR ""wood plantation*"" OR ""forest* plantation*"" OR ""pulp* plantation*"") OR ((aquaculture* OR agricultur* OR crop* OR ""cultivated area*"" OR farmland OR pasture) AND (develop* OR expan* OR increas* OR intensification OR extensification OR abandon* OR chang*)) OR (livestock AND (farm* OR ranch* OR graz* OR densit*)) OR (energy AND (drill* OR min* OR quarry*)) OR (((transport* OR service) AND (network* OR corridor* OR infrastructure*)) OR road* OR rail* OR ""ship* lane*"" OR ""flight path*"") OR (""system* modification*"" OR (dams OR (water AND (management OR use)))))) AND ((((invasive OR invasion) AND (alien OR exotic OR non-native OR pest* OR disease) AND species) OR ""biological invasion*"" OR (introduc* AND (species OR material))))) AND (que*bec OR canada OR montr*al or Saint-Lawrence or Bas-Saint-Laurent or Saguenay or Lac-Saint-Jean  or Capitale-Nationale or Mauricie or Estrie or Outaouais or Abitibi-T*miscamingue or C*te-Nord or Nord-du-Qu*bec or Gasp*sie–*les-de-la-Madeleine or Chaudi*re-Appalaches or Laval or Lanaudi*re or Laurentides or Mont*r*gie or Centre-du-Qu*bec))"
Land/sea use change,Invasive alien species,"(((""land use chang*"" OR ""land cover chang*"" OR ""land* system* chang*"" OR ""land* chang*"" OR ""land* degradation"" OR ""land* conversion"" OR ""land management"") OR ((marine OR ocean OR sea*) AND use AND change*) OR (""habitat loss*"" OR ""habitat degradation*"" OR ""habitat chang*"" OR ""habitat conversion"" OR ""habitat modification*"" OR ""habitat fragmentation"" OR ""habitat management"") OR (biofuel* OR biogas*) OR ((residential OR urban* OR cities OR housing OR commercial OR industrial OR touris* OR recreation*) AND (extent OR area OR cover* OR proportion* OR percentage*) AND (develop* OR expan* OR increas*)) OR (deforestation OR afforestation OR ""wood plantation*"" OR ""forest* plantation*"" OR ""pulp* plantation*"") OR ((aquaculture* OR agricultur* OR crop* OR ""cultivated area*"" OR farmland OR pasture) AND (develop* OR expan* OR increas* OR intensification OR extensification OR abandon* OR chang*)) OR (livestock AND (farm* OR ranch* OR graz* OR densit*)) OR (energy AND (drill* OR min* OR quarry*)) OR (((transport* OR service) AND (network* OR corridor* OR infrastructure*)) OR road* OR rail* OR ""ship* lane*"" OR ""flight path*"") OR (""system* modification*"" OR (dams OR (water AND (management OR use)))))) AND ((((invasive OR invasion) AND (alien OR exotic OR non-native OR pest* OR disease) AND species) OR ""biological invasion*"" OR (introduc* AND (species OR material))))",Community composition,Local species richness,"((species OR assemblage*) AND (richness OR diversit*) AND (local OR location* OR sample*)) AND (global OR world*) AND (""time series"" OR ""time-series"" OR temporal)","TS=((((species OR assemblage*) AND (richness OR diversit*) AND (local OR location* OR sample*)) AND (global OR world*) AND (""time series"" OR ""time-series"" OR temporal)) AND ((((""land use chang*"" OR ""land cover chang*"" OR ""land* system* chang*"" OR ""land* chang*"" OR ""land* degradation"" OR ""land* conversion"" OR ""land management"") OR ((marine OR ocean OR sea*) AND use AND change*) OR (""habitat loss*"" OR ""habitat degradation*"" OR ""habitat chang*"" OR ""habitat conversion"" OR ""habitat modification*"" OR ""habitat fragmentation"" OR ""habitat management"") OR (biofuel* OR biogas*) OR ((residential OR urban* OR cities OR housing OR commercial OR industrial OR touris* OR recreation*) AND (extent OR area OR cover* OR proportion* OR percentage*) AND (develop* OR expan* OR increas*)) OR (deforestation OR afforestation OR ""wood plantation*"" OR ""forest* plantation*"" OR ""pulp* plantation*"") OR ((aquaculture* OR agricultur* OR crop* OR ""cultivated area*"" OR farmland OR pasture) AND (develop* OR expan* OR increas* OR intensification OR extensification OR abandon* OR chang*)) OR (livestock AND (farm* OR ranch* OR graz* OR densit*)) OR (energy AND (drill* OR min* OR quarry*)) OR (((transport* OR service) AND (network* OR corridor* OR infrastructure*)) OR road* OR rail* OR ""ship* lane*"" OR ""flight path*"") OR (""system* modification*"" OR (dams OR (water AND (management OR use)))))) AND ((((invasive OR invasion) AND (alien OR exotic OR non-native OR pest* OR disease) AND species) OR ""biological invasion*"" OR (introduc* AND (species OR material))))) AND (que*bec OR canada OR montr*al or Saint-Lawrence or Bas-Saint-Laurent or Saguenay or Lac-Saint-Jean  or Capitale-Nationale or Mauricie or Estrie or Outaouais or Abitibi-T*miscamingue or C*te-Nord or Nord-du-Qu*bec or Gasp*sie–*les-de-la-Madeleine or Chaudi*re-Appalaches or Laval or Lanaudi*re or Laurentides or Mont*r*gie or Centre-du-Qu*bec))"
Land/sea use change,Invasive alien species,"(((""land use chang*"" OR ""land cover chang*"" OR ""land* system* chang*"" OR ""land* chang*"" OR ""land* degradation"" OR ""land* conversion"" OR ""land management"") OR ((marine OR ocean OR sea*) AND use AND change*) OR (""habitat loss*"" OR ""habitat degradation*"" OR ""habitat chang*"" OR ""habitat conversion"" OR ""habitat modification*"" OR ""habitat fragmentation"" OR ""habitat management"") OR (biofuel* OR biogas*) OR ((residential OR urban* OR cities OR housing OR commercial OR industrial OR touris* OR recreation*) AND (extent OR area OR cover* OR proportion* OR percentage*) AND (develop* OR expan* OR increas*)) OR (deforestation OR afforestation OR ""wood plantation*"" OR ""forest* plantation*"" OR ""pulp* plantation*"") OR ((aquaculture* OR agricultur* OR crop* OR ""cultivated area*"" OR farmland OR pasture) AND (develop* OR expan* OR increas* OR intensification OR extensification OR abandon* OR chang*)) OR (livestock AND (farm* OR ranch* OR graz* OR densit*)) OR (energy AND (drill* OR min* OR quarry*)) OR (((transport* OR service) AND (network* OR corridor* OR infrastructure*)) OR road* OR rail* OR ""ship* lane*"" OR ""flight path*"") OR (""system* modification*"" OR (dams OR (water AND (management OR use)))))) AND ((((invasive OR invasion) AND (alien OR exotic OR non-native OR pest* OR disease) AND species) OR ""biological invasion*"" OR (introduc* AND (species OR material))))",Community composition,Local species turnover,"((species OR assemblage*) AND (turnover OR (composition* AND (change OR similarit*))) AND (local OR location* OR sample*)) AND (global OR world*) AND (""time series"" OR ""time-series"" OR temporal)","TS=((((species OR assemblage*) AND (turnover OR (composition* AND (change OR similarit*))) AND (local OR location* OR sample*)) AND (global OR world*) AND (""time series"" OR ""time-series"" OR temporal)) AND ((((""land use chang*"" OR ""land cover chang*"" OR ""land* system* chang*"" OR ""land* chang*"" OR ""land* degradation"" OR ""land* conversion"" OR ""land management"") OR ((marine OR ocean OR sea*) AND use AND change*) OR (""habitat loss*"" OR ""habitat degradation*"" OR ""habitat chang*"" OR ""habitat conversion"" OR ""habitat modification*"" OR ""habitat fragmentation"" OR ""habitat management"") OR (biofuel* OR biogas*) OR ((residential OR urban* OR cities OR housing OR commercial OR industrial OR touris* OR recreation*) AND (extent OR area OR cover* OR proportion* OR percentage*) AND (develop* OR expan* OR increas*)) OR (deforestation OR afforestation OR ""wood plantation*"" OR ""forest* plantation*"" OR ""pulp* plantation*"") OR ((aquaculture* OR agricultur* OR crop* OR ""cultivated area*"" OR farmland OR pasture) AND (develop* OR expan* OR increas* OR intensification OR extensification OR abandon* OR chang*)) OR (livestock AND (farm* OR ranch* OR graz* OR densit*)) OR (energy AND (drill* OR min* OR quarry*)) OR (((transport* OR service) AND (network* OR corridor* OR infrastructure*)) OR road* OR rail* OR ""ship* lane*"" OR ""flight path*"") OR (""system* modification*"" OR (dams OR (water AND (management OR use)))))) AND ((((invasive OR invasion) AND (alien OR exotic OR non-native OR pest* OR disease) AND species) OR ""biological invasion*"" OR (introduc* AND (species OR material))))) AND (que*bec OR canada OR montr*al or Saint-Lawrence or Bas-Saint-Laurent or Saguenay or Lac-Saint-Jean  or Capitale-Nationale or Mauricie or Estrie or Outaouais or Abitibi-T*miscamingue or C*te-Nord or Nord-du-Qu*bec or Gasp*sie–*les-de-la-Madeleine or Chaudi*re-Appalaches or Laval or Lanaudi*re or Laurentides or Mont*r*gie or Centre-du-Qu*bec))"
Land/sea use change,Invasive alien species,"(((""land use chang*"" OR ""land cover chang*"" OR ""land* system* chang*"" OR ""land* chang*"" OR ""land* degradation"" OR ""land* conversion"" OR ""land management"") OR ((marine OR ocean OR sea*) AND use AND change*) OR (""habitat loss*"" OR ""habitat degradation*"" OR ""habitat chang*"" OR ""habitat conversion"" OR ""habitat modification*"" OR ""habitat fragmentation"" OR ""habitat management"") OR (biofuel* OR biogas*) OR ((residential OR urban* OR cities OR housing OR commercial OR industrial OR touris* OR recreation*) AND (extent OR area OR cover* OR proportion* OR percentage*) AND (develop* OR expan* OR increas*)) OR (deforestation OR afforestation OR ""wood plantation*"" OR ""forest* plantation*"" OR ""pulp* plantation*"") OR ((aquaculture* OR agricultur* OR crop* OR ""cultivated area*"" OR farmland OR pasture) AND (develop* OR expan* OR increas* OR intensification OR extensification OR abandon* OR chang*)) OR (livestock AND (farm* OR ranch* OR graz* OR densit*)) OR (energy AND (drill* OR min* OR quarry*)) OR (((transport* OR service) AND (network* OR corridor* OR infrastructure*)) OR road* OR rail* OR ""ship* lane*"" OR ""flight path*"") OR (""system* modification*"" OR (dams OR (water AND (management OR use)))))) AND ((((invasive OR invasion) AND (alien OR exotic OR non-native OR pest* OR disease) AND species) OR ""biological invasion*"" OR (introduc* AND (species OR material))))",Community composition,Mean species abundance,"""mean species abundance"" OR GLOBIO","TS=((""mean species abundance"" OR GLOBIO) AND ((((""land use chang*"" OR ""land cover chang*"" OR ""land* system* chang*"" OR ""land* chang*"" OR ""land* degradation"" OR ""land* conversion"" OR ""land management"") OR ((marine OR ocean OR sea*) AND use AND change*) OR (""habitat loss*"" OR ""habitat degradation*"" OR ""habitat chang*"" OR ""habitat conversion"" OR ""habitat modification*"" OR ""habitat fragmentation"" OR ""habitat management"") OR (biofuel* OR biogas*) OR ((residential OR urban* OR cities OR housing OR commercial OR industrial OR touris* OR recreation*) AND (extent OR area OR cover* OR proportion* OR percentage*) AND (develop* OR expan* OR increas*)) OR (deforestation OR afforestation OR ""wood plantation*"" OR ""forest* plantation*"" OR ""pulp* plantation*"") OR ((aquaculture* OR agricultur* OR crop* OR ""cultivated area*"" OR farmland OR pasture) AND (develop* OR expan* OR increas* OR intensification OR extensification OR abandon* OR chang*)) OR (livestock AND (farm* OR ranch* OR graz* OR densit*)) OR (energy AND (drill* OR min* OR quarry*)) OR (((transport* OR service) AND (network* OR corridor* OR infrastructure*)) OR road* OR rail* OR ""ship* lane*"" OR ""flight path*"") OR (""system* modification*"" OR (dams OR (water AND (management OR use)))))) AND ((((invasive OR invasion) AND (alien OR exotic OR non-native OR pest* OR disease) AND species) OR ""biological invasion*"" OR (introduc* AND (species OR material))))) AND (que*bec OR canada OR montr*al or Saint-Lawrence or Bas-Saint-Laurent or Saguenay or Lac-Saint-Jean  or Capitale-Nationale or Mauricie or Estrie or Outaouais or Abitibi-T*miscamingue or C*te-Nord or Nord-du-Qu*bec or Gasp*sie–*les-de-la-Madeleine or Chaudi*re-Appalaches or Laval or Lanaudi*re or Laurentides or Mont*r*gie or Centre-du-Qu*bec))"
Land/sea use change,Invasive alien species,"(((""land use chang*"" OR ""land cover chang*"" OR ""land* system* chang*"" OR ""land* chang*"" OR ""land* degradation"" OR ""land* conversion"" OR ""land management"") OR ((marine OR ocean OR sea*) AND use AND change*) OR (""habitat loss*"" OR ""habitat degradation*"" OR ""habitat chang*"" OR ""habitat conversion"" OR ""habitat modification*"" OR ""habitat fragmentation"" OR ""habitat management"") OR (biofuel* OR biogas*) OR ((residential OR urban* OR cities OR housing OR commercial OR industrial OR touris* OR recreation*) AND (extent OR area OR cover* OR proportion* OR percentage*) AND (develop* OR expan* OR increas*)) OR (deforestation OR afforestation OR ""wood plantation*"" OR ""forest* plantation*"" OR ""pulp* plantation*"") OR ((aquaculture* OR agricultur* OR crop* OR ""cultivated area*"" OR farmland OR pasture) AND (develop* OR expan* OR increas* OR intensification OR extensification OR abandon* OR chang*)) OR (livestock AND (farm* OR ranch* OR graz* OR densit*)) OR (energy AND (drill* OR min* OR quarry*)) OR (((transport* OR service) AND (network* OR corridor* OR infrastructure*)) OR road* OR rail* OR ""ship* lane*"" OR ""flight path*"") OR (""system* modification*"" OR (dams OR (water AND (management OR use)))))) AND ((((invasive OR invasion) AND (alien OR exotic OR non-native OR pest* OR disease) AND species) OR ""biological invasion*"" OR (introduc* AND (species OR material))))",Ecosystem function,Net primary productivity,"""net primary product*""","TS=((""net primary product*"") AND ((((""land use chang*"" OR ""land cover chang*"" OR ""land* system* chang*"" OR ""land* chang*"" OR ""land* degradation"" OR ""land* conversion"" OR ""land management"") OR ((marine OR ocean OR sea*) AND use AND change*) OR (""habitat loss*"" OR ""habitat degradation*"" OR ""habitat chang*"" OR ""habitat conversion"" OR ""habitat modification*"" OR ""habitat fragmentation"" OR ""habitat management"") OR (biofuel* OR biogas*) OR ((residential OR urban* OR cities OR housing OR commercial OR industrial OR touris* OR recreation*) AND (extent OR area OR cover* OR proportion* OR percentage*) AND (develop* OR expan* OR increas*)) OR (deforestation OR afforestation OR ""wood plantation*"" OR ""forest* plantation*"" OR ""pulp* plantation*"") OR ((aquaculture* OR agricultur* OR crop* OR ""cultivated area*"" OR farmland OR pasture) AND (develop* OR expan* OR increas* OR intensification OR extensification OR abandon* OR chang*)) OR (livestock AND (farm* OR ranch* OR graz* OR densit*)) OR (energy AND (drill* OR min* OR quarry*)) OR (((transport* OR service) AND (network* OR corridor* OR infrastructure*)) OR road* OR rail* OR ""ship* lane*"" OR ""flight path*"") OR (""system* modification*"" OR (dams OR (water AND (management OR use)))))) AND ((((invasive OR invasion) AND (alien OR exotic OR non-native OR pest* OR disease) AND species) OR ""biological invasion*"" OR (introduc* AND (species OR material))))) AND (que*bec OR canada OR montr*al or Saint-Lawrence or Bas-Saint-Laurent or Saguenay or Lac-Saint-Jean  or Capitale-Nationale or Mauricie or Estrie or Outaouais or Abitibi-T*miscamingue or C*te-Nord or Nord-du-Qu*bec or Gasp*sie–*les-de-la-Madeleine or Chaudi*re-Appalaches or Laval or Lanaudi*re or Laurentides or Mont*r*gie or Centre-du-Qu*bec))"
Land/sea use change,Invasive alien species,"(((""land use chang*"" OR ""land cover chang*"" OR ""land* system* chang*"" OR ""land* chang*"" OR ""land* degradation"" OR ""land* conversion"" OR ""land management"") OR ((marine OR ocean OR sea*) AND use AND change*) OR (""habitat loss*"" OR ""habitat degradation*"" OR ""habitat chang*"" OR ""habitat conversion"" OR ""habitat modification*"" OR ""habitat fragmentation"" OR ""habitat management"") OR (biofuel* OR biogas*) OR ((residential OR urban* OR cities OR housing OR commercial OR industrial OR touris* OR recreation*) AND (extent OR area OR cover* OR proportion* OR percentage*) AND (develop* OR expan* OR increas*)) OR (deforestation OR afforestation OR ""wood plantation*"" OR ""forest* plantation*"" OR ""pulp* plantation*"") OR ((aquaculture* OR agricultur* OR crop* OR ""cultivated area*"" OR farmland OR pasture) AND (develop* OR expan* OR increas* OR intensification OR extensification OR abandon* OR chang*)) OR (livestock AND (farm* OR ranch* OR graz* OR densit*)) OR (energy AND (drill* OR min* OR quarry*)) OR (((transport* OR service) AND (network* OR corridor* OR infrastructure*)) OR road* OR rail* OR ""ship* lane*"" OR ""flight path*"") OR (""system* modification*"" OR (dams OR (water AND (management OR use)))))) AND ((((invasive OR invasion) AND (alien OR exotic OR non-native OR pest* OR disease) AND species) OR ""biological invasion*"" OR (introduc* AND (species OR material))))",Ecosystem structure,Area of mangrove forest cover,(extent OR area OR cover* OR proportion OR percentage OR land OR landscape) AND mangrove* AND forest*,"TS=(((extent OR area OR cover* OR proportion OR percentage OR land OR landscape) AND mangrove* AND forest*) AND ((((""land use chang*"" OR ""land cover chang*"" OR ""land* system* chang*"" OR ""land* chang*"" OR ""land* degradation"" OR ""land* conversion"" OR ""land management"") OR ((marine OR ocean OR sea*) AND use AND change*) OR (""habitat loss*"" OR ""habitat degradation*"" OR ""habitat chang*"" OR ""habitat conversion"" OR ""habitat modification*"" OR ""habitat fragmentation"" OR ""habitat management"") OR (biofuel* OR biogas*) OR ((residential OR urban* OR cities OR housing OR commercial OR industrial OR touris* OR recreation*) AND (extent OR area OR cover* OR proportion* OR percentage*) AND (develop* OR expan* OR increas*)) OR (deforestation OR afforestation OR ""wood plantation*"" OR ""forest* plantation*"" OR ""pulp* plantation*"") OR ((aquaculture* OR agricultur* OR crop* OR ""cultivated area*"" OR farmland OR pasture) AND (develop* OR expan* OR increas* OR intensification OR extensification OR abandon* OR chang*)) OR (livestock AND (farm* OR ranch* OR graz* OR densit*)) OR (energy AND (drill* OR min* OR quarry*)) OR (((transport* OR service) AND (network* OR corridor* OR infrastructure*)) OR road* OR rail* OR ""ship* lane*"" OR ""flight path*"") OR (""system* modification*"" OR (dams OR (water AND (management OR use)))))) AND ((((invasive OR invasion) AND (alien OR exotic OR non-native OR pest* OR disease) AND species) OR ""biological invasion*"" OR (introduc* AND (species OR material))))) AND (que*bec OR canada OR montr*al or Saint-Lawrence or Bas-Saint-Laurent or Saguenay or Lac-Saint-Jean  or Capitale-Nationale or Mauricie or Estrie or Outaouais or Abitibi-T*miscamingue or C*te-Nord or Nord-du-Qu*bec or Gasp*sie–*les-de-la-Madeleine or Chaudi*re-Appalaches or Laval or Lanaudi*re or Laurentides or Mont*r*gie or Centre-du-Qu*bec))"
Land/sea use change,Invasive alien species,"(((""land use chang*"" OR ""land cover chang*"" OR ""land* system* chang*"" OR ""land* chang*"" OR ""land* degradation"" OR ""land* conversion"" OR ""land management"") OR ((marine OR ocean OR sea*) AND use AND change*) OR (""habitat loss*"" OR ""habitat degradation*"" OR ""habitat chang*"" OR ""habitat conversion"" OR ""habitat modification*"" OR ""habitat fragmentation"" OR ""habitat management"") OR (biofuel* OR biogas*) OR ((residential OR urban* OR cities OR housing OR commercial OR industrial OR touris* OR recreation*) AND (extent OR area OR cover* OR proportion* OR percentage*) AND (develop* OR expan* OR increas*)) OR (deforestation OR afforestation OR ""wood plantation*"" OR ""forest* plantation*"" OR ""pulp* plantation*"") OR ((aquaculture* OR agricultur* OR crop* OR ""cultivated area*"" OR farmland OR pasture) AND (develop* OR expan* OR increas* OR intensification OR extensification OR abandon* OR chang*)) OR (livestock AND (farm* OR ranch* OR graz* OR densit*)) OR (energy AND (drill* OR min* OR quarry*)) OR (((transport* OR service) AND (network* OR corridor* OR infrastructure*)) OR road* OR rail* OR ""ship* lane*"" OR ""flight path*"") OR (""system* modification*"" OR (dams OR (water AND (management OR use)))))) AND ((((invasive OR invasion) AND (alien OR exotic OR non-native OR pest* OR disease) AND species) OR ""biological invasion*"" OR (introduc* AND (species OR material))))",Ecosystem structure,Extent of intact forest landscapes,(extent OR area OR cover* OR proportion OR percentage OR land OR landscape) AND intact* AND forest*,"TS=(((extent OR area OR cover* OR proportion OR percentage OR land OR landscape) AND intact* AND forest*) AND ((((""land use chang*"" OR ""land cover chang*"" OR ""land* system* chang*"" OR ""land* chang*"" OR ""land* degradation"" OR ""land* conversion"" OR ""land management"") OR ((marine OR ocean OR sea*) AND use AND change*) OR (""habitat loss*"" OR ""habitat degradation*"" OR ""habitat chang*"" OR ""habitat conversion"" OR ""habitat modification*"" OR ""habitat fragmentation"" OR ""habitat management"") OR (biofuel* OR biogas*) OR ((residential OR urban* OR cities OR housing OR commercial OR industrial OR touris* OR recreation*) AND (extent OR area OR cover* OR proportion* OR percentage*) AND (develop* OR expan* OR increas*)) OR (deforestation OR afforestation OR ""wood plantation*"" OR ""forest* plantation*"" OR ""pulp* plantation*"") OR ((aquaculture* OR agricultur* OR crop* OR ""cultivated area*"" OR farmland OR pasture) AND (develop* OR expan* OR increas* OR intensification OR extensification OR abandon* OR chang*)) OR (livestock AND (farm* OR ranch* OR graz* OR densit*)) OR (energy AND (drill* OR min* OR quarry*)) OR (((transport* OR service) AND (network* OR corridor* OR infrastructure*)) OR road* OR rail* OR ""ship* lane*"" OR ""flight path*"") OR (""system* modification*"" OR (dams OR (water AND (management OR use)))))) AND ((((invasive OR invasion) AND (alien OR exotic OR non-native OR pest* OR disease) AND species) OR ""biological invasion*"" OR (introduc* AND (species OR material))))) AND (que*bec OR canada OR montr*al or Saint-Lawrence or Bas-Saint-Laurent or Saguenay or Lac-Saint-Jean  or Capitale-Nationale or Mauricie or Estrie or Outaouais or Abitibi-T*miscamingue or C*te-Nord or Nord-du-Qu*bec or Gasp*sie–*les-de-la-Madeleine or Chaudi*re-Appalaches or Laval or Lanaudi*re or Laurentides or Mont*r*gie or Centre-du-Qu*bec))"
Land/sea use change,Invasive alien species,"(((""land use chang*"" OR ""land cover chang*"" OR ""land* system* chang*"" OR ""land* chang*"" OR ""land* degradation"" OR ""land* conversion"" OR ""land management"") OR ((marine OR ocean OR sea*) AND use AND change*) OR (""habitat loss*"" OR ""habitat degradation*"" OR ""habitat chang*"" OR ""habitat conversion"" OR ""habitat modification*"" OR ""habitat fragmentation"" OR ""habitat management"") OR (biofuel* OR biogas*) OR ((residential OR urban* OR cities OR housing OR commercial OR industrial OR touris* OR recreation*) AND (extent OR area OR cover* OR proportion* OR percentage*) AND (develop* OR expan* OR increas*)) OR (deforestation OR afforestation OR ""wood plantation*"" OR ""forest* plantation*"" OR ""pulp* plantation*"") OR ((aquaculture* OR agricultur* OR crop* OR ""cultivated area*"" OR farmland OR pasture) AND (develop* OR expan* OR increas* OR intensification OR extensification OR abandon* OR chang*)) OR (livestock AND (farm* OR ranch* OR graz* OR densit*)) OR (energy AND (drill* OR min* OR quarry*)) OR (((transport* OR service) AND (network* OR corridor* OR infrastructure*)) OR road* OR rail* OR ""ship* lane*"" OR ""flight path*"") OR (""system* modification*"" OR (dams OR (water AND (management OR use)))))) AND ((((invasive OR invasion) AND (alien OR exotic OR non-native OR pest* OR disease) AND species) OR ""biological invasion*"" OR (introduc* AND (species OR material))))",Ecosystem structure,Extent of remaining primary vegetation,(extent OR area OR cover* OR proportion OR percentage) AND (primary OR natural) AND vegetation,"TS=(((extent OR area OR cover* OR proportion OR percentage) AND (primary OR natural) AND vegetation) AND ((((""land use chang*"" OR ""land cover chang*"" OR ""land* system* chang*"" OR ""land* chang*"" OR ""land* degradation"" OR ""land* conversion"" OR ""land management"") OR ((marine OR ocean OR sea*) AND use AND change*) OR (""habitat loss*"" OR ""habitat degradation*"" OR ""habitat chang*"" OR ""habitat conversion"" OR ""habitat modification*"" OR ""habitat fragmentation"" OR ""habitat management"") OR (biofuel* OR biogas*) OR ((residential OR urban* OR cities OR housing OR commercial OR industrial OR touris* OR recreation*) AND (extent OR area OR cover* OR proportion* OR percentage*) AND (develop* OR expan* OR increas*)) OR (deforestation OR afforestation OR ""wood plantation*"" OR ""forest* plantation*"" OR ""pulp* plantation*"") OR ((aquaculture* OR agricultur* OR crop* OR ""cultivated area*"" OR farmland OR pasture) AND (develop* OR expan* OR increas* OR intensification OR extensification OR abandon* OR chang*)) OR (livestock AND (farm* OR ranch* OR graz* OR densit*)) OR (energy AND (drill* OR min* OR quarry*)) OR (((transport* OR service) AND (network* OR corridor* OR infrastructure*)) OR road* OR rail* OR ""ship* lane*"" OR ""flight path*"") OR (""system* modification*"" OR (dams OR (water AND (management OR use)))))) AND ((((invasive OR invasion) AND (alien OR exotic OR non-native OR pest* OR disease) AND species) OR ""biological invasion*"" OR (introduc* AND (species OR material))))) AND (que*bec OR canada OR montr*al or Saint-Lawrence or Bas-Saint-Laurent or Saguenay or Lac-Saint-Jean  or Capitale-Nationale or Mauricie or Estrie or Outaouais or Abitibi-T*miscamingue or C*te-Nord or Nord-du-Qu*bec or Gasp*sie–*les-de-la-Madeleine or Chaudi*re-Appalaches or Laval or Lanaudi*re or Laurentides or Mont*r*gie or Centre-du-Qu*bec))"
Land/sea use change,Invasive alien species,"(((""land use chang*"" OR ""land cover chang*"" OR ""land* system* chang*"" OR ""land* chang*"" OR ""land* degradation"" OR ""land* conversion"" OR ""land management"") OR ((marine OR ocean OR sea*) AND use AND change*) OR (""habitat loss*"" OR ""habitat degradation*"" OR ""habitat chang*"" OR ""habitat conversion"" OR ""habitat modification*"" OR ""habitat fragmentation"" OR ""habitat management"") OR (biofuel* OR biogas*) OR ((residential OR urban* OR cities OR housing OR commercial OR industrial OR touris* OR recreation*) AND (extent OR area OR cover* OR proportion* OR percentage*) AND (develop* OR expan* OR increas*)) OR (deforestation OR afforestation OR ""wood plantation*"" OR ""forest* plantation*"" OR ""pulp* plantation*"") OR ((aquaculture* OR agricultur* OR crop* OR ""cultivated area*"" OR farmland OR pasture) AND (develop* OR expan* OR increas* OR intensification OR extensification OR abandon* OR chang*)) OR (livestock AND (farm* OR ranch* OR graz* OR densit*)) OR (energy AND (drill* OR min* OR quarry*)) OR (((transport* OR service) AND (network* OR corridor* OR infrastructure*)) OR road* OR rail* OR ""ship* lane*"" OR ""flight path*"") OR (""system* modification*"" OR (dams OR (water AND (management OR use)))))) AND ((((invasive OR invasion) AND (alien OR exotic OR non-native OR pest* OR disease) AND species) OR ""biological invasion*"" OR (introduc* AND (species OR material))))",Ecosystem structure,Extent of remaining wilderness,(extent OR area OR cover* OR proportion OR percentage OR land OR landscape) AND wilderness*,"TS=(((extent OR area OR cover* OR proportion OR percentage OR land OR landscape) AND wilderness*) AND ((((""land use chang*"" OR ""land cover chang*"" OR ""land* system* chang*"" OR ""land* chang*"" OR ""land* degradation"" OR ""land* conversion"" OR ""land management"") OR ((marine OR ocean OR sea*) AND use AND change*) OR (""habitat loss*"" OR ""habitat degradation*"" OR ""habitat chang*"" OR ""habitat conversion"" OR ""habitat modification*"" OR ""habitat fragmentation"" OR ""habitat management"") OR (biofuel* OR biogas*) OR ((residential OR urban* OR cities OR housing OR commercial OR industrial OR touris* OR recreation*) AND (extent OR area OR cover* OR proportion* OR percentage*) AND (develop* OR expan* OR increas*)) OR (deforestation OR afforestation OR ""wood plantation*"" OR ""forest* plantation*"" OR ""pulp* plantation*"") OR ((aquaculture* OR agricultur* OR crop* OR ""cultivated area*"" OR farmland OR pasture) AND (develop* OR expan* OR increas* OR intensification OR extensification OR abandon* OR chang*)) OR (livestock AND (farm* OR ranch* OR graz* OR densit*)) OR (energy AND (drill* OR min* OR quarry*)) OR (((transport* OR service) AND (network* OR corridor* OR infrastructure*)) OR road* OR rail* OR ""ship* lane*"" OR ""flight path*"") OR (""system* modification*"" OR (dams OR (water AND (management OR use)))))) AND ((((invasive OR invasion) AND (alien OR exotic OR non-native OR pest* OR disease) AND species) OR ""biological invasion*"" OR (introduc* AND (species OR material))))) AND (que*bec OR canada OR montr*al or Saint-Lawrence or Bas-Saint-Laurent or Saguenay or Lac-Saint-Jean  or Capitale-Nationale or Mauricie or Estrie or Outaouais or Abitibi-T*miscamingue or C*te-Nord or Nord-du-Qu*bec or Gasp*sie–*les-de-la-Madeleine or Chaudi*re-Appalaches or Laval or Lanaudi*re or Laurentides or Mont*r*gie or Centre-du-Qu*bec))"
Land/sea use change,Invasive alien species,"(((""land use chang*"" OR ""land cover chang*"" OR ""land* system* chang*"" OR ""land* chang*"" OR ""land* degradation"" OR ""land* conversion"" OR ""land management"") OR ((marine OR ocean OR sea*) AND use AND change*) OR (""habitat loss*"" OR ""habitat degradation*"" OR ""habitat chang*"" OR ""habitat conversion"" OR ""habitat modification*"" OR ""habitat fragmentation"" OR ""habitat management"") OR (biofuel* OR biogas*) OR ((residential OR urban* OR cities OR housing OR commercial OR industrial OR touris* OR recreation*) AND (extent OR area OR cover* OR proportion* OR percentage*) AND (develop* OR expan* OR increas*)) OR (deforestation OR afforestation OR ""wood plantation*"" OR ""forest* plantation*"" OR ""pulp* plantation*"") OR ((aquaculture* OR agricultur* OR crop* OR ""cultivated area*"" OR farmland OR pasture) AND (develop* OR expan* OR increas* OR intensification OR extensification OR abandon* OR chang*)) OR (livestock AND (farm* OR ranch* OR graz* OR densit*)) OR (energy AND (drill* OR min* OR quarry*)) OR (((transport* OR service) AND (network* OR corridor* OR infrastructure*)) OR road* OR rail* OR ""ship* lane*"" OR ""flight path*"") OR (""system* modification*"" OR (dams OR (water AND (management OR use)))))) AND ((((invasive OR invasion) AND (alien OR exotic OR non-native OR pest* OR disease) AND species) OR ""biological invasion*"" OR (introduc* AND (species OR material))))",Ecosystem structure,Leaf area index,"""leaf area ind*""","TS=((""leaf area ind*"") AND ((((""land use chang*"" OR ""land cover chang*"" OR ""land* system* chang*"" OR ""land* chang*"" OR ""land* degradation"" OR ""land* conversion"" OR ""land management"") OR ((marine OR ocean OR sea*) AND use AND change*) OR (""habitat loss*"" OR ""habitat degradation*"" OR ""habitat chang*"" OR ""habitat conversion"" OR ""habitat modification*"" OR ""habitat fragmentation"" OR ""habitat management"") OR (biofuel* OR biogas*) OR ((residential OR urban* OR cities OR housing OR commercial OR industrial OR touris* OR recreation*) AND (extent OR area OR cover* OR proportion* OR percentage*) AND (develop* OR expan* OR increas*)) OR (deforestation OR afforestation OR ""wood plantation*"" OR ""forest* plantation*"" OR ""pulp* plantation*"") OR ((aquaculture* OR agricultur* OR crop* OR ""cultivated area*"" OR farmland OR pasture) AND (develop* OR expan* OR increas* OR intensification OR extensification OR abandon* OR chang*)) OR (livestock AND (farm* OR ranch* OR graz* OR densit*)) OR (energy AND (drill* OR min* OR quarry*)) OR (((transport* OR service) AND (network* OR corridor* OR infrastructure*)) OR road* OR rail* OR ""ship* lane*"" OR ""flight path*"") OR (""system* modification*"" OR (dams OR (water AND (management OR use)))))) AND ((((invasive OR invasion) AND (alien OR exotic OR non-native OR pest* OR disease) AND species) OR ""biological invasion*"" OR (introduc* AND (species OR material))))) AND (que*bec OR canada OR montr*al or Saint-Lawrence or Bas-Saint-Laurent or Saguenay or Lac-Saint-Jean  or Capitale-Nationale or Mauricie or Estrie or Outaouais or Abitibi-T*miscamingue or C*te-Nord or Nord-du-Qu*bec or Gasp*sie–*les-de-la-Madeleine or Chaudi*re-Appalaches or Laval or Lanaudi*re or Laurentides or Mont*r*gie or Centre-du-Qu*bec))"
Land/sea use change,Invasive alien species,"(((""land use chang*"" OR ""land cover chang*"" OR ""land* system* chang*"" OR ""land* chang*"" OR ""land* degradation"" OR ""land* conversion"" OR ""land management"") OR ((marine OR ocean OR sea*) AND use AND change*) OR (""habitat loss*"" OR ""habitat degradation*"" OR ""habitat chang*"" OR ""habitat conversion"" OR ""habitat modification*"" OR ""habitat fragmentation"" OR ""habitat management"") OR (biofuel* OR biogas*) OR ((residential OR urban* OR cities OR housing OR commercial OR industrial OR touris* OR recreation*) AND (extent OR area OR cover* OR proportion* OR percentage*) AND (develop* OR expan* OR increas*)) OR (deforestation OR afforestation OR ""wood plantation*"" OR ""forest* plantation*"" OR ""pulp* plantation*"") OR ((aquaculture* OR agricultur* OR crop* OR ""cultivated area*"" OR farmland OR pasture) AND (develop* OR expan* OR increas* OR intensification OR extensification OR abandon* OR chang*)) OR (livestock AND (farm* OR ranch* OR graz* OR densit*)) OR (energy AND (drill* OR min* OR quarry*)) OR (((transport* OR service) AND (network* OR corridor* OR infrastructure*)) OR road* OR rail* OR ""ship* lane*"" OR ""flight path*"") OR (""system* modification*"" OR (dams OR (water AND (management OR use)))))) AND ((((invasive OR invasion) AND (alien OR exotic OR non-native OR pest* OR disease) AND species) OR ""biological invasion*"" OR (introduc* AND (species OR material))))",Ecosystem structure,Percentage of live coral cover,(extent OR area OR cover* OR proportion OR percentage) AND coral AND live,"TS=(((extent OR area OR cover* OR proportion OR percentage) AND coral AND live) AND ((((""land use chang*"" OR ""land cover chang*"" OR ""land* system* chang*"" OR ""land* chang*"" OR ""land* degradation"" OR ""land* conversion"" OR ""land management"") OR ((marine OR ocean OR sea*) AND use AND change*) OR (""habitat loss*"" OR ""habitat degradation*"" OR ""habitat chang*"" OR ""habitat conversion"" OR ""habitat modification*"" OR ""habitat fragmentation"" OR ""habitat management"") OR (biofuel* OR biogas*) OR ((residential OR urban* OR cities OR housing OR commercial OR industrial OR touris* OR recreation*) AND (extent OR area OR cover* OR proportion* OR percentage*) AND (develop* OR expan* OR increas*)) OR (deforestation OR afforestation OR ""wood plantation*"" OR ""forest* plantation*"" OR ""pulp* plantation*"") OR ((aquaculture* OR agricultur* OR crop* OR ""cultivated area*"" OR farmland OR pasture) AND (develop* OR expan* OR increas* OR intensification OR extensification OR abandon* OR chang*)) OR (livestock AND (farm* OR ranch* OR graz* OR densit*)) OR (energy AND (drill* OR min* OR quarry*)) OR (((transport* OR service) AND (network* OR corridor* OR infrastructure*)) OR road* OR rail* OR ""ship* lane*"" OR ""flight path*"") OR (""system* modification*"" OR (dams OR (water AND (management OR use)))))) AND ((((invasive OR invasion) AND (alien OR exotic OR non-native OR pest* OR disease) AND species) OR ""biological invasion*"" OR (introduc* AND (species OR material))))) AND (que*bec OR canada OR montr*al or Saint-Lawrence or Bas-Saint-Laurent or Saguenay or Lac-Saint-Jean  or Capitale-Nationale or Mauricie or Estrie or Outaouais or Abitibi-T*miscamingue or C*te-Nord or Nord-du-Qu*bec or Gasp*sie–*les-de-la-Madeleine or Chaudi*re-Appalaches or Laval or Lanaudi*re or Laurentides or Mont*r*gie or Centre-du-Qu*bec))"
Land/sea use change,Invasive alien species,"(((""land use chang*"" OR ""land cover chang*"" OR ""land* system* chang*"" OR ""land* chang*"" OR ""land* degradation"" OR ""land* conversion"" OR ""land management"") OR ((marine OR ocean OR sea*) AND use AND change*) OR (""habitat loss*"" OR ""habitat degradation*"" OR ""habitat chang*"" OR ""habitat conversion"" OR ""habitat modification*"" OR ""habitat fragmentation"" OR ""habitat management"") OR (biofuel* OR biogas*) OR ((residential OR urban* OR cities OR housing OR commercial OR industrial OR touris* OR recreation*) AND (extent OR area OR cover* OR proportion* OR percentage*) AND (develop* OR expan* OR increas*)) OR (deforestation OR afforestation OR ""wood plantation*"" OR ""forest* plantation*"" OR ""pulp* plantation*"") OR ((aquaculture* OR agricultur* OR crop* OR ""cultivated area*"" OR farmland OR pasture) AND (develop* OR expan* OR increas* OR intensification OR extensification OR abandon* OR chang*)) OR (livestock AND (farm* OR ranch* OR graz* OR densit*)) OR (energy AND (drill* OR min* OR quarry*)) OR (((transport* OR service) AND (network* OR corridor* OR infrastructure*)) OR road* OR rail* OR ""ship* lane*"" OR ""flight path*"") OR (""system* modification*"" OR (dams OR (water AND (management OR use)))))) AND ((((invasive OR invasion) AND (alien OR exotic OR non-native OR pest* OR disease) AND species) OR ""biological invasion*"" OR (introduc* AND (species OR material))))",Genetic composition,Proportion of local breeds at risk/not at risk/unknown,"""local breed*"" AND (livestock* OR (domestic AND animal*)) AND (risk OR extinct* OR threat*)","TS=((""local breed*"" AND (livestock* OR (domestic AND animal*)) AND (risk OR extinct* OR threat*)) AND ((((""land use chang*"" OR ""land cover chang*"" OR ""land* system* chang*"" OR ""land* chang*"" OR ""land* degradation"" OR ""land* conversion"" OR ""land management"") OR ((marine OR ocean OR sea*) AND use AND change*) OR (""habitat loss*"" OR ""habitat degradation*"" OR ""habitat chang*"" OR ""habitat conversion"" OR ""habitat modification*"" OR ""habitat fragmentation"" OR ""habitat management"") OR (biofuel* OR biogas*) OR ((residential OR urban* OR cities OR housing OR commercial OR industrial OR touris* OR recreation*) AND (extent OR area OR cover* OR proportion* OR percentage*) AND (develop* OR expan* OR increas*)) OR (deforestation OR afforestation OR ""wood plantation*"" OR ""forest* plantation*"" OR ""pulp* plantation*"") OR ((aquaculture* OR agricultur* OR crop* OR ""cultivated area*"" OR farmland OR pasture) AND (develop* OR expan* OR increas* OR intensification OR extensification OR abandon* OR chang*)) OR (livestock AND (farm* OR ranch* OR graz* OR densit*)) OR (energy AND (drill* OR min* OR quarry*)) OR (((transport* OR service) AND (network* OR corridor* OR infrastructure*)) OR road* OR rail* OR ""ship* lane*"" OR ""flight path*"") OR (""system* modification*"" OR (dams OR (water AND (management OR use)))))) AND ((((invasive OR invasion) AND (alien OR exotic OR non-native OR pest* OR disease) AND species) OR ""biological invasion*"" OR (introduc* AND (species OR material))))) AND (que*bec OR canada OR montr*al or Saint-Lawrence or Bas-Saint-Laurent or Saguenay or Lac-Saint-Jean  or Capitale-Nationale or Mauricie or Estrie or Outaouais or Abitibi-T*miscamingue or C*te-Nord or Nord-du-Qu*bec or Gasp*sie–*les-de-la-Madeleine or Chaudi*re-Appalaches or Laval or Lanaudi*re or Laurentides or Mont*r*gie or Centre-du-Qu*bec))"
Land/sea use change,Invasive alien species,"(((""land use chang*"" OR ""land cover chang*"" OR ""land* system* chang*"" OR ""land* chang*"" OR ""land* degradation"" OR ""land* conversion"" OR ""land management"") OR ((marine OR ocean OR sea*) AND use AND change*) OR (""habitat loss*"" OR ""habitat degradation*"" OR ""habitat chang*"" OR ""habitat conversion"" OR ""habitat modification*"" OR ""habitat fragmentation"" OR ""habitat management"") OR (biofuel* OR biogas*) OR ((residential OR urban* OR cities OR housing OR commercial OR industrial OR touris* OR recreation*) AND (extent OR area OR cover* OR proportion* OR percentage*) AND (develop* OR expan* OR increas*)) OR (deforestation OR afforestation OR ""wood plantation*"" OR ""forest* plantation*"" OR ""pulp* plantation*"") OR ((aquaculture* OR agricultur* OR crop* OR ""cultivated area*"" OR farmland OR pasture) AND (develop* OR expan* OR increas* OR intensification OR extensification OR abandon* OR chang*)) OR (livestock AND (farm* OR ranch* OR graz* OR densit*)) OR (energy AND (drill* OR min* OR quarry*)) OR (((transport* OR service) AND (network* OR corridor* OR infrastructure*)) OR road* OR rail* OR ""ship* lane*"" OR ""flight path*"") OR (""system* modification*"" OR (dams OR (water AND (management OR use)))))) AND ((((invasive OR invasion) AND (alien OR exotic OR non-native OR pest* OR disease) AND species) OR ""biological invasion*"" OR (introduc* AND (species OR material))))",Species populations,IUCN red list of threatened species,"(IUCN OR ""red list"") AND (threat* OR extinct*) AND species NOT ""red list ind*""","TS=(((IUCN OR ""red list"") AND (threat* OR extinct*) AND species NOT ""red list ind*"") AND ((((""land use chang*"" OR ""land cover chang*"" OR ""land* system* chang*"" OR ""land* chang*"" OR ""land* degradation"" OR ""land* conversion"" OR ""land management"") OR ((marine OR ocean OR sea*) AND use AND change*) OR (""habitat loss*"" OR ""habitat degradation*"" OR ""habitat chang*"" OR ""habitat conversion"" OR ""habitat modification*"" OR ""habitat fragmentation"" OR ""habitat management"") OR (biofuel* OR biogas*) OR ((residential OR urban* OR cities OR housing OR commercial OR industrial OR touris* OR recreation*) AND (extent OR area OR cover* OR proportion* OR percentage*) AND (develop* OR expan* OR increas*)) OR (deforestation OR afforestation OR ""wood plantation*"" OR ""forest* plantation*"" OR ""pulp* plantation*"") OR ((aquaculture* OR agricultur* OR crop* OR ""cultivated area*"" OR farmland OR pasture) AND (develop* OR expan* OR increas* OR intensification OR extensification OR abandon* OR chang*)) OR (livestock AND (farm* OR ranch* OR graz* OR densit*)) OR (energy AND (drill* OR min* OR quarry*)) OR (((transport* OR service) AND (network* OR corridor* OR infrastructure*)) OR road* OR rail* OR ""ship* lane*"" OR ""flight path*"") OR (""system* modification*"" OR (dams OR (water AND (management OR use)))))) AND ((((invasive OR invasion) AND (alien OR exotic OR non-native OR pest* OR disease) AND species) OR ""biological invasion*"" OR (introduc* AND (species OR material))))) AND (que*bec OR canada OR montr*al or Saint-Lawrence or Bas-Saint-Laurent or Saguenay or Lac-Saint-Jean  or Capitale-Nationale or Mauricie or Estrie or Outaouais or Abitibi-T*miscamingue or C*te-Nord or Nord-du-Qu*bec or Gasp*sie–*les-de-la-Madeleine or Chaudi*re-Appalaches or Laval or Lanaudi*re or Laurentides or Mont*r*gie or Centre-du-Qu*bec))"
Land/sea use change,Invasive alien species,"(((""land use chang*"" OR ""land cover chang*"" OR ""land* system* chang*"" OR ""land* chang*"" OR ""land* degradation"" OR ""land* conversion"" OR ""land management"") OR ((marine OR ocean OR sea*) AND use AND change*) OR (""habitat loss*"" OR ""habitat degradation*"" OR ""habitat chang*"" OR ""habitat conversion"" OR ""habitat modification*"" OR ""habitat fragmentation"" OR ""habitat management"") OR (biofuel* OR biogas*) OR ((residential OR urban* OR cities OR housing OR commercial OR industrial OR touris* OR recreation*) AND (extent OR area OR cover* OR proportion* OR percentage*) AND (develop* OR expan* OR increas*)) OR (deforestation OR afforestation OR ""wood plantation*"" OR ""forest* plantation*"" OR ""pulp* plantation*"") OR ((aquaculture* OR agricultur* OR crop* OR ""cultivated area*"" OR farmland OR pasture) AND (develop* OR expan* OR increas* OR intensification OR extensification OR abandon* OR chang*)) OR (livestock AND (farm* OR ranch* OR graz* OR densit*)) OR (energy AND (drill* OR min* OR quarry*)) OR (((transport* OR service) AND (network* OR corridor* OR infrastructure*)) OR road* OR rail* OR ""ship* lane*"" OR ""flight path*"") OR (""system* modification*"" OR (dams OR (water AND (management OR use)))))) AND ((((invasive OR invasion) AND (alien OR exotic OR non-native OR pest* OR disease) AND species) OR ""biological invasion*"" OR (introduc* AND (species OR material))))",Species populations,Living planet index,"""living planet ind*"" OR ""living planet report*""","TS=((""living planet ind*"" OR ""living planet report*"") AND ((((""land use chang*"" OR ""land cover chang*"" OR ""land* system* chang*"" OR ""land* chang*"" OR ""land* degradation"" OR ""land* conversion"" OR ""land management"") OR ((marine OR ocean OR sea*) AND use AND change*) OR (""habitat loss*"" OR ""habitat degradation*"" OR ""habitat chang*"" OR ""habitat conversion"" OR ""habitat modification*"" OR ""habitat fragmentation"" OR ""habitat management"") OR (biofuel* OR biogas*) OR ((residential OR urban* OR cities OR housing OR commercial OR industrial OR touris* OR recreation*) AND (extent OR area OR cover* OR proportion* OR percentage*) AND (develop* OR expan* OR increas*)) OR (deforestation OR afforestation OR ""wood plantation*"" OR ""forest* plantation*"" OR ""pulp* plantation*"") OR ((aquaculture* OR agricultur* OR crop* OR ""cultivated area*"" OR farmland OR pasture) AND (develop* OR expan* OR increas* OR intensification OR extensification OR abandon* OR chang*)) OR (livestock AND (farm* OR ranch* OR graz* OR densit*)) OR (energy AND (drill* OR min* OR quarry*)) OR (((transport* OR service) AND (network* OR corridor* OR infrastructure*)) OR road* OR rail* OR ""ship* lane*"" OR ""flight path*"") OR (""system* modification*"" OR (dams OR (water AND (management OR use)))))) AND ((((invasive OR invasion) AND (alien OR exotic OR non-native OR pest* OR disease) AND species) OR ""biological invasion*"" OR (introduc* AND (species OR material))))) AND (que*bec OR canada OR montr*al or Saint-Lawrence or Bas-Saint-Laurent or Saguenay or Lac-Saint-Jean  or Capitale-Nationale or Mauricie or Estrie or Outaouais or Abitibi-T*miscamingue or C*te-Nord or Nord-du-Qu*bec or Gasp*sie–*les-de-la-Madeleine or Chaudi*re-Appalaches or Laval or Lanaudi*re or Laurentides or Mont*r*gie or Centre-du-Qu*bec))"
Land/sea use change,Invasive alien species,"(((""land use chang*"" OR ""land cover chang*"" OR ""land* system* chang*"" OR ""land* chang*"" OR ""land* degradation"" OR ""land* conversion"" OR ""land management"") OR ((marine OR ocean OR sea*) AND use AND change*) OR (""habitat loss*"" OR ""habitat degradation*"" OR ""habitat chang*"" OR ""habitat conversion"" OR ""habitat modification*"" OR ""habitat fragmentation"" OR ""habitat management"") OR (biofuel* OR biogas*) OR ((residential OR urban* OR cities OR housing OR commercial OR industrial OR touris* OR recreation*) AND (extent OR area OR cover* OR proportion* OR percentage*) AND (develop* OR expan* OR increas*)) OR (deforestation OR afforestation OR ""wood plantation*"" OR ""forest* plantation*"" OR ""pulp* plantation*"") OR ((aquaculture* OR agricultur* OR crop* OR ""cultivated area*"" OR farmland OR pasture) AND (develop* OR expan* OR increas* OR intensification OR extensification OR abandon* OR chang*)) OR (livestock AND (farm* OR ranch* OR graz* OR densit*)) OR (energy AND (drill* OR min* OR quarry*)) OR (((transport* OR service) AND (network* OR corridor* OR infrastructure*)) OR road* OR rail* OR ""ship* lane*"" OR ""flight path*"") OR (""system* modification*"" OR (dams OR (water AND (management OR use)))))) AND ((((invasive OR invasion) AND (alien OR exotic OR non-native OR pest* OR disease) AND species) OR ""biological invasion*"" OR (introduc* AND (species OR material))))",Species populations,Local species abundance,"((species OR assemblage*) AND abundance AND (local OR location* OR sample*)) AND (global OR world*) AND (""time series"" OR ""time -series"" OR temporal)","TS=((((species OR assemblage*) AND abundance AND (local OR location* OR sample*)) AND (global OR world*) AND (""time series"" OR ""time -series"" OR temporal)) AND ((((""land use chang*"" OR ""land cover chang*"" OR ""land* system* chang*"" OR ""land* chang*"" OR ""land* degradation"" OR ""land* conversion"" OR ""land management"") OR ((marine OR ocean OR sea*) AND use AND change*) OR (""habitat loss*"" OR ""habitat degradation*"" OR ""habitat chang*"" OR ""habitat conversion"" OR ""habitat modification*"" OR ""habitat fragmentation"" OR ""habitat management"") OR (biofuel* OR biogas*) OR ((residential OR urban* OR cities OR housing OR commercial OR industrial OR touris* OR recreation*) AND (extent OR area OR cover* OR proportion* OR percentage*) AND (develop* OR expan* OR increas*)) OR (deforestation OR afforestation OR ""wood plantation*"" OR ""forest* plantation*"" OR ""pulp* plantation*"") OR ((aquaculture* OR agricultur* OR crop* OR ""cultivated area*"" OR farmland OR pasture) AND (develop* OR expan* OR increas* OR intensification OR extensification OR abandon* OR chang*)) OR (livestock AND (farm* OR ranch* OR graz* OR densit*)) OR (energy AND (drill* OR min* OR quarry*)) OR (((transport* OR service) AND (network* OR corridor* OR infrastructure*)) OR road* OR rail* OR ""ship* lane*"" OR ""flight path*"") OR (""system* modification*"" OR (dams OR (water AND (management OR use)))))) AND ((((invasive OR invasion) AND (alien OR exotic OR non-native OR pest* OR disease) AND species) OR ""biological invasion*"" OR (introduc* AND (species OR material))))) AND (que*bec OR canada OR montr*al or Saint-Lawrence or Bas-Saint-Laurent or Saguenay or Lac-Saint-Jean  or Capitale-Nationale or Mauricie or Estrie or Outaouais or Abitibi-T*miscamingue or C*te-Nord or Nord-du-Qu*bec or Gasp*sie–*les-de-la-Madeleine or Chaudi*re-Appalaches or Laval or Lanaudi*re or Laurentides or Mont*r*gie or Centre-du-Qu*bec))"
Land/sea use change,Invasive alien species,"(((""land use chang*"" OR ""land cover chang*"" OR ""land* system* chang*"" OR ""land* chang*"" OR ""land* degradation"" OR ""land* conversion"" OR ""land management"") OR ((marine OR ocean OR sea*) AND use AND change*) OR (""habitat loss*"" OR ""habitat degradation*"" OR ""habitat chang*"" OR ""habitat conversion"" OR ""habitat modification*"" OR ""habitat fragmentation"" OR ""habitat management"") OR (biofuel* OR biogas*) OR ((residential OR urban* OR cities OR housing OR commercial OR industrial OR touris* OR recreation*) AND (extent OR area OR cover* OR proportion* OR percentage*) AND (develop* OR expan* OR increas*)) OR (deforestation OR afforestation OR ""wood plantation*"" OR ""forest* plantation*"" OR ""pulp* plantation*"") OR ((aquaculture* OR agricultur* OR crop* OR ""cultivated area*"" OR farmland OR pasture) AND (develop* OR expan* OR increas* OR intensification OR extensification OR abandon* OR chang*)) OR (livestock AND (farm* OR ranch* OR graz* OR densit*)) OR (energy AND (drill* OR min* OR quarry*)) OR (((transport* OR service) AND (network* OR corridor* OR infrastructure*)) OR road* OR rail* OR ""ship* lane*"" OR ""flight path*"") OR (""system* modification*"" OR (dams OR (water AND (management OR use)))))) AND ((((invasive OR invasion) AND (alien OR exotic OR non-native OR pest* OR disease) AND species) OR ""biological invasion*"" OR (introduc* AND (species OR material))))",Species populations,Predatory fish biomass,predator* AND fish* AND (biomass OR abundance),"TS=((predator* AND fish* AND (biomass OR abundance)) AND ((((""land use chang*"" OR ""land cover chang*"" OR ""land* system* chang*"" OR ""land* chang*"" OR ""land* degradation"" OR ""land* conversion"" OR ""land management"") OR ((marine OR ocean OR sea*) AND use AND change*) OR (""habitat loss*"" OR ""habitat degradation*"" OR ""habitat chang*"" OR ""habitat conversion"" OR ""habitat modification*"" OR ""habitat fragmentation"" OR ""habitat management"") OR (biofuel* OR biogas*) OR ((residential OR urban* OR cities OR housing OR commercial OR industrial OR touris* OR recreation*) AND (extent OR area OR cover* OR proportion* OR percentage*) AND (develop* OR expan* OR increas*)) OR (deforestation OR afforestation OR ""wood plantation*"" OR ""forest* plantation*"" OR ""pulp* plantation*"") OR ((aquaculture* OR agricultur* OR crop* OR ""cultivated area*"" OR farmland OR pasture) AND (develop* OR expan* OR increas* OR intensification OR extensification OR abandon* OR chang*)) OR (livestock AND (farm* OR ranch* OR graz* OR densit*)) OR (energy AND (drill* OR min* OR quarry*)) OR (((transport* OR service) AND (network* OR corridor* OR infrastructure*)) OR road* OR rail* OR ""ship* lane*"" OR ""flight path*"") OR (""system* modification*"" OR (dams OR (water AND (management OR use)))))) AND ((((invasive OR invasion) AND (alien OR exotic OR non-native OR pest* OR disease) AND species) OR ""biological invasion*"" OR (introduc* AND (species OR material))))) AND (que*bec OR canada OR montr*al or Saint-Lawrence or Bas-Saint-Laurent or Saguenay or Lac-Saint-Jean  or Capitale-Nationale or Mauricie or Estrie or Outaouais or Abitibi-T*miscamingue or C*te-Nord or Nord-du-Qu*bec or Gasp*sie–*les-de-la-Madeleine or Chaudi*re-Appalaches or Laval or Lanaudi*re or Laurentides or Mont*r*gie or Centre-du-Qu*bec))"
Land/sea use change,Invasive alien species,"(((""land use chang*"" OR ""land cover chang*"" OR ""land* system* chang*"" OR ""land* chang*"" OR ""land* degradation"" OR ""land* conversion"" OR ""land management"") OR ((marine OR ocean OR sea*) AND use AND change*) OR (""habitat loss*"" OR ""habitat degradation*"" OR ""habitat chang*"" OR ""habitat conversion"" OR ""habitat modification*"" OR ""habitat fragmentation"" OR ""habitat management"") OR (biofuel* OR biogas*) OR ((residential OR urban* OR cities OR housing OR commercial OR industrial OR touris* OR recreation*) AND (extent OR area OR cover* OR proportion* OR percentage*) AND (develop* OR expan* OR increas*)) OR (deforestation OR afforestation OR ""wood plantation*"" OR ""forest* plantation*"" OR ""pulp* plantation*"") OR ((aquaculture* OR agricultur* OR crop* OR ""cultivated area*"" OR farmland OR pasture) AND (develop* OR expan* OR increas* OR intensification OR extensification OR abandon* OR chang*)) OR (livestock AND (farm* OR ranch* OR graz* OR densit*)) OR (energy AND (drill* OR min* OR quarry*)) OR (((transport* OR service) AND (network* OR corridor* OR infrastructure*)) OR road* OR rail* OR ""ship* lane*"" OR ""flight path*"") OR (""system* modification*"" OR (dams OR (water AND (management OR use)))))) AND ((((invasive OR invasion) AND (alien OR exotic OR non-native OR pest* OR disease) AND species) OR ""biological invasion*"" OR (introduc* AND (species OR material))))",Species populations,Prey fish biomass,prey* AND fish* AND (biomass OR abundance),"TS=((prey* AND fish* AND (biomass OR abundance)) AND ((((""land use chang*"" OR ""land cover chang*"" OR ""land* system* chang*"" OR ""land* chang*"" OR ""land* degradation"" OR ""land* conversion"" OR ""land management"") OR ((marine OR ocean OR sea*) AND use AND change*) OR (""habitat loss*"" OR ""habitat degradation*"" OR ""habitat chang*"" OR ""habitat conversion"" OR ""habitat modification*"" OR ""habitat fragmentation"" OR ""habitat management"") OR (biofuel* OR biogas*) OR ((residential OR urban* OR cities OR housing OR commercial OR industrial OR touris* OR recreation*) AND (extent OR area OR cover* OR proportion* OR percentage*) AND (develop* OR expan* OR increas*)) OR (deforestation OR afforestation OR ""wood plantation*"" OR ""forest* plantation*"" OR ""pulp* plantation*"") OR ((aquaculture* OR agricultur* OR crop* OR ""cultivated area*"" OR farmland OR pasture) AND (develop* OR expan* OR increas* OR intensification OR extensification OR abandon* OR chang*)) OR (livestock AND (farm* OR ranch* OR graz* OR densit*)) OR (energy AND (drill* OR min* OR quarry*)) OR (((transport* OR service) AND (network* OR corridor* OR infrastructure*)) OR road* OR rail* OR ""ship* lane*"" OR ""flight path*"") OR (""system* modification*"" OR (dams OR (water AND (management OR use)))))) AND ((((invasive OR invasion) AND (alien OR exotic OR non-native OR pest* OR disease) AND species) OR ""biological invasion*"" OR (introduc* AND (species OR material))))) AND (que*bec OR canada OR montr*al or Saint-Lawrence or Bas-Saint-Laurent or Saguenay or Lac-Saint-Jean  or Capitale-Nationale or Mauricie or Estrie or Outaouais or Abitibi-T*miscamingue or C*te-Nord or Nord-du-Qu*bec or Gasp*sie–*les-de-la-Madeleine or Chaudi*re-Appalaches or Laval or Lanaudi*re or Laurentides or Mont*r*gie or Centre-du-Qu*bec))"
Land/sea use change,Invasive alien species,"(((""land use chang*"" OR ""land cover chang*"" OR ""land* system* chang*"" OR ""land* chang*"" OR ""land* degradation"" OR ""land* conversion"" OR ""land management"") OR ((marine OR ocean OR sea*) AND use AND change*) OR (""habitat loss*"" OR ""habitat degradation*"" OR ""habitat chang*"" OR ""habitat conversion"" OR ""habitat modification*"" OR ""habitat fragmentation"" OR ""habitat management"") OR (biofuel* OR biogas*) OR ((residential OR urban* OR cities OR housing OR commercial OR industrial OR touris* OR recreation*) AND (extent OR area OR cover* OR proportion* OR percentage*) AND (develop* OR expan* OR increas*)) OR (deforestation OR afforestation OR ""wood plantation*"" OR ""forest* plantation*"" OR ""pulp* plantation*"") OR ((aquaculture* OR agricultur* OR crop* OR ""cultivated area*"" OR farmland OR pasture) AND (develop* OR expan* OR increas* OR intensification OR extensification OR abandon* OR chang*)) OR (livestock AND (farm* OR ranch* OR graz* OR densit*)) OR (energy AND (drill* OR min* OR quarry*)) OR (((transport* OR service) AND (network* OR corridor* OR infrastructure*)) OR road* OR rail* OR ""ship* lane*"" OR ""flight path*"") OR (""system* modification*"" OR (dams OR (water AND (management OR use)))))) AND ((((invasive OR invasion) AND (alien OR exotic OR non-native OR pest* OR disease) AND species) OR ""biological invasion*"" OR (introduc* AND (species OR material))))",Species populations,Proportion of fish stocks within biologically sustainable levels,"fish* AND stock* AND (""sustainab*"" OR safe)","TS=((fish* AND stock* AND (""sustainab*"" OR safe)) AND ((((""land use chang*"" OR ""land cover chang*"" OR ""land* system* chang*"" OR ""land* chang*"" OR ""land* degradation"" OR ""land* conversion"" OR ""land management"") OR ((marine OR ocean OR sea*) AND use AND change*) OR (""habitat loss*"" OR ""habitat degradation*"" OR ""habitat chang*"" OR ""habitat conversion"" OR ""habitat modification*"" OR ""habitat fragmentation"" OR ""habitat management"") OR (biofuel* OR biogas*) OR ((residential OR urban* OR cities OR housing OR commercial OR industrial OR touris* OR recreation*) AND (extent OR area OR cover* OR proportion* OR percentage*) AND (develop* OR expan* OR increas*)) OR (deforestation OR afforestation OR ""wood plantation*"" OR ""forest* plantation*"" OR ""pulp* plantation*"") OR ((aquaculture* OR agricultur* OR crop* OR ""cultivated area*"" OR farmland OR pasture) AND (develop* OR expan* OR increas* OR intensification OR extensification OR abandon* OR chang*)) OR (livestock AND (farm* OR ranch* OR graz* OR densit*)) OR (energy AND (drill* OR min* OR quarry*)) OR (((transport* OR service) AND (network* OR corridor* OR infrastructure*)) OR road* OR rail* OR ""ship* lane*"" OR ""flight path*"") OR (""system* modification*"" OR (dams OR (water AND (management OR use)))))) AND ((((invasive OR invasion) AND (alien OR exotic OR non-native OR pest* OR disease) AND species) OR ""biological invasion*"" OR (introduc* AND (species OR material))))) AND (que*bec OR canada OR montr*al or Saint-Lawrence or Bas-Saint-Laurent or Saguenay or Lac-Saint-Jean  or Capitale-Nationale or Mauricie or Estrie or Outaouais or Abitibi-T*miscamingue or C*te-Nord or Nord-du-Qu*bec or Gasp*sie–*les-de-la-Madeleine or Chaudi*re-Appalaches or Laval or Lanaudi*re or Laurentides or Mont*r*gie or Centre-du-Qu*bec))"
Land/sea use change,Invasive alien species,"(((""land use chang*"" OR ""land cover chang*"" OR ""land* system* chang*"" OR ""land* chang*"" OR ""land* degradation"" OR ""land* conversion"" OR ""land management"") OR ((marine OR ocean OR sea*) AND use AND change*) OR (""habitat loss*"" OR ""habitat degradation*"" OR ""habitat chang*"" OR ""habitat conversion"" OR ""habitat modification*"" OR ""habitat fragmentation"" OR ""habitat management"") OR (biofuel* OR biogas*) OR ((residential OR urban* OR cities OR housing OR commercial OR industrial OR touris* OR recreation*) AND (extent OR area OR cover* OR proportion* OR percentage*) AND (develop* OR expan* OR increas*)) OR (deforestation OR afforestation OR ""wood plantation*"" OR ""forest* plantation*"" OR ""pulp* plantation*"") OR ((aquaculture* OR agricultur* OR crop* OR ""cultivated area*"" OR farmland OR pasture) AND (develop* OR expan* OR increas* OR intensification OR extensification OR abandon* OR chang*)) OR (livestock AND (farm* OR ranch* OR graz* OR densit*)) OR (energy AND (drill* OR min* OR quarry*)) OR (((transport* OR service) AND (network* OR corridor* OR infrastructure*)) OR road* OR rail* OR ""ship* lane*"" OR ""flight path*"") OR (""system* modification*"" OR (dams OR (water AND (management OR use)))))) AND ((((invasive OR invasion) AND (alien OR exotic OR non-native OR pest* OR disease) AND species) OR ""biological invasion*"" OR (introduc* AND (species OR material))))",Species populations,Red list index,"""red list ind*""","TS=((""red list ind*"") AND ((((""land use chang*"" OR ""land cover chang*"" OR ""land* system* chang*"" OR ""land* chang*"" OR ""land* degradation"" OR ""land* conversion"" OR ""land management"") OR ((marine OR ocean OR sea*) AND use AND change*) OR (""habitat loss*"" OR ""habitat degradation*"" OR ""habitat chang*"" OR ""habitat conversion"" OR ""habitat modification*"" OR ""habitat fragmentation"" OR ""habitat management"") OR (biofuel* OR biogas*) OR ((residential OR urban* OR cities OR housing OR commercial OR industrial OR touris* OR recreation*) AND (extent OR area OR cover* OR proportion* OR percentage*) AND (develop* OR expan* OR increas*)) OR (deforestation OR afforestation OR ""wood plantation*"" OR ""forest* plantation*"" OR ""pulp* plantation*"") OR ((aquaculture* OR agricultur* OR crop* OR ""cultivated area*"" OR farmland OR pasture) AND (develop* OR expan* OR increas* OR intensification OR extensification OR abandon* OR chang*)) OR (livestock AND (farm* OR ranch* OR graz* OR densit*)) OR (energy AND (drill* OR min* OR quarry*)) OR (((transport* OR service) AND (network* OR corridor* OR infrastructure*)) OR road* OR rail* OR ""ship* lane*"" OR ""flight path*"") OR (""system* modification*"" OR (dams OR (water AND (management OR use)))))) AND ((((invasive OR invasion) AND (alien OR exotic OR non-native OR pest* OR disease) AND species) OR ""biological invasion*"" OR (introduc* AND (species OR material))))) AND (que*bec OR canada OR montr*al or Saint-Lawrence or Bas-Saint-Laurent or Saguenay or Lac-Saint-Jean  or Capitale-Nationale or Mauricie or Estrie or Outaouais or Abitibi-T*miscamingue or C*te-Nord or Nord-du-Qu*bec or Gasp*sie–*les-de-la-Madeleine or Chaudi*re-Appalaches or Laval or Lanaudi*re or Laurentides or Mont*r*gie or Centre-du-Qu*bec))"
Land/sea use change,Invasive alien species,"(((""land use chang*"" OR ""land cover chang*"" OR ""land* system* chang*"" OR ""land* chang*"" OR ""land* degradation"" OR ""land* conversion"" OR ""land management"") OR ((marine OR ocean OR sea*) AND use AND change*) OR (""habitat loss*"" OR ""habitat degradation*"" OR ""habitat chang*"" OR ""habitat conversion"" OR ""habitat modification*"" OR ""habitat fragmentation"" OR ""habitat management"") OR (biofuel* OR biogas*) OR ((residential OR urban* OR cities OR housing OR commercial OR industrial OR touris* OR recreation*) AND (extent OR area OR cover* OR proportion* OR percentage*) AND (develop* OR expan* OR increas*)) OR (deforestation OR afforestation OR ""wood plantation*"" OR ""forest* plantation*"" OR ""pulp* plantation*"") OR ((aquaculture* OR agricultur* OR crop* OR ""cultivated area*"" OR farmland OR pasture) AND (develop* OR expan* OR increas* OR intensification OR extensification OR abandon* OR chang*)) OR (livestock AND (farm* OR ranch* OR graz* OR densit*)) OR (energy AND (drill* OR min* OR quarry*)) OR (((transport* OR service) AND (network* OR corridor* OR infrastructure*)) OR road* OR rail* OR ""ship* lane*"" OR ""flight path*"") OR (""system* modification*"" OR (dams OR (water AND (management OR use)))))) AND ((((invasive OR invasion) AND (alien OR exotic OR non-native OR pest* OR disease) AND species) OR ""biological invasion*"" OR (introduc* AND (species OR material))))",Species populations,Wild bird index,"""wild bird ind*""","TS=((""wild bird ind*"") AND ((((""land use chang*"" OR ""land cover chang*"" OR ""land* system* chang*"" OR ""land* chang*"" OR ""land* degradation"" OR ""land* conversion"" OR ""land management"") OR ((marine OR ocean OR sea*) AND use AND change*) OR (""habitat loss*"" OR ""habitat degradation*"" OR ""habitat chang*"" OR ""habitat conversion"" OR ""habitat modification*"" OR ""habitat fragmentation"" OR ""habitat management"") OR (biofuel* OR biogas*) OR ((residential OR urban* OR cities OR housing OR commercial OR industrial OR touris* OR recreation*) AND (extent OR area OR cover* OR proportion* OR percentage*) AND (develop* OR expan* OR increas*)) OR (deforestation OR afforestation OR ""wood plantation*"" OR ""forest* plantation*"" OR ""pulp* plantation*"") OR ((aquaculture* OR agricultur* OR crop* OR ""cultivated area*"" OR farmland OR pasture) AND (develop* OR expan* OR increas* OR intensification OR extensification OR abandon* OR chang*)) OR (livestock AND (farm* OR ranch* OR graz* OR densit*)) OR (energy AND (drill* OR min* OR quarry*)) OR (((transport* OR service) AND (network* OR corridor* OR infrastructure*)) OR road* OR rail* OR ""ship* lane*"" OR ""flight path*"") OR (""system* modification*"" OR (dams OR (water AND (management OR use)))))) AND ((((invasive OR invasion) AND (alien OR exotic OR non-native OR pest* OR disease) AND species) OR ""biological invasion*"" OR (introduc* AND (species OR material))))) AND (que*bec OR canada OR montr*al or Saint-Lawrence or Bas-Saint-Laurent or Saguenay or Lac-Saint-Jean  or Capitale-Nationale or Mauricie or Estrie or Outaouais or Abitibi-T*miscamingue or C*te-Nord or Nord-du-Qu*bec or Gasp*sie–*les-de-la-Madeleine or Chaudi*re-Appalaches or Laval or Lanaudi*re or Laurentides or Mont*r*gie or Centre-du-Qu*bec))"
Land/sea use change,Invasive alien species,"(((""land use chang*"" OR ""land cover chang*"" OR ""land* system* chang*"" OR ""land* chang*"" OR ""land* degradation"" OR ""land* conversion"" OR ""land management"") OR ((marine OR ocean OR sea*) AND use AND change*) OR (""habitat loss*"" OR ""habitat degradation*"" OR ""habitat chang*"" OR ""habitat conversion"" OR ""habitat modification*"" OR ""habitat fragmentation"" OR ""habitat management"") OR (biofuel* OR biogas*) OR ((residential OR urban* OR cities OR housing OR commercial OR industrial OR touris* OR recreation*) AND (extent OR area OR cover* OR proportion* OR percentage*) AND (develop* OR expan* OR increas*)) OR (deforestation OR afforestation OR ""wood plantation*"" OR ""forest* plantation*"" OR ""pulp* plantation*"") OR ((aquaculture* OR agricultur* OR crop* OR ""cultivated area*"" OR farmland OR pasture) AND (develop* OR expan* OR increas* OR intensification OR extensification OR abandon* OR chang*)) OR (livestock AND (farm* OR ranch* OR graz* OR densit*)) OR (energy AND (drill* OR min* OR quarry*)) OR (((transport* OR service) AND (network* OR corridor* OR infrastructure*)) OR road* OR rail* OR ""ship* lane*"" OR ""flight path*"") OR (""system* modification*"" OR (dams OR (water AND (management OR use)))))) AND ((((invasive OR invasion) AND (alien OR exotic OR non-native OR pest* OR disease) AND species) OR ""biological invasion*"" OR (introduc* AND (species OR material))))",Species traits,Mean length of fish,"(""mean length*"" OR ""average length*"") AND fish*","TS=(((""mean length*"" OR ""average length*"") AND fish*) AND ((((""land use chang*"" OR ""land cover chang*"" OR ""land* system* chang*"" OR ""land* chang*"" OR ""land* degradation"" OR ""land* conversion"" OR ""land management"") OR ((marine OR ocean OR sea*) AND use AND change*) OR (""habitat loss*"" OR ""habitat degradation*"" OR ""habitat chang*"" OR ""habitat conversion"" OR ""habitat modification*"" OR ""habitat fragmentation"" OR ""habitat management"") OR (biofuel* OR biogas*) OR ((residential OR urban* OR cities OR housing OR commercial OR industrial OR touris* OR recreation*) AND (extent OR area OR cover* OR proportion* OR percentage*) AND (develop* OR expan* OR increas*)) OR (deforestation OR afforestation OR ""wood plantation*"" OR ""forest* plantation*"" OR ""pulp* plantation*"") OR ((aquaculture* OR agricultur* OR crop* OR ""cultivated area*"" OR farmland OR pasture) AND (develop* OR expan* OR increas* OR intensification OR extensification OR abandon* OR chang*)) OR (livestock AND (farm* OR ranch* OR graz* OR densit*)) OR (energy AND (drill* OR min* OR quarry*)) OR (((transport* OR service) AND (network* OR corridor* OR infrastructure*)) OR road* OR rail* OR ""ship* lane*"" OR ""flight path*"") OR (""system* modification*"" OR (dams OR (water AND (management OR use)))))) AND ((((invasive OR invasion) AND (alien OR exotic OR non-native OR pest* OR disease) AND species) OR ""biological invasion*"" OR (introduc* AND (species OR material))))) AND (que*bec OR canada OR montr*al or Saint-Lawrence or Bas-Saint-Laurent or Saguenay or Lac-Saint-Jean  or Capitale-Nationale or Mauricie or Estrie or Outaouais or Abitibi-T*miscamingue or C*te-Nord or Nord-du-Qu*bec or Gasp*sie–*les-de-la-Madeleine or Chaudi*re-Appalaches or Laval or Lanaudi*re or Laurentides or Mont*r*gie or Centre-du-Qu*bec))"
Land/sea use change,Invasive alien species,"(((""land use chang*"" OR ""land cover chang*"" OR ""land* system* chang*"" OR ""land* chang*"" OR ""land* degradation"" OR ""land* conversion"" OR ""land management"") OR ((marine OR ocean OR sea*) AND use AND change*) OR (""habitat loss*"" OR ""habitat degradation*"" OR ""habitat chang*"" OR ""habitat conversion"" OR ""habitat modification*"" OR ""habitat fragmentation"" OR ""habitat management"") OR (biofuel* OR biogas*) OR ((residential OR urban* OR cities OR housing OR commercial OR industrial OR touris* OR recreation*) AND (extent OR area OR cover* OR proportion* OR percentage*) AND (develop* OR expan* OR increas*)) OR (deforestation OR afforestation OR ""wood plantation*"" OR ""forest* plantation*"" OR ""pulp* plantation*"") OR ((aquaculture* OR agricultur* OR crop* OR ""cultivated area*"" OR farmland OR pasture) AND (develop* OR expan* OR increas* OR intensification OR extensification OR abandon* OR chang*)) OR (livestock AND (farm* OR ranch* OR graz* OR densit*)) OR (energy AND (drill* OR min* OR quarry*)) OR (((transport* OR service) AND (network* OR corridor* OR infrastructure*)) OR road* OR rail* OR ""ship* lane*"" OR ""flight path*"") OR (""system* modification*"" OR (dams OR (water AND (management OR use)))))) AND ((((invasive OR invasion) AND (alien OR exotic OR non-native OR pest* OR disease) AND species) OR ""biological invasion*"" OR (introduc* AND (species OR material))))",Species traits,Proportion of predatory fish,"(proportion OR ratio OR percentage) AND ""predator* fish*""","TS=(((proportion OR ratio OR percentage) AND ""predator* fish*"") AND ((((""land use chang*"" OR ""land cover chang*"" OR ""land* system* chang*"" OR ""land* chang*"" OR ""land* degradation"" OR ""land* conversion"" OR ""land management"") OR ((marine OR ocean OR sea*) AND use AND change*) OR (""habitat loss*"" OR ""habitat degradation*"" OR ""habitat chang*"" OR ""habitat conversion"" OR ""habitat modification*"" OR ""habitat fragmentation"" OR ""habitat management"") OR (biofuel* OR biogas*) OR ((residential OR urban* OR cities OR housing OR commercial OR industrial OR touris* OR recreation*) AND (extent OR area OR cover* OR proportion* OR percentage*) AND (develop* OR expan* OR increas*)) OR (deforestation OR afforestation OR ""wood plantation*"" OR ""forest* plantation*"" OR ""pulp* plantation*"") OR ((aquaculture* OR agricultur* OR crop* OR ""cultivated area*"" OR farmland OR pasture) AND (develop* OR expan* OR increas* OR intensification OR extensification OR abandon* OR chang*)) OR (livestock AND (farm* OR ranch* OR graz* OR densit*)) OR (energy AND (drill* OR min* OR quarry*)) OR (((transport* OR service) AND (network* OR corridor* OR infrastructure*)) OR road* OR rail* OR ""ship* lane*"" OR ""flight path*"") OR (""system* modification*"" OR (dams OR (water AND (management OR use)))))) AND ((((invasive OR invasion) AND (alien OR exotic OR non-native OR pest* OR disease) AND species) OR ""biological invasion*"" OR (introduc* AND (species OR material))))) AND (que*bec OR canada OR montr*al or Saint-Lawrence or Bas-Saint-Laurent or Saguenay or Lac-Saint-Jean  or Capitale-Nationale or Mauricie or Estrie or Outaouais or Abitibi-T*miscamingue or C*te-Nord or Nord-du-Qu*bec or Gasp*sie–*les-de-la-Madeleine or Chaudi*re-Appalaches or Laval or Lanaudi*re or Laurentides or Mont*r*gie or Centre-du-Qu*bec))"
Direct exploitation of natural resources,Climate change,"((((((natur* AND resource*) OR material* OR (biomass OR ""fossil fuel*"" OR ore* OR mineral*)) OR ((biological AND resource*) OR wildlife OR animal* OR plant* OR population*) OR water) AND ((overextraction OR overexploitation) OR (extraction OR exploitation OR withdraw*) OR depletion OR (hunting OR collect* OR gather* OR poaching OR ""bush meat*""))) OR ((forest* OR wood OR timber*) AND (harvest* OR logging*)) OR (soil* AND (erosion OR acidification OR degradation)) OR (fisher* OR fishing OR (bycatch OR by-catch)))) AND ((""climat* change"" OR ""chang* climat*"" OR (""increase* temperature*"" OR ""thermal alteration"" OR ""global warming"") OR (chang* AND precipitation*) OR ((extreme OR severe) AND (weather OR temperature OR precipitation OR climat*)) OR heatwave* OR drought* OR storm* OR flood* OR (UV OR ultraviolet) OR ""sea level rise"" OR ""soil salinization"" OR (""habitat shift*"" AND climate) OR (""habitat alteration"" AND climate) OR ((consumptive OR human OR agricultural) AND ""water stress"")))",Community composition,NA,"(((communit* OR assemblage* OR taxonom* OR species) AND (dominance* OR richness OR turnover OR diversit* OR composition OR similarit)) OR (""species interaction"" OR ""biotic interaction*""))","TS=(((((communit* OR assemblage* OR taxonom* OR species) AND (dominance* OR richness OR turnover OR diversit* OR composition OR similarit)) OR (""species interaction"" OR ""biotic interaction*""))) AND (((((((natur* AND resource*) OR material* OR (biomass OR ""fossil fuel*"" OR ore* OR mineral*)) OR ((biological AND resource*) OR wildlife OR animal* OR plant* OR population*) OR water) AND ((overextraction OR overexploitation) OR (extraction OR exploitation OR withdraw*) OR depletion OR (hunting OR collect* OR gather* OR poaching OR ""bush meat*""))) OR ((forest* OR wood OR timber*) AND (harvest* OR logging*)) OR (soil* AND (erosion OR acidification OR degradation)) OR (fisher* OR fishing OR (bycatch OR by-catch)))) AND ((""climat* change"" OR ""chang* climat*"" OR (""increase* temperature*"" OR ""thermal alteration"" OR ""global warming"") OR (chang* AND precipitation*) OR ((extreme OR severe) AND (weather OR temperature OR precipitation OR climat*)) OR heatwave* OR drought* OR storm* OR flood* OR (UV OR ultraviolet) OR ""sea level rise"" OR ""soil salinization"" OR (""habitat shift*"" AND climate) OR (""habitat alteration"" AND climate) OR ((consumptive OR human OR agricultural) AND ""water stress"")))) AND (que*bec OR canada OR montr*al or Saint-Lawrence or Bas-Saint-Laurent or Saguenay or Lac-Saint-Jean  or Capitale-Nationale or Mauricie or Estrie or Outaouais or Abitibi-T*miscamingue or C*te-Nord or Nord-du-Qu*bec or Gasp*sie–*les-de-la-Madeleine or Chaudi*re-Appalaches or Laval or Lanaudi*re or Laurentides or Mont*r*gie or Centre-du-Qu*bec))"
Direct exploitation of natural resources,Climate change,"((((((natur* AND resource*) OR material* OR (biomass OR ""fossil fuel*"" OR ore* OR mineral*)) OR ((biological AND resource*) OR wildlife OR animal* OR plant* OR population*) OR water) AND ((overextraction OR overexploitation) OR (extraction OR exploitation OR withdraw*) OR depletion OR (hunting OR collect* OR gather* OR poaching OR ""bush meat*""))) OR ((forest* OR wood OR timber*) AND (harvest* OR logging*)) OR (soil* AND (erosion OR acidification OR degradation)) OR (fisher* OR fishing OR (bycatch OR by-catch)))) AND ((""climat* change"" OR ""chang* climat*"" OR (""increase* temperature*"" OR ""thermal alteration"" OR ""global warming"") OR (chang* AND precipitation*) OR ((extreme OR severe) AND (weather OR temperature OR precipitation OR climat*)) OR heatwave* OR drought* OR storm* OR flood* OR (UV OR ultraviolet) OR ""sea level rise"" OR ""soil salinization"" OR (""habitat shift*"" AND climate) OR (""habitat alteration"" AND climate) OR ((consumptive OR human OR agricultural) AND ""water stress"")))",Ecosystem function,NA,"(""ecosystem function"" OR ""net primary productivity"" OR ""secondary productivity"" OR ""nutrient retention"" OR ""disturbance regime"" OR ""carbon sequestration"")","TS=(((""ecosystem function"" OR ""net primary productivity"" OR ""secondary productivity"" OR ""nutrient retention"" OR ""disturbance regime"" OR ""carbon sequestration"")) AND (((((((natur* AND resource*) OR material* OR (biomass OR ""fossil fuel*"" OR ore* OR mineral*)) OR ((biological AND resource*) OR wildlife OR animal* OR plant* OR population*) OR water) AND ((overextraction OR overexploitation) OR (extraction OR exploitation OR withdraw*) OR depletion OR (hunting OR collect* OR gather* OR poaching OR ""bush meat*""))) OR ((forest* OR wood OR timber*) AND (harvest* OR logging*)) OR (soil* AND (erosion OR acidification OR degradation)) OR (fisher* OR fishing OR (bycatch OR by-catch)))) AND ((""climat* change"" OR ""chang* climat*"" OR (""increase* temperature*"" OR ""thermal alteration"" OR ""global warming"") OR (chang* AND precipitation*) OR ((extreme OR severe) AND (weather OR temperature OR precipitation OR climat*)) OR heatwave* OR drought* OR storm* OR flood* OR (UV OR ultraviolet) OR ""sea level rise"" OR ""soil salinization"" OR (""habitat shift*"" AND climate) OR (""habitat alteration"" AND climate) OR ((consumptive OR human OR agricultural) AND ""water stress"")))) AND (que*bec OR canada OR montr*al or Saint-Lawrence or Bas-Saint-Laurent or Saguenay or Lac-Saint-Jean  or Capitale-Nationale or Mauricie or Estrie or Outaouais or Abitibi-T*miscamingue or C*te-Nord or Nord-du-Qu*bec or Gasp*sie–*les-de-la-Madeleine or Chaudi*re-Appalaches or Laval or Lanaudi*re or Laurentides or Mont*r*gie or Centre-du-Qu*bec))"
Direct exploitation of natural resources,Climate change,"((((((natur* AND resource*) OR material* OR (biomass OR ""fossil fuel*"" OR ore* OR mineral*)) OR ((biological AND resource*) OR wildlife OR animal* OR plant* OR population*) OR water) AND ((overextraction OR overexploitation) OR (extraction OR exploitation OR withdraw*) OR depletion OR (hunting OR collect* OR gather* OR poaching OR ""bush meat*""))) OR ((forest* OR wood OR timber*) AND (harvest* OR logging*)) OR (soil* AND (erosion OR acidification OR degradation)) OR (fisher* OR fishing OR (bycatch OR by-catch)))) AND ((""climat* change"" OR ""chang* climat*"" OR (""increase* temperature*"" OR ""thermal alteration"" OR ""global warming"") OR (chang* AND precipitation*) OR ((extreme OR severe) AND (weather OR temperature OR precipitation OR climat*)) OR heatwave* OR drought* OR storm* OR flood* OR (UV OR ultraviolet) OR ""sea level rise"" OR ""soil salinization"" OR (""habitat shift*"" AND climate) OR (""habitat alteration"" AND climate) OR ((consumptive OR human OR agricultural) AND ""water stress"")))",Ecosystem structure,NA,"(""ecosystem* structure"" OR ""habitat structure"" OR ((ecosystem OR habitat*) AND ((extent OR area OR coverage OR proportion) AND fragmentation)) OR ((ecosystem OR landscape) AND composition AND ""functional type""))","TS=(((""ecosystem* structure"" OR ""habitat structure"" OR ((ecosystem OR habitat*) AND ((extent OR area OR coverage OR proportion) AND fragmentation)) OR ((ecosystem OR landscape) AND composition AND ""functional type""))) AND (((((((natur* AND resource*) OR material* OR (biomass OR ""fossil fuel*"" OR ore* OR mineral*)) OR ((biological AND resource*) OR wildlife OR animal* OR plant* OR population*) OR water) AND ((overextraction OR overexploitation) OR (extraction OR exploitation OR withdraw*) OR depletion OR (hunting OR collect* OR gather* OR poaching OR ""bush meat*""))) OR ((forest* OR wood OR timber*) AND (harvest* OR logging*)) OR (soil* AND (erosion OR acidification OR degradation)) OR (fisher* OR fishing OR (bycatch OR by-catch)))) AND ((""climat* change"" OR ""chang* climat*"" OR (""increase* temperature*"" OR ""thermal alteration"" OR ""global warming"") OR (chang* AND precipitation*) OR ((extreme OR severe) AND (weather OR temperature OR precipitation OR climat*)) OR heatwave* OR drought* OR storm* OR flood* OR (UV OR ultraviolet) OR ""sea level rise"" OR ""soil salinization"" OR (""habitat shift*"" AND climate) OR (""habitat alteration"" AND climate) OR ((consumptive OR human OR agricultural) AND ""water stress"")))) AND (que*bec OR canada OR montr*al or Saint-Lawrence or Bas-Saint-Laurent or Saguenay or Lac-Saint-Jean  or Capitale-Nationale or Mauricie or Estrie or Outaouais or Abitibi-T*miscamingue or C*te-Nord or Nord-du-Qu*bec or Gasp*sie–*les-de-la-Madeleine or Chaudi*re-Appalaches or Laval or Lanaudi*re or Laurentides or Mont*r*gie or Centre-du-Qu*bec))"
Direct exploitation of natural resources,Climate change,"((((((natur* AND resource*) OR material* OR (biomass OR ""fossil fuel*"" OR ore* OR mineral*)) OR ((biological AND resource*) OR wildlife OR animal* OR plant* OR population*) OR water) AND ((overextraction OR overexploitation) OR (extraction OR exploitation OR withdraw*) OR depletion OR (hunting OR collect* OR gather* OR poaching OR ""bush meat*""))) OR ((forest* OR wood OR timber*) AND (harvest* OR logging*)) OR (soil* AND (erosion OR acidification OR degradation)) OR (fisher* OR fishing OR (bycatch OR by-catch)))) AND ((""climat* change"" OR ""chang* climat*"" OR (""increase* temperature*"" OR ""thermal alteration"" OR ""global warming"") OR (chang* AND precipitation*) OR ((extreme OR severe) AND (weather OR temperature OR precipitation OR climat*)) OR heatwave* OR drought* OR storm* OR flood* OR (UV OR ultraviolet) OR ""sea level rise"" OR ""soil salinization"" OR (""habitat shift*"" AND climate) OR (""habitat alteration"" AND climate) OR ((consumptive OR human OR agricultural) AND ""water stress"")))",Genetic composition,NA,"(""genetic* composition"" OR (co-ancestr* OR coancestr) OR ""allel diversit"" OR ""phylogenetic diversit"" OR (""population diversit"" OR (population AND ""genetic differen"")) OR ((breed OR variet) AND diversit) OR ""intra-specific diversit"" OR ""genetic diversit"" OR ""genetic variation"")","TS=(((""genetic* composition"" OR (co-ancestr* OR coancestr) OR ""allel diversit"" OR ""phylogenetic diversit"" OR (""population diversit"" OR (population AND ""genetic differen"")) OR ((breed OR variet) AND diversit) OR ""intra-specific diversit"" OR ""genetic diversit"" OR ""genetic variation"")) AND (((((((natur* AND resource*) OR material* OR (biomass OR ""fossil fuel*"" OR ore* OR mineral*)) OR ((biological AND resource*) OR wildlife OR animal* OR plant* OR population*) OR water) AND ((overextraction OR overexploitation) OR (extraction OR exploitation OR withdraw*) OR depletion OR (hunting OR collect* OR gather* OR poaching OR ""bush meat*""))) OR ((forest* OR wood OR timber*) AND (harvest* OR logging*)) OR (soil* AND (erosion OR acidification OR degradation)) OR (fisher* OR fishing OR (bycatch OR by-catch)))) AND ((""climat* change"" OR ""chang* climat*"" OR (""increase* temperature*"" OR ""thermal alteration"" OR ""global warming"") OR (chang* AND precipitation*) OR ((extreme OR severe) AND (weather OR temperature OR precipitation OR climat*)) OR heatwave* OR drought* OR storm* OR flood* OR (UV OR ultraviolet) OR ""sea level rise"" OR ""soil salinization"" OR (""habitat shift*"" AND climate) OR (""habitat alteration"" AND climate) OR ((consumptive OR human OR agricultural) AND ""water stress"")))) AND (que*bec OR canada OR montr*al or Saint-Lawrence or Bas-Saint-Laurent or Saguenay or Lac-Saint-Jean  or Capitale-Nationale or Mauricie or Estrie or Outaouais or Abitibi-T*miscamingue or C*te-Nord or Nord-du-Qu*bec or Gasp*sie–*les-de-la-Madeleine or Chaudi*re-Appalaches or Laval or Lanaudi*re or Laurentides or Mont*r*gie or Centre-du-Qu*bec))"
Direct exploitation of natural resources,Climate change,"((((((natur* AND resource*) OR material* OR (biomass OR ""fossil fuel*"" OR ore* OR mineral*)) OR ((biological AND resource*) OR wildlife OR animal* OR plant* OR population*) OR water) AND ((overextraction OR overexploitation) OR (extraction OR exploitation OR withdraw*) OR depletion OR (hunting OR collect* OR gather* OR poaching OR ""bush meat*""))) OR ((forest* OR wood OR timber*) AND (harvest* OR logging*)) OR (soil* AND (erosion OR acidification OR degradation)) OR (fisher* OR fishing OR (bycatch OR by-catch)))) AND ((""climat* change"" OR ""chang* climat*"" OR (""increase* temperature*"" OR ""thermal alteration"" OR ""global warming"") OR (chang* AND precipitation*) OR ((extreme OR severe) AND (weather OR temperature OR precipitation OR climat*)) OR heatwave* OR drought* OR storm* OR flood* OR (UV OR ultraviolet) OR ""sea level rise"" OR ""soil salinization"" OR (""habitat shift*"" AND climate) OR (""habitat alteration"" AND climate) OR ((consumptive OR human OR agricultural) AND ""water stress"")))",Species populations,NA,(species OR population) AND ((distribution OR range) OR (abundance OR size* OR densit* OR demograph* OR dynamic* OR reproduct* OR surviv* OR growth OR persistence OR viab*) OR (structure AND (age OR size))),"TS=(((species OR population) AND ((distribution OR range) OR (abundance OR size* OR densit* OR demograph* OR dynamic* OR reproduct* OR surviv* OR growth OR persistence OR viab*) OR (structure AND (age OR size)))) AND (((((((natur* AND resource*) OR material* OR (biomass OR ""fossil fuel*"" OR ore* OR mineral*)) OR ((biological AND resource*) OR wildlife OR animal* OR plant* OR population*) OR water) AND ((overextraction OR overexploitation) OR (extraction OR exploitation OR withdraw*) OR depletion OR (hunting OR collect* OR gather* OR poaching OR ""bush meat*""))) OR ((forest* OR wood OR timber*) AND (harvest* OR logging*)) OR (soil* AND (erosion OR acidification OR degradation)) OR (fisher* OR fishing OR (bycatch OR by-catch)))) AND ((""climat* change"" OR ""chang* climat*"" OR (""increase* temperature*"" OR ""thermal alteration"" OR ""global warming"") OR (chang* AND precipitation*) OR ((extreme OR severe) AND (weather OR temperature OR precipitation OR climat*)) OR heatwave* OR drought* OR storm* OR flood* OR (UV OR ultraviolet) OR ""sea level rise"" OR ""soil salinization"" OR (""habitat shift*"" AND climate) OR (""habitat alteration"" AND climate) OR ((consumptive OR human OR agricultural) AND ""water stress"")))) AND (que*bec OR canada OR montr*al or Saint-Lawrence or Bas-Saint-Laurent or Saguenay or Lac-Saint-Jean  or Capitale-Nationale or Mauricie or Estrie or Outaouais or Abitibi-T*miscamingue or C*te-Nord or Nord-du-Qu*bec or Gasp*sie–*les-de-la-Madeleine or Chaudi*re-Appalaches or Laval or Lanaudi*re or Laurentides or Mont*r*gie or Centre-du-Qu*bec))"
Direct exploitation of natural resources,Climate change,"((((((natur* AND resource*) OR material* OR (biomass OR ""fossil fuel*"" OR ore* OR mineral*)) OR ((biological AND resource*) OR wildlife OR animal* OR plant* OR population*) OR water) AND ((overextraction OR overexploitation) OR (extraction OR exploitation OR withdraw*) OR depletion OR (hunting OR collect* OR gather* OR poaching OR ""bush meat*""))) OR ((forest* OR wood OR timber*) AND (harvest* OR logging*)) OR (soil* AND (erosion OR acidification OR degradation)) OR (fisher* OR fishing OR (bycatch OR by-catch)))) AND ((""climat* change"" OR ""chang* climat*"" OR (""increase* temperature*"" OR ""thermal alteration"" OR ""global warming"") OR (chang* AND precipitation*) OR ((extreme OR severe) AND (weather OR temperature OR precipitation OR climat*)) OR heatwave* OR drought* OR storm* OR flood* OR (UV OR ultraviolet) OR ""sea level rise"" OR ""soil salinization"" OR (""habitat shift*"" AND climate) OR (""habitat alteration"" AND climate) OR ((consumptive OR human OR agricultural) AND ""water stress"")))",Species traits,NA,"((""ecological trait"" OR ""biological trait"" OR ""species trait"") OR (""body mass"" OR ""body size"") OR ""natal dispers"" OR ((migrat* OR dispers* OR demograph* OR physiolog* OR life-history* OR phenolog) AND (trait OR behav* OR attribute OR feature)))","TS=((((""ecological trait"" OR ""biological trait"" OR ""species trait"") OR (""body mass"" OR ""body size"") OR ""natal dispers"" OR ((migrat* OR dispers* OR demograph* OR physiolog* OR life-history* OR phenolog) AND (trait OR behav* OR attribute OR feature)))) AND (((((((natur* AND resource*) OR material* OR (biomass OR ""fossil fuel*"" OR ore* OR mineral*)) OR ((biological AND resource*) OR wildlife OR animal* OR plant* OR population*) OR water) AND ((overextraction OR overexploitation) OR (extraction OR exploitation OR withdraw*) OR depletion OR (hunting OR collect* OR gather* OR poaching OR ""bush meat*""))) OR ((forest* OR wood OR timber*) AND (harvest* OR logging*)) OR (soil* AND (erosion OR acidification OR degradation)) OR (fisher* OR fishing OR (bycatch OR by-catch)))) AND ((""climat* change"" OR ""chang* climat*"" OR (""increase* temperature*"" OR ""thermal alteration"" OR ""global warming"") OR (chang* AND precipitation*) OR ((extreme OR severe) AND (weather OR temperature OR precipitation OR climat*)) OR heatwave* OR drought* OR storm* OR flood* OR (UV OR ultraviolet) OR ""sea level rise"" OR ""soil salinization"" OR (""habitat shift*"" AND climate) OR (""habitat alteration"" AND climate) OR ((consumptive OR human OR agricultural) AND ""water stress"")))) AND (que*bec OR canada OR montr*al or Saint-Lawrence or Bas-Saint-Laurent or Saguenay or Lac-Saint-Jean  or Capitale-Nationale or Mauricie or Estrie or Outaouais or Abitibi-T*miscamingue or C*te-Nord or Nord-du-Qu*bec or Gasp*sie–*les-de-la-Madeleine or Chaudi*re-Appalaches or Laval or Lanaudi*re or Laurentides or Mont*r*gie or Centre-du-Qu*bec))"
Direct exploitation of natural resources,Climate change,"((((((natur* AND resource*) OR material* OR (biomass OR ""fossil fuel*"" OR ore* OR mineral*)) OR ((biological AND resource*) OR wildlife OR animal* OR plant* OR population*) OR water) AND ((overextraction OR overexploitation) OR (extraction OR exploitation OR withdraw*) OR depletion OR (hunting OR collect* OR gather* OR poaching OR ""bush meat*""))) OR ((forest* OR wood OR timber*) AND (harvest* OR logging*)) OR (soil* AND (erosion OR acidification OR degradation)) OR (fisher* OR fishing OR (bycatch OR by-catch)))) AND ((""climat* change"" OR ""chang* climat*"" OR (""increase* temperature*"" OR ""thermal alteration"" OR ""global warming"") OR (chang* AND precipitation*) OR ((extreme OR severe) AND (weather OR temperature OR precipitation OR climat*)) OR heatwave* OR drought* OR storm* OR flood* OR (UV OR ultraviolet) OR ""sea level rise"" OR ""soil salinization"" OR (""habitat shift*"" AND climate) OR (""habitat alteration"" AND climate) OR ((consumptive OR human OR agricultural) AND ""water stress"")))",Community composition,Global bird species richness,"(global OR world*) AND bird* AND ""species richness""","TS=(((global OR world*) AND bird* AND ""species richness"") AND (((((((natur* AND resource*) OR material* OR (biomass OR ""fossil fuel*"" OR ore* OR mineral*)) OR ((biological AND resource*) OR wildlife OR animal* OR plant* OR population*) OR water) AND ((overextraction OR overexploitation) OR (extraction OR exploitation OR withdraw*) OR depletion OR (hunting OR collect* OR gather* OR poaching OR ""bush meat*""))) OR ((forest* OR wood OR timber*) AND (harvest* OR logging*)) OR (soil* AND (erosion OR acidification OR degradation)) OR (fisher* OR fishing OR (bycatch OR by-catch)))) AND ((""climat* change"" OR ""chang* climat*"" OR (""increase* temperature*"" OR ""thermal alteration"" OR ""global warming"") OR (chang* AND precipitation*) OR ((extreme OR severe) AND (weather OR temperature OR precipitation OR climat*)) OR heatwave* OR drought* OR storm* OR flood* OR (UV OR ultraviolet) OR ""sea level rise"" OR ""soil salinization"" OR (""habitat shift*"" AND climate) OR (""habitat alteration"" AND climate) OR ((consumptive OR human OR agricultural) AND ""water stress"")))) AND (que*bec OR canada OR montr*al or Saint-Lawrence or Bas-Saint-Laurent or Saguenay or Lac-Saint-Jean  or Capitale-Nationale or Mauricie or Estrie or Outaouais or Abitibi-T*miscamingue or C*te-Nord or Nord-du-Qu*bec or Gasp*sie–*les-de-la-Madeleine or Chaudi*re-Appalaches or Laval or Lanaudi*re or Laurentides or Mont*r*gie or Centre-du-Qu*bec))"
Direct exploitation of natural resources,Climate change,"((((((natur* AND resource*) OR material* OR (biomass OR ""fossil fuel*"" OR ore* OR mineral*)) OR ((biological AND resource*) OR wildlife OR animal* OR plant* OR population*) OR water) AND ((overextraction OR overexploitation) OR (extraction OR exploitation OR withdraw*) OR depletion OR (hunting OR collect* OR gather* OR poaching OR ""bush meat*""))) OR ((forest* OR wood OR timber*) AND (harvest* OR logging*)) OR (soil* AND (erosion OR acidification OR degradation)) OR (fisher* OR fishing OR (bycatch OR by-catch)))) AND ((""climat* change"" OR ""chang* climat*"" OR (""increase* temperature*"" OR ""thermal alteration"" OR ""global warming"") OR (chang* AND precipitation*) OR ((extreme OR severe) AND (weather OR temperature OR precipitation OR climat*)) OR heatwave* OR drought* OR storm* OR flood* OR (UV OR ultraviolet) OR ""sea level rise"" OR ""soil salinization"" OR (""habitat shift*"" AND climate) OR (""habitat alteration"" AND climate) OR ((consumptive OR human OR agricultural) AND ""water stress"")))",Community composition,Local species richness,"((species OR assemblage*) AND (richness OR diversit*) AND (local OR location* OR sample*)) AND (global OR world*) AND (""time series"" OR ""time-series"" OR temporal)","TS=((((species OR assemblage*) AND (richness OR diversit*) AND (local OR location* OR sample*)) AND (global OR world*) AND (""time series"" OR ""time-series"" OR temporal)) AND (((((((natur* AND resource*) OR material* OR (biomass OR ""fossil fuel*"" OR ore* OR mineral*)) OR ((biological AND resource*) OR wildlife OR animal* OR plant* OR population*) OR water) AND ((overextraction OR overexploitation) OR (extraction OR exploitation OR withdraw*) OR depletion OR (hunting OR collect* OR gather* OR poaching OR ""bush meat*""))) OR ((forest* OR wood OR timber*) AND (harvest* OR logging*)) OR (soil* AND (erosion OR acidification OR degradation)) OR (fisher* OR fishing OR (bycatch OR by-catch)))) AND ((""climat* change"" OR ""chang* climat*"" OR (""increase* temperature*"" OR ""thermal alteration"" OR ""global warming"") OR (chang* AND precipitation*) OR ((extreme OR severe) AND (weather OR temperature OR precipitation OR climat*)) OR heatwave* OR drought* OR storm* OR flood* OR (UV OR ultraviolet) OR ""sea level rise"" OR ""soil salinization"" OR (""habitat shift*"" AND climate) OR (""habitat alteration"" AND climate) OR ((consumptive OR human OR agricultural) AND ""water stress"")))) AND (que*bec OR canada OR montr*al or Saint-Lawrence or Bas-Saint-Laurent or Saguenay or Lac-Saint-Jean  or Capitale-Nationale or Mauricie or Estrie or Outaouais or Abitibi-T*miscamingue or C*te-Nord or Nord-du-Qu*bec or Gasp*sie–*les-de-la-Madeleine or Chaudi*re-Appalaches or Laval or Lanaudi*re or Laurentides or Mont*r*gie or Centre-du-Qu*bec))"
Direct exploitation of natural resources,Climate change,"((((((natur* AND resource*) OR material* OR (biomass OR ""fossil fuel*"" OR ore* OR mineral*)) OR ((biological AND resource*) OR wildlife OR animal* OR plant* OR population*) OR water) AND ((overextraction OR overexploitation) OR (extraction OR exploitation OR withdraw*) OR depletion OR (hunting OR collect* OR gather* OR poaching OR ""bush meat*""))) OR ((forest* OR wood OR timber*) AND (harvest* OR logging*)) OR (soil* AND (erosion OR acidification OR degradation)) OR (fisher* OR fishing OR (bycatch OR by-catch)))) AND ((""climat* change"" OR ""chang* climat*"" OR (""increase* temperature*"" OR ""thermal alteration"" OR ""global warming"") OR (chang* AND precipitation*) OR ((extreme OR severe) AND (weather OR temperature OR precipitation OR climat*)) OR heatwave* OR drought* OR storm* OR flood* OR (UV OR ultraviolet) OR ""sea level rise"" OR ""soil salinization"" OR (""habitat shift*"" AND climate) OR (""habitat alteration"" AND climate) OR ((consumptive OR human OR agricultural) AND ""water stress"")))",Community composition,Local species turnover,"((species OR assemblage*) AND (turnover OR (composition* AND (change OR similarit*))) AND (local OR location* OR sample*)) AND (global OR world*) AND (""time series"" OR ""time-series"" OR temporal)","TS=((((species OR assemblage*) AND (turnover OR (composition* AND (change OR similarit*))) AND (local OR location* OR sample*)) AND (global OR world*) AND (""time series"" OR ""time-series"" OR temporal)) AND (((((((natur* AND resource*) OR material* OR (biomass OR ""fossil fuel*"" OR ore* OR mineral*)) OR ((biological AND resource*) OR wildlife OR animal* OR plant* OR population*) OR water) AND ((overextraction OR overexploitation) OR (extraction OR exploitation OR withdraw*) OR depletion OR (hunting OR collect* OR gather* OR poaching OR ""bush meat*""))) OR ((forest* OR wood OR timber*) AND (harvest* OR logging*)) OR (soil* AND (erosion OR acidification OR degradation)) OR (fisher* OR fishing OR (bycatch OR by-catch)))) AND ((""climat* change"" OR ""chang* climat*"" OR (""increase* temperature*"" OR ""thermal alteration"" OR ""global warming"") OR (chang* AND precipitation*) OR ((extreme OR severe) AND (weather OR temperature OR precipitation OR climat*)) OR heatwave* OR drought* OR storm* OR flood* OR (UV OR ultraviolet) OR ""sea level rise"" OR ""soil salinization"" OR (""habitat shift*"" AND climate) OR (""habitat alteration"" AND climate) OR ((consumptive OR human OR agricultural) AND ""water stress"")))) AND (que*bec OR canada OR montr*al or Saint-Lawrence or Bas-Saint-Laurent or Saguenay or Lac-Saint-Jean  or Capitale-Nationale or Mauricie or Estrie or Outaouais or Abitibi-T*miscamingue or C*te-Nord or Nord-du-Qu*bec or Gasp*sie–*les-de-la-Madeleine or Chaudi*re-Appalaches or Laval or Lanaudi*re or Laurentides or Mont*r*gie or Centre-du-Qu*bec))"
Direct exploitation of natural resources,Climate change,"((((((natur* AND resource*) OR material* OR (biomass OR ""fossil fuel*"" OR ore* OR mineral*)) OR ((biological AND resource*) OR wildlife OR animal* OR plant* OR population*) OR water) AND ((overextraction OR overexploitation) OR (extraction OR exploitation OR withdraw*) OR depletion OR (hunting OR collect* OR gather* OR poaching OR ""bush meat*""))) OR ((forest* OR wood OR timber*) AND (harvest* OR logging*)) OR (soil* AND (erosion OR acidification OR degradation)) OR (fisher* OR fishing OR (bycatch OR by-catch)))) AND ((""climat* change"" OR ""chang* climat*"" OR (""increase* temperature*"" OR ""thermal alteration"" OR ""global warming"") OR (chang* AND precipitation*) OR ((extreme OR severe) AND (weather OR temperature OR precipitation OR climat*)) OR heatwave* OR drought* OR storm* OR flood* OR (UV OR ultraviolet) OR ""sea level rise"" OR ""soil salinization"" OR (""habitat shift*"" AND climate) OR (""habitat alteration"" AND climate) OR ((consumptive OR human OR agricultural) AND ""water stress"")))",Community composition,Mean species abundance,"""mean species abundance"" OR GLOBIO","TS=((""mean species abundance"" OR GLOBIO) AND (((((((natur* AND resource*) OR material* OR (biomass OR ""fossil fuel*"" OR ore* OR mineral*)) OR ((biological AND resource*) OR wildlife OR animal* OR plant* OR population*) OR water) AND ((overextraction OR overexploitation) OR (extraction OR exploitation OR withdraw*) OR depletion OR (hunting OR collect* OR gather* OR poaching OR ""bush meat*""))) OR ((forest* OR wood OR timber*) AND (harvest* OR logging*)) OR (soil* AND (erosion OR acidification OR degradation)) OR (fisher* OR fishing OR (bycatch OR by-catch)))) AND ((""climat* change"" OR ""chang* climat*"" OR (""increase* temperature*"" OR ""thermal alteration"" OR ""global warming"") OR (chang* AND precipitation*) OR ((extreme OR severe) AND (weather OR temperature OR precipitation OR climat*)) OR heatwave* OR drought* OR storm* OR flood* OR (UV OR ultraviolet) OR ""sea level rise"" OR ""soil salinization"" OR (""habitat shift*"" AND climate) OR (""habitat alteration"" AND climate) OR ((consumptive OR human OR agricultural) AND ""water stress"")))) AND (que*bec OR canada OR montr*al or Saint-Lawrence or Bas-Saint-Laurent or Saguenay or Lac-Saint-Jean  or Capitale-Nationale or Mauricie or Estrie or Outaouais or Abitibi-T*miscamingue or C*te-Nord or Nord-du-Qu*bec or Gasp*sie–*les-de-la-Madeleine or Chaudi*re-Appalaches or Laval or Lanaudi*re or Laurentides or Mont*r*gie or Centre-du-Qu*bec))"
Direct exploitation of natural resources,Climate change,"((((((natur* AND resource*) OR material* OR (biomass OR ""fossil fuel*"" OR ore* OR mineral*)) OR ((biological AND resource*) OR wildlife OR animal* OR plant* OR population*) OR water) AND ((overextraction OR overexploitation) OR (extraction OR exploitation OR withdraw*) OR depletion OR (hunting OR collect* OR gather* OR poaching OR ""bush meat*""))) OR ((forest* OR wood OR timber*) AND (harvest* OR logging*)) OR (soil* AND (erosion OR acidification OR degradation)) OR (fisher* OR fishing OR (bycatch OR by-catch)))) AND ((""climat* change"" OR ""chang* climat*"" OR (""increase* temperature*"" OR ""thermal alteration"" OR ""global warming"") OR (chang* AND precipitation*) OR ((extreme OR severe) AND (weather OR temperature OR precipitation OR climat*)) OR heatwave* OR drought* OR storm* OR flood* OR (UV OR ultraviolet) OR ""sea level rise"" OR ""soil salinization"" OR (""habitat shift*"" AND climate) OR (""habitat alteration"" AND climate) OR ((consumptive OR human OR agricultural) AND ""water stress"")))",Ecosystem function,Net primary productivity,"""net primary product*""","TS=((""net primary product*"") AND (((((((natur* AND resource*) OR material* OR (biomass OR ""fossil fuel*"" OR ore* OR mineral*)) OR ((biological AND resource*) OR wildlife OR animal* OR plant* OR population*) OR water) AND ((overextraction OR overexploitation) OR (extraction OR exploitation OR withdraw*) OR depletion OR (hunting OR collect* OR gather* OR poaching OR ""bush meat*""))) OR ((forest* OR wood OR timber*) AND (harvest* OR logging*)) OR (soil* AND (erosion OR acidification OR degradation)) OR (fisher* OR fishing OR (bycatch OR by-catch)))) AND ((""climat* change"" OR ""chang* climat*"" OR (""increase* temperature*"" OR ""thermal alteration"" OR ""global warming"") OR (chang* AND precipitation*) OR ((extreme OR severe) AND (weather OR temperature OR precipitation OR climat*)) OR heatwave* OR drought* OR storm* OR flood* OR (UV OR ultraviolet) OR ""sea level rise"" OR ""soil salinization"" OR (""habitat shift*"" AND climate) OR (""habitat alteration"" AND climate) OR ((consumptive OR human OR agricultural) AND ""water stress"")))) AND (que*bec OR canada OR montr*al or Saint-Lawrence or Bas-Saint-Laurent or Saguenay or Lac-Saint-Jean  or Capitale-Nationale or Mauricie or Estrie or Outaouais or Abitibi-T*miscamingue or C*te-Nord or Nord-du-Qu*bec or Gasp*sie–*les-de-la-Madeleine or Chaudi*re-Appalaches or Laval or Lanaudi*re or Laurentides or Mont*r*gie or Centre-du-Qu*bec))"
Direct exploitation of natural resources,Climate change,"((((((natur* AND resource*) OR material* OR (biomass OR ""fossil fuel*"" OR ore* OR mineral*)) OR ((biological AND resource*) OR wildlife OR animal* OR plant* OR population*) OR water) AND ((overextraction OR overexploitation) OR (extraction OR exploitation OR withdraw*) OR depletion OR (hunting OR collect* OR gather* OR poaching OR ""bush meat*""))) OR ((forest* OR wood OR timber*) AND (harvest* OR logging*)) OR (soil* AND (erosion OR acidification OR degradation)) OR (fisher* OR fishing OR (bycatch OR by-catch)))) AND ((""climat* change"" OR ""chang* climat*"" OR (""increase* temperature*"" OR ""thermal alteration"" OR ""global warming"") OR (chang* AND precipitation*) OR ((extreme OR severe) AND (weather OR temperature OR precipitation OR climat*)) OR heatwave* OR drought* OR storm* OR flood* OR (UV OR ultraviolet) OR ""sea level rise"" OR ""soil salinization"" OR (""habitat shift*"" AND climate) OR (""habitat alteration"" AND climate) OR ((consumptive OR human OR agricultural) AND ""water stress"")))",Ecosystem structure,Area of mangrove forest cover,(extent OR area OR cover* OR proportion OR percentage OR land OR landscape) AND mangrove* AND forest*,"TS=(((extent OR area OR cover* OR proportion OR percentage OR land OR landscape) AND mangrove* AND forest*) AND (((((((natur* AND resource*) OR material* OR (biomass OR ""fossil fuel*"" OR ore* OR mineral*)) OR ((biological AND resource*) OR wildlife OR animal* OR plant* OR population*) OR water) AND ((overextraction OR overexploitation) OR (extraction OR exploitation OR withdraw*) OR depletion OR (hunting OR collect* OR gather* OR poaching OR ""bush meat*""))) OR ((forest* OR wood OR timber*) AND (harvest* OR logging*)) OR (soil* AND (erosion OR acidification OR degradation)) OR (fisher* OR fishing OR (bycatch OR by-catch)))) AND ((""climat* change"" OR ""chang* climat*"" OR (""increase* temperature*"" OR ""thermal alteration"" OR ""global warming"") OR (chang* AND precipitation*) OR ((extreme OR severe) AND (weather OR temperature OR precipitation OR climat*)) OR heatwave* OR drought* OR storm* OR flood* OR (UV OR ultraviolet) OR ""sea level rise"" OR ""soil salinization"" OR (""habitat shift*"" AND climate) OR (""habitat alteration"" AND climate) OR ((consumptive OR human OR agricultural) AND ""water stress"")))) AND (que*bec OR canada OR montr*al or Saint-Lawrence or Bas-Saint-Laurent or Saguenay or Lac-Saint-Jean  or Capitale-Nationale or Mauricie or Estrie or Outaouais or Abitibi-T*miscamingue or C*te-Nord or Nord-du-Qu*bec or Gasp*sie–*les-de-la-Madeleine or Chaudi*re-Appalaches or Laval or Lanaudi*re or Laurentides or Mont*r*gie or Centre-du-Qu*bec))"
Direct exploitation of natural resources,Climate change,"((((((natur* AND resource*) OR material* OR (biomass OR ""fossil fuel*"" OR ore* OR mineral*)) OR ((biological AND resource*) OR wildlife OR animal* OR plant* OR population*) OR water) AND ((overextraction OR overexploitation) OR (extraction OR exploitation OR withdraw*) OR depletion OR (hunting OR collect* OR gather* OR poaching OR ""bush meat*""))) OR ((forest* OR wood OR timber*) AND (harvest* OR logging*)) OR (soil* AND (erosion OR acidification OR degradation)) OR (fisher* OR fishing OR (bycatch OR by-catch)))) AND ((""climat* change"" OR ""chang* climat*"" OR (""increase* temperature*"" OR ""thermal alteration"" OR ""global warming"") OR (chang* AND precipitation*) OR ((extreme OR severe) AND (weather OR temperature OR precipitation OR climat*)) OR heatwave* OR drought* OR storm* OR flood* OR (UV OR ultraviolet) OR ""sea level rise"" OR ""soil salinization"" OR (""habitat shift*"" AND climate) OR (""habitat alteration"" AND climate) OR ((consumptive OR human OR agricultural) AND ""water stress"")))",Ecosystem structure,Extent of intact forest landscapes,(extent OR area OR cover* OR proportion OR percentage OR land OR landscape) AND intact* AND forest*,"TS=(((extent OR area OR cover* OR proportion OR percentage OR land OR landscape) AND intact* AND forest*) AND (((((((natur* AND resource*) OR material* OR (biomass OR ""fossil fuel*"" OR ore* OR mineral*)) OR ((biological AND resource*) OR wildlife OR animal* OR plant* OR population*) OR water) AND ((overextraction OR overexploitation) OR (extraction OR exploitation OR withdraw*) OR depletion OR (hunting OR collect* OR gather* OR poaching OR ""bush meat*""))) OR ((forest* OR wood OR timber*) AND (harvest* OR logging*)) OR (soil* AND (erosion OR acidification OR degradation)) OR (fisher* OR fishing OR (bycatch OR by-catch)))) AND ((""climat* change"" OR ""chang* climat*"" OR (""increase* temperature*"" OR ""thermal alteration"" OR ""global warming"") OR (chang* AND precipitation*) OR ((extreme OR severe) AND (weather OR temperature OR precipitation OR climat*)) OR heatwave* OR drought* OR storm* OR flood* OR (UV OR ultraviolet) OR ""sea level rise"" OR ""soil salinization"" OR (""habitat shift*"" AND climate) OR (""habitat alteration"" AND climate) OR ((consumptive OR human OR agricultural) AND ""water stress"")))) AND (que*bec OR canada OR montr*al or Saint-Lawrence or Bas-Saint-Laurent or Saguenay or Lac-Saint-Jean  or Capitale-Nationale or Mauricie or Estrie or Outaouais or Abitibi-T*miscamingue or C*te-Nord or Nord-du-Qu*bec or Gasp*sie–*les-de-la-Madeleine or Chaudi*re-Appalaches or Laval or Lanaudi*re or Laurentides or Mont*r*gie or Centre-du-Qu*bec))"
Direct exploitation of natural resources,Climate change,"((((((natur* AND resource*) OR material* OR (biomass OR ""fossil fuel*"" OR ore* OR mineral*)) OR ((biological AND resource*) OR wildlife OR animal* OR plant* OR population*) OR water) AND ((overextraction OR overexploitation) OR (extraction OR exploitation OR withdraw*) OR depletion OR (hunting OR collect* OR gather* OR poaching OR ""bush meat*""))) OR ((forest* OR wood OR timber*) AND (harvest* OR logging*)) OR (soil* AND (erosion OR acidification OR degradation)) OR (fisher* OR fishing OR (bycatch OR by-catch)))) AND ((""climat* change"" OR ""chang* climat*"" OR (""increase* temperature*"" OR ""thermal alteration"" OR ""global warming"") OR (chang* AND precipitation*) OR ((extreme OR severe) AND (weather OR temperature OR precipitation OR climat*)) OR heatwave* OR drought* OR storm* OR flood* OR (UV OR ultraviolet) OR ""sea level rise"" OR ""soil salinization"" OR (""habitat shift*"" AND climate) OR (""habitat alteration"" AND climate) OR ((consumptive OR human OR agricultural) AND ""water stress"")))",Ecosystem structure,Extent of remaining primary vegetation,(extent OR area OR cover* OR proportion OR percentage) AND (primary OR natural) AND vegetation,"TS=(((extent OR area OR cover* OR proportion OR percentage) AND (primary OR natural) AND vegetation) AND (((((((natur* AND resource*) OR material* OR (biomass OR ""fossil fuel*"" OR ore* OR mineral*)) OR ((biological AND resource*) OR wildlife OR animal* OR plant* OR population*) OR water) AND ((overextraction OR overexploitation) OR (extraction OR exploitation OR withdraw*) OR depletion OR (hunting OR collect* OR gather* OR poaching OR ""bush meat*""))) OR ((forest* OR wood OR timber*) AND (harvest* OR logging*)) OR (soil* AND (erosion OR acidification OR degradation)) OR (fisher* OR fishing OR (bycatch OR by-catch)))) AND ((""climat* change"" OR ""chang* climat*"" OR (""increase* temperature*"" OR ""thermal alteration"" OR ""global warming"") OR (chang* AND precipitation*) OR ((extreme OR severe) AND (weather OR temperature OR precipitation OR climat*)) OR heatwave* OR drought* OR storm* OR flood* OR (UV OR ultraviolet) OR ""sea level rise"" OR ""soil salinization"" OR (""habitat shift*"" AND climate) OR (""habitat alteration"" AND climate) OR ((consumptive OR human OR agricultural) AND ""water stress"")))) AND (que*bec OR canada OR montr*al or Saint-Lawrence or Bas-Saint-Laurent or Saguenay or Lac-Saint-Jean  or Capitale-Nationale or Mauricie or Estrie or Outaouais or Abitibi-T*miscamingue or C*te-Nord or Nord-du-Qu*bec or Gasp*sie–*les-de-la-Madeleine or Chaudi*re-Appalaches or Laval or Lanaudi*re or Laurentides or Mont*r*gie or Centre-du-Qu*bec))"
Direct exploitation of natural resources,Climate change,"((((((natur* AND resource*) OR material* OR (biomass OR ""fossil fuel*"" OR ore* OR mineral*)) OR ((biological AND resource*) OR wildlife OR animal* OR plant* OR population*) OR water) AND ((overextraction OR overexploitation) OR (extraction OR exploitation OR withdraw*) OR depletion OR (hunting OR collect* OR gather* OR poaching OR ""bush meat*""))) OR ((forest* OR wood OR timber*) AND (harvest* OR logging*)) OR (soil* AND (erosion OR acidification OR degradation)) OR (fisher* OR fishing OR (bycatch OR by-catch)))) AND ((""climat* change"" OR ""chang* climat*"" OR (""increase* temperature*"" OR ""thermal alteration"" OR ""global warming"") OR (chang* AND precipitation*) OR ((extreme OR severe) AND (weather OR temperature OR precipitation OR climat*)) OR heatwave* OR drought* OR storm* OR flood* OR (UV OR ultraviolet) OR ""sea level rise"" OR ""soil salinization"" OR (""habitat shift*"" AND climate) OR (""habitat alteration"" AND climate) OR ((consumptive OR human OR agricultural) AND ""water stress"")))",Ecosystem structure,Extent of remaining wilderness,(extent OR area OR cover* OR proportion OR percentage OR land OR landscape) AND wilderness*,"TS=(((extent OR area OR cover* OR proportion OR percentage OR land OR landscape) AND wilderness*) AND (((((((natur* AND resource*) OR material* OR (biomass OR ""fossil fuel*"" OR ore* OR mineral*)) OR ((biological AND resource*) OR wildlife OR animal* OR plant* OR population*) OR water) AND ((overextraction OR overexploitation) OR (extraction OR exploitation OR withdraw*) OR depletion OR (hunting OR collect* OR gather* OR poaching OR ""bush meat*""))) OR ((forest* OR wood OR timber*) AND (harvest* OR logging*)) OR (soil* AND (erosion OR acidification OR degradation)) OR (fisher* OR fishing OR (bycatch OR by-catch)))) AND ((""climat* change"" OR ""chang* climat*"" OR (""increase* temperature*"" OR ""thermal alteration"" OR ""global warming"") OR (chang* AND precipitation*) OR ((extreme OR severe) AND (weather OR temperature OR precipitation OR climat*)) OR heatwave* OR drought* OR storm* OR flood* OR (UV OR ultraviolet) OR ""sea level rise"" OR ""soil salinization"" OR (""habitat shift*"" AND climate) OR (""habitat alteration"" AND climate) OR ((consumptive OR human OR agricultural) AND ""water stress"")))) AND (que*bec OR canada OR montr*al or Saint-Lawrence or Bas-Saint-Laurent or Saguenay or Lac-Saint-Jean  or Capitale-Nationale or Mauricie or Estrie or Outaouais or Abitibi-T*miscamingue or C*te-Nord or Nord-du-Qu*bec or Gasp*sie–*les-de-la-Madeleine or Chaudi*re-Appalaches or Laval or Lanaudi*re or Laurentides or Mont*r*gie or Centre-du-Qu*bec))"
Direct exploitation of natural resources,Climate change,"((((((natur* AND resource*) OR material* OR (biomass OR ""fossil fuel*"" OR ore* OR mineral*)) OR ((biological AND resource*) OR wildlife OR animal* OR plant* OR population*) OR water) AND ((overextraction OR overexploitation) OR (extraction OR exploitation OR withdraw*) OR depletion OR (hunting OR collect* OR gather* OR poaching OR ""bush meat*""))) OR ((forest* OR wood OR timber*) AND (harvest* OR logging*)) OR (soil* AND (erosion OR acidification OR degradation)) OR (fisher* OR fishing OR (bycatch OR by-catch)))) AND ((""climat* change"" OR ""chang* climat*"" OR (""increase* temperature*"" OR ""thermal alteration"" OR ""global warming"") OR (chang* AND precipitation*) OR ((extreme OR severe) AND (weather OR temperature OR precipitation OR climat*)) OR heatwave* OR drought* OR storm* OR flood* OR (UV OR ultraviolet) OR ""sea level rise"" OR ""soil salinization"" OR (""habitat shift*"" AND climate) OR (""habitat alteration"" AND climate) OR ((consumptive OR human OR agricultural) AND ""water stress"")))",Ecosystem structure,Leaf area index,"""leaf area ind*""","TS=((""leaf area ind*"") AND (((((((natur* AND resource*) OR material* OR (biomass OR ""fossil fuel*"" OR ore* OR mineral*)) OR ((biological AND resource*) OR wildlife OR animal* OR plant* OR population*) OR water) AND ((overextraction OR overexploitation) OR (extraction OR exploitation OR withdraw*) OR depletion OR (hunting OR collect* OR gather* OR poaching OR ""bush meat*""))) OR ((forest* OR wood OR timber*) AND (harvest* OR logging*)) OR (soil* AND (erosion OR acidification OR degradation)) OR (fisher* OR fishing OR (bycatch OR by-catch)))) AND ((""climat* change"" OR ""chang* climat*"" OR (""increase* temperature*"" OR ""thermal alteration"" OR ""global warming"") OR (chang* AND precipitation*) OR ((extreme OR severe) AND (weather OR temperature OR precipitation OR climat*)) OR heatwave* OR drought* OR storm* OR flood* OR (UV OR ultraviolet) OR ""sea level rise"" OR ""soil salinization"" OR (""habitat shift*"" AND climate) OR (""habitat alteration"" AND climate) OR ((consumptive OR human OR agricultural) AND ""water stress"")))) AND (que*bec OR canada OR montr*al or Saint-Lawrence or Bas-Saint-Laurent or Saguenay or Lac-Saint-Jean  or Capitale-Nationale or Mauricie or Estrie or Outaouais or Abitibi-T*miscamingue or C*te-Nord or Nord-du-Qu*bec or Gasp*sie–*les-de-la-Madeleine or Chaudi*re-Appalaches or Laval or Lanaudi*re or Laurentides or Mont*r*gie or Centre-du-Qu*bec))"
Direct exploitation of natural resources,Climate change,"((((((natur* AND resource*) OR material* OR (biomass OR ""fossil fuel*"" OR ore* OR mineral*)) OR ((biological AND resource*) OR wildlife OR animal* OR plant* OR population*) OR water) AND ((overextraction OR overexploitation) OR (extraction OR exploitation OR withdraw*) OR depletion OR (hunting OR collect* OR gather* OR poaching OR ""bush meat*""))) OR ((forest* OR wood OR timber*) AND (harvest* OR logging*)) OR (soil* AND (erosion OR acidification OR degradation)) OR (fisher* OR fishing OR (bycatch OR by-catch)))) AND ((""climat* change"" OR ""chang* climat*"" OR (""increase* temperature*"" OR ""thermal alteration"" OR ""global warming"") OR (chang* AND precipitation*) OR ((extreme OR severe) AND (weather OR temperature OR precipitation OR climat*)) OR heatwave* OR drought* OR storm* OR flood* OR (UV OR ultraviolet) OR ""sea level rise"" OR ""soil salinization"" OR (""habitat shift*"" AND climate) OR (""habitat alteration"" AND climate) OR ((consumptive OR human OR agricultural) AND ""water stress"")))",Ecosystem structure,Percentage of live coral cover,(extent OR area OR cover* OR proportion OR percentage) AND coral AND live,"TS=(((extent OR area OR cover* OR proportion OR percentage) AND coral AND live) AND (((((((natur* AND resource*) OR material* OR (biomass OR ""fossil fuel*"" OR ore* OR mineral*)) OR ((biological AND resource*) OR wildlife OR animal* OR plant* OR population*) OR water) AND ((overextraction OR overexploitation) OR (extraction OR exploitation OR withdraw*) OR depletion OR (hunting OR collect* OR gather* OR poaching OR ""bush meat*""))) OR ((forest* OR wood OR timber*) AND (harvest* OR logging*)) OR (soil* AND (erosion OR acidification OR degradation)) OR (fisher* OR fishing OR (bycatch OR by-catch)))) AND ((""climat* change"" OR ""chang* climat*"" OR (""increase* temperature*"" OR ""thermal alteration"" OR ""global warming"") OR (chang* AND precipitation*) OR ((extreme OR severe) AND (weather OR temperature OR precipitation OR climat*)) OR heatwave* OR drought* OR storm* OR flood* OR (UV OR ultraviolet) OR ""sea level rise"" OR ""soil salinization"" OR (""habitat shift*"" AND climate) OR (""habitat alteration"" AND climate) OR ((consumptive OR human OR agricultural) AND ""water stress"")))) AND (que*bec OR canada OR montr*al or Saint-Lawrence or Bas-Saint-Laurent or Saguenay or Lac-Saint-Jean  or Capitale-Nationale or Mauricie or Estrie or Outaouais or Abitibi-T*miscamingue or C*te-Nord or Nord-du-Qu*bec or Gasp*sie–*les-de-la-Madeleine or Chaudi*re-Appalaches or Laval or Lanaudi*re or Laurentides or Mont*r*gie or Centre-du-Qu*bec))"
Direct exploitation of natural resources,Climate change,"((((((natur* AND resource*) OR material* OR (biomass OR ""fossil fuel*"" OR ore* OR mineral*)) OR ((biological AND resource*) OR wildlife OR animal* OR plant* OR population*) OR water) AND ((overextraction OR overexploitation) OR (extraction OR exploitation OR withdraw*) OR depletion OR (hunting OR collect* OR gather* OR poaching OR ""bush meat*""))) OR ((forest* OR wood OR timber*) AND (harvest* OR logging*)) OR (soil* AND (erosion OR acidification OR degradation)) OR (fisher* OR fishing OR (bycatch OR by-catch)))) AND ((""climat* change"" OR ""chang* climat*"" OR (""increase* temperature*"" OR ""thermal alteration"" OR ""global warming"") OR (chang* AND precipitation*) OR ((extreme OR severe) AND (weather OR temperature OR precipitation OR climat*)) OR heatwave* OR drought* OR storm* OR flood* OR (UV OR ultraviolet) OR ""sea level rise"" OR ""soil salinization"" OR (""habitat shift*"" AND climate) OR (""habitat alteration"" AND climate) OR ((consumptive OR human OR agricultural) AND ""water stress"")))",Genetic composition,Proportion of local breeds at risk/not at risk/unknown,"""local breed*"" AND (livestock* OR (domestic AND animal*)) AND (risk OR extinct* OR threat*)","TS=((""local breed*"" AND (livestock* OR (domestic AND animal*)) AND (risk OR extinct* OR threat*)) AND (((((((natur* AND resource*) OR material* OR (biomass OR ""fossil fuel*"" OR ore* OR mineral*)) OR ((biological AND resource*) OR wildlife OR animal* OR plant* OR population*) OR water) AND ((overextraction OR overexploitation) OR (extraction OR exploitation OR withdraw*) OR depletion OR (hunting OR collect* OR gather* OR poaching OR ""bush meat*""))) OR ((forest* OR wood OR timber*) AND (harvest* OR logging*)) OR (soil* AND (erosion OR acidification OR degradation)) OR (fisher* OR fishing OR (bycatch OR by-catch)))) AND ((""climat* change"" OR ""chang* climat*"" OR (""increase* temperature*"" OR ""thermal alteration"" OR ""global warming"") OR (chang* AND precipitation*) OR ((extreme OR severe) AND (weather OR temperature OR precipitation OR climat*)) OR heatwave* OR drought* OR storm* OR flood* OR (UV OR ultraviolet) OR ""sea level rise"" OR ""soil salinization"" OR (""habitat shift*"" AND climate) OR (""habitat alteration"" AND climate) OR ((consumptive OR human OR agricultural) AND ""water stress"")))) AND (que*bec OR canada OR montr*al or Saint-Lawrence or Bas-Saint-Laurent or Saguenay or Lac-Saint-Jean  or Capitale-Nationale or Mauricie or Estrie or Outaouais or Abitibi-T*miscamingue or C*te-Nord or Nord-du-Qu*bec or Gasp*sie–*les-de-la-Madeleine or Chaudi*re-Appalaches or Laval or Lanaudi*re or Laurentides or Mont*r*gie or Centre-du-Qu*bec))"
Direct exploitation of natural resources,Climate change,"((((((natur* AND resource*) OR material* OR (biomass OR ""fossil fuel*"" OR ore* OR mineral*)) OR ((biological AND resource*) OR wildlife OR animal* OR plant* OR population*) OR water) AND ((overextraction OR overexploitation) OR (extraction OR exploitation OR withdraw*) OR depletion OR (hunting OR collect* OR gather* OR poaching OR ""bush meat*""))) OR ((forest* OR wood OR timber*) AND (harvest* OR logging*)) OR (soil* AND (erosion OR acidification OR degradation)) OR (fisher* OR fishing OR (bycatch OR by-catch)))) AND ((""climat* change"" OR ""chang* climat*"" OR (""increase* temperature*"" OR ""thermal alteration"" OR ""global warming"") OR (chang* AND precipitation*) OR ((extreme OR severe) AND (weather OR temperature OR precipitation OR climat*)) OR heatwave* OR drought* OR storm* OR flood* OR (UV OR ultraviolet) OR ""sea level rise"" OR ""soil salinization"" OR (""habitat shift*"" AND climate) OR (""habitat alteration"" AND climate) OR ((consumptive OR human OR agricultural) AND ""water stress"")))",Species populations,IUCN red list of threatened species,"(IUCN OR ""red list"") AND (threat* OR extinct*) AND species NOT ""red list ind*""","TS=(((IUCN OR ""red list"") AND (threat* OR extinct*) AND species NOT ""red list ind*"") AND (((((((natur* AND resource*) OR material* OR (biomass OR ""fossil fuel*"" OR ore* OR mineral*)) OR ((biological AND resource*) OR wildlife OR animal* OR plant* OR population*) OR water) AND ((overextraction OR overexploitation) OR (extraction OR exploitation OR withdraw*) OR depletion OR (hunting OR collect* OR gather* OR poaching OR ""bush meat*""))) OR ((forest* OR wood OR timber*) AND (harvest* OR logging*)) OR (soil* AND (erosion OR acidification OR degradation)) OR (fisher* OR fishing OR (bycatch OR by-catch)))) AND ((""climat* change"" OR ""chang* climat*"" OR (""increase* temperature*"" OR ""thermal alteration"" OR ""global warming"") OR (chang* AND precipitation*) OR ((extreme OR severe) AND (weather OR temperature OR precipitation OR climat*)) OR heatwave* OR drought* OR storm* OR flood* OR (UV OR ultraviolet) OR ""sea level rise"" OR ""soil salinization"" OR (""habitat shift*"" AND climate) OR (""habitat alteration"" AND climate) OR ((consumptive OR human OR agricultural) AND ""water stress"")))) AND (que*bec OR canada OR montr*al or Saint-Lawrence or Bas-Saint-Laurent or Saguenay or Lac-Saint-Jean  or Capitale-Nationale or Mauricie or Estrie or Outaouais or Abitibi-T*miscamingue or C*te-Nord or Nord-du-Qu*bec or Gasp*sie–*les-de-la-Madeleine or Chaudi*re-Appalaches or Laval or Lanaudi*re or Laurentides or Mont*r*gie or Centre-du-Qu*bec))"
Direct exploitation of natural resources,Climate change,"((((((natur* AND resource*) OR material* OR (biomass OR ""fossil fuel*"" OR ore* OR mineral*)) OR ((biological AND resource*) OR wildlife OR animal* OR plant* OR population*) OR water) AND ((overextraction OR overexploitation) OR (extraction OR exploitation OR withdraw*) OR depletion OR (hunting OR collect* OR gather* OR poaching OR ""bush meat*""))) OR ((forest* OR wood OR timber*) AND (harvest* OR logging*)) OR (soil* AND (erosion OR acidification OR degradation)) OR (fisher* OR fishing OR (bycatch OR by-catch)))) AND ((""climat* change"" OR ""chang* climat*"" OR (""increase* temperature*"" OR ""thermal alteration"" OR ""global warming"") OR (chang* AND precipitation*) OR ((extreme OR severe) AND (weather OR temperature OR precipitation OR climat*)) OR heatwave* OR drought* OR storm* OR flood* OR (UV OR ultraviolet) OR ""sea level rise"" OR ""soil salinization"" OR (""habitat shift*"" AND climate) OR (""habitat alteration"" AND climate) OR ((consumptive OR human OR agricultural) AND ""water stress"")))",Species populations,Living planet index,"""living planet ind*"" OR ""living planet report*""","TS=((""living planet ind*"" OR ""living planet report*"") AND (((((((natur* AND resource*) OR material* OR (biomass OR ""fossil fuel*"" OR ore* OR mineral*)) OR ((biological AND resource*) OR wildlife OR animal* OR plant* OR population*) OR water) AND ((overextraction OR overexploitation) OR (extraction OR exploitation OR withdraw*) OR depletion OR (hunting OR collect* OR gather* OR poaching OR ""bush meat*""))) OR ((forest* OR wood OR timber*) AND (harvest* OR logging*)) OR (soil* AND (erosion OR acidification OR degradation)) OR (fisher* OR fishing OR (bycatch OR by-catch)))) AND ((""climat* change"" OR ""chang* climat*"" OR (""increase* temperature*"" OR ""thermal alteration"" OR ""global warming"") OR (chang* AND precipitation*) OR ((extreme OR severe) AND (weather OR temperature OR precipitation OR climat*)) OR heatwave* OR drought* OR storm* OR flood* OR (UV OR ultraviolet) OR ""sea level rise"" OR ""soil salinization"" OR (""habitat shift*"" AND climate) OR (""habitat alteration"" AND climate) OR ((consumptive OR human OR agricultural) AND ""water stress"")))) AND (que*bec OR canada OR montr*al or Saint-Lawrence or Bas-Saint-Laurent or Saguenay or Lac-Saint-Jean  or Capitale-Nationale or Mauricie or Estrie or Outaouais or Abitibi-T*miscamingue or C*te-Nord or Nord-du-Qu*bec or Gasp*sie–*les-de-la-Madeleine or Chaudi*re-Appalaches or Laval or Lanaudi*re or Laurentides or Mont*r*gie or Centre-du-Qu*bec))"
Direct exploitation of natural resources,Climate change,"((((((natur* AND resource*) OR material* OR (biomass OR ""fossil fuel*"" OR ore* OR mineral*)) OR ((biological AND resource*) OR wildlife OR animal* OR plant* OR population*) OR water) AND ((overextraction OR overexploitation) OR (extraction OR exploitation OR withdraw*) OR depletion OR (hunting OR collect* OR gather* OR poaching OR ""bush meat*""))) OR ((forest* OR wood OR timber*) AND (harvest* OR logging*)) OR (soil* AND (erosion OR acidification OR degradation)) OR (fisher* OR fishing OR (bycatch OR by-catch)))) AND ((""climat* change"" OR ""chang* climat*"" OR (""increase* temperature*"" OR ""thermal alteration"" OR ""global warming"") OR (chang* AND precipitation*) OR ((extreme OR severe) AND (weather OR temperature OR precipitation OR climat*)) OR heatwave* OR drought* OR storm* OR flood* OR (UV OR ultraviolet) OR ""sea level rise"" OR ""soil salinization"" OR (""habitat shift*"" AND climate) OR (""habitat alteration"" AND climate) OR ((consumptive OR human OR agricultural) AND ""water stress"")))",Species populations,Local species abundance,"((species OR assemblage*) AND abundance AND (local OR location* OR sample*)) AND (global OR world*) AND (""time series"" OR ""time -series"" OR temporal)","TS=((((species OR assemblage*) AND abundance AND (local OR location* OR sample*)) AND (global OR world*) AND (""time series"" OR ""time -series"" OR temporal)) AND (((((((natur* AND resource*) OR material* OR (biomass OR ""fossil fuel*"" OR ore* OR mineral*)) OR ((biological AND resource*) OR wildlife OR animal* OR plant* OR population*) OR water) AND ((overextraction OR overexploitation) OR (extraction OR exploitation OR withdraw*) OR depletion OR (hunting OR collect* OR gather* OR poaching OR ""bush meat*""))) OR ((forest* OR wood OR timber*) AND (harvest* OR logging*)) OR (soil* AND (erosion OR acidification OR degradation)) OR (fisher* OR fishing OR (bycatch OR by-catch)))) AND ((""climat* change"" OR ""chang* climat*"" OR (""increase* temperature*"" OR ""thermal alteration"" OR ""global warming"") OR (chang* AND precipitation*) OR ((extreme OR severe) AND (weather OR temperature OR precipitation OR climat*)) OR heatwave* OR drought* OR storm* OR flood* OR (UV OR ultraviolet) OR ""sea level rise"" OR ""soil salinization"" OR (""habitat shift*"" AND climate) OR (""habitat alteration"" AND climate) OR ((consumptive OR human OR agricultural) AND ""water stress"")))) AND (que*bec OR canada OR montr*al or Saint-Lawrence or Bas-Saint-Laurent or Saguenay or Lac-Saint-Jean  or Capitale-Nationale or Mauricie or Estrie or Outaouais or Abitibi-T*miscamingue or C*te-Nord or Nord-du-Qu*bec or Gasp*sie–*les-de-la-Madeleine or Chaudi*re-Appalaches or Laval or Lanaudi*re or Laurentides or Mont*r*gie or Centre-du-Qu*bec))"
Direct exploitation of natural resources,Climate change,"((((((natur* AND resource*) OR material* OR (biomass OR ""fossil fuel*"" OR ore* OR mineral*)) OR ((biological AND resource*) OR wildlife OR animal* OR plant* OR population*) OR water) AND ((overextraction OR overexploitation) OR (extraction OR exploitation OR withdraw*) OR depletion OR (hunting OR collect* OR gather* OR poaching OR ""bush meat*""))) OR ((forest* OR wood OR timber*) AND (harvest* OR logging*)) OR (soil* AND (erosion OR acidification OR degradation)) OR (fisher* OR fishing OR (bycatch OR by-catch)))) AND ((""climat* change"" OR ""chang* climat*"" OR (""increase* temperature*"" OR ""thermal alteration"" OR ""global warming"") OR (chang* AND precipitation*) OR ((extreme OR severe) AND (weather OR temperature OR precipitation OR climat*)) OR heatwave* OR drought* OR storm* OR flood* OR (UV OR ultraviolet) OR ""sea level rise"" OR ""soil salinization"" OR (""habitat shift*"" AND climate) OR (""habitat alteration"" AND climate) OR ((consumptive OR human OR agricultural) AND ""water stress"")))",Species populations,Predatory fish biomass,predator* AND fish* AND (biomass OR abundance),"TS=((predator* AND fish* AND (biomass OR abundance)) AND (((((((natur* AND resource*) OR material* OR (biomass OR ""fossil fuel*"" OR ore* OR mineral*)) OR ((biological AND resource*) OR wildlife OR animal* OR plant* OR population*) OR water) AND ((overextraction OR overexploitation) OR (extraction OR exploitation OR withdraw*) OR depletion OR (hunting OR collect* OR gather* OR poaching OR ""bush meat*""))) OR ((forest* OR wood OR timber*) AND (harvest* OR logging*)) OR (soil* AND (erosion OR acidification OR degradation)) OR (fisher* OR fishing OR (bycatch OR by-catch)))) AND ((""climat* change"" OR ""chang* climat*"" OR (""increase* temperature*"" OR ""thermal alteration"" OR ""global warming"") OR (chang* AND precipitation*) OR ((extreme OR severe) AND (weather OR temperature OR precipitation OR climat*)) OR heatwave* OR drought* OR storm* OR flood* OR (UV OR ultraviolet) OR ""sea level rise"" OR ""soil salinization"" OR (""habitat shift*"" AND climate) OR (""habitat alteration"" AND climate) OR ((consumptive OR human OR agricultural) AND ""water stress"")))) AND (que*bec OR canada OR montr*al or Saint-Lawrence or Bas-Saint-Laurent or Saguenay or Lac-Saint-Jean  or Capitale-Nationale or Mauricie or Estrie or Outaouais or Abitibi-T*miscamingue or C*te-Nord or Nord-du-Qu*bec or Gasp*sie–*les-de-la-Madeleine or Chaudi*re-Appalaches or Laval or Lanaudi*re or Laurentides or Mont*r*gie or Centre-du-Qu*bec))"
Direct exploitation of natural resources,Climate change,"((((((natur* AND resource*) OR material* OR (biomass OR ""fossil fuel*"" OR ore* OR mineral*)) OR ((biological AND resource*) OR wildlife OR animal* OR plant* OR population*) OR water) AND ((overextraction OR overexploitation) OR (extraction OR exploitation OR withdraw*) OR depletion OR (hunting OR collect* OR gather* OR poaching OR ""bush meat*""))) OR ((forest* OR wood OR timber*) AND (harvest* OR logging*)) OR (soil* AND (erosion OR acidification OR degradation)) OR (fisher* OR fishing OR (bycatch OR by-catch)))) AND ((""climat* change"" OR ""chang* climat*"" OR (""increase* temperature*"" OR ""thermal alteration"" OR ""global warming"") OR (chang* AND precipitation*) OR ((extreme OR severe) AND (weather OR temperature OR precipitation OR climat*)) OR heatwave* OR drought* OR storm* OR flood* OR (UV OR ultraviolet) OR ""sea level rise"" OR ""soil salinization"" OR (""habitat shift*"" AND climate) OR (""habitat alteration"" AND climate) OR ((consumptive OR human OR agricultural) AND ""water stress"")))",Species populations,Prey fish biomass,prey* AND fish* AND (biomass OR abundance),"TS=((prey* AND fish* AND (biomass OR abundance)) AND (((((((natur* AND resource*) OR material* OR (biomass OR ""fossil fuel*"" OR ore* OR mineral*)) OR ((biological AND resource*) OR wildlife OR animal* OR plant* OR population*) OR water) AND ((overextraction OR overexploitation) OR (extraction OR exploitation OR withdraw*) OR depletion OR (hunting OR collect* OR gather* OR poaching OR ""bush meat*""))) OR ((forest* OR wood OR timber*) AND (harvest* OR logging*)) OR (soil* AND (erosion OR acidification OR degradation)) OR (fisher* OR fishing OR (bycatch OR by-catch)))) AND ((""climat* change"" OR ""chang* climat*"" OR (""increase* temperature*"" OR ""thermal alteration"" OR ""global warming"") OR (chang* AND precipitation*) OR ((extreme OR severe) AND (weather OR temperature OR precipitation OR climat*)) OR heatwave* OR drought* OR storm* OR flood* OR (UV OR ultraviolet) OR ""sea level rise"" OR ""soil salinization"" OR (""habitat shift*"" AND climate) OR (""habitat alteration"" AND climate) OR ((consumptive OR human OR agricultural) AND ""water stress"")))) AND (que*bec OR canada OR montr*al or Saint-Lawrence or Bas-Saint-Laurent or Saguenay or Lac-Saint-Jean  or Capitale-Nationale or Mauricie or Estrie or Outaouais or Abitibi-T*miscamingue or C*te-Nord or Nord-du-Qu*bec or Gasp*sie–*les-de-la-Madeleine or Chaudi*re-Appalaches or Laval or Lanaudi*re or Laurentides or Mont*r*gie or Centre-du-Qu*bec))"
Direct exploitation of natural resources,Climate change,"((((((natur* AND resource*) OR material* OR (biomass OR ""fossil fuel*"" OR ore* OR mineral*)) OR ((biological AND resource*) OR wildlife OR animal* OR plant* OR population*) OR water) AND ((overextraction OR overexploitation) OR (extraction OR exploitation OR withdraw*) OR depletion OR (hunting OR collect* OR gather* OR poaching OR ""bush meat*""))) OR ((forest* OR wood OR timber*) AND (harvest* OR logging*)) OR (soil* AND (erosion OR acidification OR degradation)) OR (fisher* OR fishing OR (bycatch OR by-catch)))) AND ((""climat* change"" OR ""chang* climat*"" OR (""increase* temperature*"" OR ""thermal alteration"" OR ""global warming"") OR (chang* AND precipitation*) OR ((extreme OR severe) AND (weather OR temperature OR precipitation OR climat*)) OR heatwave* OR drought* OR storm* OR flood* OR (UV OR ultraviolet) OR ""sea level rise"" OR ""soil salinization"" OR (""habitat shift*"" AND climate) OR (""habitat alteration"" AND climate) OR ((consumptive OR human OR agricultural) AND ""water stress"")))",Species populations,Proportion of fish stocks within biologically sustainable levels,"fish* AND stock* AND (""sustainab*"" OR safe)","TS=((fish* AND stock* AND (""sustainab*"" OR safe)) AND (((((((natur* AND resource*) OR material* OR (biomass OR ""fossil fuel*"" OR ore* OR mineral*)) OR ((biological AND resource*) OR wildlife OR animal* OR plant* OR population*) OR water) AND ((overextraction OR overexploitation) OR (extraction OR exploitation OR withdraw*) OR depletion OR (hunting OR collect* OR gather* OR poaching OR ""bush meat*""))) OR ((forest* OR wood OR timber*) AND (harvest* OR logging*)) OR (soil* AND (erosion OR acidification OR degradation)) OR (fisher* OR fishing OR (bycatch OR by-catch)))) AND ((""climat* change"" OR ""chang* climat*"" OR (""increase* temperature*"" OR ""thermal alteration"" OR ""global warming"") OR (chang* AND precipitation*) OR ((extreme OR severe) AND (weather OR temperature OR precipitation OR climat*)) OR heatwave* OR drought* OR storm* OR flood* OR (UV OR ultraviolet) OR ""sea level rise"" OR ""soil salinization"" OR (""habitat shift*"" AND climate) OR (""habitat alteration"" AND climate) OR ((consumptive OR human OR agricultural) AND ""water stress"")))) AND (que*bec OR canada OR montr*al or Saint-Lawrence or Bas-Saint-Laurent or Saguenay or Lac-Saint-Jean  or Capitale-Nationale or Mauricie or Estrie or Outaouais or Abitibi-T*miscamingue or C*te-Nord or Nord-du-Qu*bec or Gasp*sie–*les-de-la-Madeleine or Chaudi*re-Appalaches or Laval or Lanaudi*re or Laurentides or Mont*r*gie or Centre-du-Qu*bec))"
Direct exploitation of natural resources,Climate change,"((((((natur* AND resource*) OR material* OR (biomass OR ""fossil fuel*"" OR ore* OR mineral*)) OR ((biological AND resource*) OR wildlife OR animal* OR plant* OR population*) OR water) AND ((overextraction OR overexploitation) OR (extraction OR exploitation OR withdraw*) OR depletion OR (hunting OR collect* OR gather* OR poaching OR ""bush meat*""))) OR ((forest* OR wood OR timber*) AND (harvest* OR logging*)) OR (soil* AND (erosion OR acidification OR degradation)) OR (fisher* OR fishing OR (bycatch OR by-catch)))) AND ((""climat* change"" OR ""chang* climat*"" OR (""increase* temperature*"" OR ""thermal alteration"" OR ""global warming"") OR (chang* AND precipitation*) OR ((extreme OR severe) AND (weather OR temperature OR precipitation OR climat*)) OR heatwave* OR drought* OR storm* OR flood* OR (UV OR ultraviolet) OR ""sea level rise"" OR ""soil salinization"" OR (""habitat shift*"" AND climate) OR (""habitat alteration"" AND climate) OR ((consumptive OR human OR agricultural) AND ""water stress"")))",Species populations,Red list index,"""red list ind*""","TS=((""red list ind*"") AND (((((((natur* AND resource*) OR material* OR (biomass OR ""fossil fuel*"" OR ore* OR mineral*)) OR ((biological AND resource*) OR wildlife OR animal* OR plant* OR population*) OR water) AND ((overextraction OR overexploitation) OR (extraction OR exploitation OR withdraw*) OR depletion OR (hunting OR collect* OR gather* OR poaching OR ""bush meat*""))) OR ((forest* OR wood OR timber*) AND (harvest* OR logging*)) OR (soil* AND (erosion OR acidification OR degradation)) OR (fisher* OR fishing OR (bycatch OR by-catch)))) AND ((""climat* change"" OR ""chang* climat*"" OR (""increase* temperature*"" OR ""thermal alteration"" OR ""global warming"") OR (chang* AND precipitation*) OR ((extreme OR severe) AND (weather OR temperature OR precipitation OR climat*)) OR heatwave* OR drought* OR storm* OR flood* OR (UV OR ultraviolet) OR ""sea level rise"" OR ""soil salinization"" OR (""habitat shift*"" AND climate) OR (""habitat alteration"" AND climate) OR ((consumptive OR human OR agricultural) AND ""water stress"")))) AND (que*bec OR canada OR montr*al or Saint-Lawrence or Bas-Saint-Laurent or Saguenay or Lac-Saint-Jean  or Capitale-Nationale or Mauricie or Estrie or Outaouais or Abitibi-T*miscamingue or C*te-Nord or Nord-du-Qu*bec or Gasp*sie–*les-de-la-Madeleine or Chaudi*re-Appalaches or Laval or Lanaudi*re or Laurentides or Mont*r*gie or Centre-du-Qu*bec))"
Direct exploitation of natural resources,Climate change,"((((((natur* AND resource*) OR material* OR (biomass OR ""fossil fuel*"" OR ore* OR mineral*)) OR ((biological AND resource*) OR wildlife OR animal* OR plant* OR population*) OR water) AND ((overextraction OR overexploitation) OR (extraction OR exploitation OR withdraw*) OR depletion OR (hunting OR collect* OR gather* OR poaching OR ""bush meat*""))) OR ((forest* OR wood OR timber*) AND (harvest* OR logging*)) OR (soil* AND (erosion OR acidification OR degradation)) OR (fisher* OR fishing OR (bycatch OR by-catch)))) AND ((""climat* change"" OR ""chang* climat*"" OR (""increase* temperature*"" OR ""thermal alteration"" OR ""global warming"") OR (chang* AND precipitation*) OR ((extreme OR severe) AND (weather OR temperature OR precipitation OR climat*)) OR heatwave* OR drought* OR storm* OR flood* OR (UV OR ultraviolet) OR ""sea level rise"" OR ""soil salinization"" OR (""habitat shift*"" AND climate) OR (""habitat alteration"" AND climate) OR ((consumptive OR human OR agricultural) AND ""water stress"")))",Species populations,Wild bird index,"""wild bird ind*""","TS=((""wild bird ind*"") AND (((((((natur* AND resource*) OR material* OR (biomass OR ""fossil fuel*"" OR ore* OR mineral*)) OR ((biological AND resource*) OR wildlife OR animal* OR plant* OR population*) OR water) AND ((overextraction OR overexploitation) OR (extraction OR exploitation OR withdraw*) OR depletion OR (hunting OR collect* OR gather* OR poaching OR ""bush meat*""))) OR ((forest* OR wood OR timber*) AND (harvest* OR logging*)) OR (soil* AND (erosion OR acidification OR degradation)) OR (fisher* OR fishing OR (bycatch OR by-catch)))) AND ((""climat* change"" OR ""chang* climat*"" OR (""increase* temperature*"" OR ""thermal alteration"" OR ""global warming"") OR (chang* AND precipitation*) OR ((extreme OR severe) AND (weather OR temperature OR precipitation OR climat*)) OR heatwave* OR drought* OR storm* OR flood* OR (UV OR ultraviolet) OR ""sea level rise"" OR ""soil salinization"" OR (""habitat shift*"" AND climate) OR (""habitat alteration"" AND climate) OR ((consumptive OR human OR agricultural) AND ""water stress"")))) AND (que*bec OR canada OR montr*al or Saint-Lawrence or Bas-Saint-Laurent or Saguenay or Lac-Saint-Jean  or Capitale-Nationale or Mauricie or Estrie or Outaouais or Abitibi-T*miscamingue or C*te-Nord or Nord-du-Qu*bec or Gasp*sie–*les-de-la-Madeleine or Chaudi*re-Appalaches or Laval or Lanaudi*re or Laurentides or Mont*r*gie or Centre-du-Qu*bec))"
Direct exploitation of natural resources,Climate change,"((((((natur* AND resource*) OR material* OR (biomass OR ""fossil fuel*"" OR ore* OR mineral*)) OR ((biological AND resource*) OR wildlife OR animal* OR plant* OR population*) OR water) AND ((overextraction OR overexploitation) OR (extraction OR exploitation OR withdraw*) OR depletion OR (hunting OR collect* OR gather* OR poaching OR ""bush meat*""))) OR ((forest* OR wood OR timber*) AND (harvest* OR logging*)) OR (soil* AND (erosion OR acidification OR degradation)) OR (fisher* OR fishing OR (bycatch OR by-catch)))) AND ((""climat* change"" OR ""chang* climat*"" OR (""increase* temperature*"" OR ""thermal alteration"" OR ""global warming"") OR (chang* AND precipitation*) OR ((extreme OR severe) AND (weather OR temperature OR precipitation OR climat*)) OR heatwave* OR drought* OR storm* OR flood* OR (UV OR ultraviolet) OR ""sea level rise"" OR ""soil salinization"" OR (""habitat shift*"" AND climate) OR (""habitat alteration"" AND climate) OR ((consumptive OR human OR agricultural) AND ""water stress"")))",Species traits,Mean length of fish,"(""mean length*"" OR ""average length*"") AND fish*","TS=(((""mean length*"" OR ""average length*"") AND fish*) AND (((((((natur* AND resource*) OR material* OR (biomass OR ""fossil fuel*"" OR ore* OR mineral*)) OR ((biological AND resource*) OR wildlife OR animal* OR plant* OR population*) OR water) AND ((overextraction OR overexploitation) OR (extraction OR exploitation OR withdraw*) OR depletion OR (hunting OR collect* OR gather* OR poaching OR ""bush meat*""))) OR ((forest* OR wood OR timber*) AND (harvest* OR logging*)) OR (soil* AND (erosion OR acidification OR degradation)) OR (fisher* OR fishing OR (bycatch OR by-catch)))) AND ((""climat* change"" OR ""chang* climat*"" OR (""increase* temperature*"" OR ""thermal alteration"" OR ""global warming"") OR (chang* AND precipitation*) OR ((extreme OR severe) AND (weather OR temperature OR precipitation OR climat*)) OR heatwave* OR drought* OR storm* OR flood* OR (UV OR ultraviolet) OR ""sea level rise"" OR ""soil salinization"" OR (""habitat shift*"" AND climate) OR (""habitat alteration"" AND climate) OR ((consumptive OR human OR agricultural) AND ""water stress"")))) AND (que*bec OR canada OR montr*al or Saint-Lawrence or Bas-Saint-Laurent or Saguenay or Lac-Saint-Jean  or Capitale-Nationale or Mauricie or Estrie or Outaouais or Abitibi-T*miscamingue or C*te-Nord or Nord-du-Qu*bec or Gasp*sie–*les-de-la-Madeleine or Chaudi*re-Appalaches or Laval or Lanaudi*re or Laurentides or Mont*r*gie or Centre-du-Qu*bec))"
Direct exploitation of natural resources,Climate change,"((((((natur* AND resource*) OR material* OR (biomass OR ""fossil fuel*"" OR ore* OR mineral*)) OR ((biological AND resource*) OR wildlife OR animal* OR plant* OR population*) OR water) AND ((overextraction OR overexploitation) OR (extraction OR exploitation OR withdraw*) OR depletion OR (hunting OR collect* OR gather* OR poaching OR ""bush meat*""))) OR ((forest* OR wood OR timber*) AND (harvest* OR logging*)) OR (soil* AND (erosion OR acidification OR degradation)) OR (fisher* OR fishing OR (bycatch OR by-catch)))) AND ((""climat* change"" OR ""chang* climat*"" OR (""increase* temperature*"" OR ""thermal alteration"" OR ""global warming"") OR (chang* AND precipitation*) OR ((extreme OR severe) AND (weather OR temperature OR precipitation OR climat*)) OR heatwave* OR drought* OR storm* OR flood* OR (UV OR ultraviolet) OR ""sea level rise"" OR ""soil salinization"" OR (""habitat shift*"" AND climate) OR (""habitat alteration"" AND climate) OR ((consumptive OR human OR agricultural) AND ""water stress"")))",Species traits,Proportion of predatory fish,"(proportion OR ratio OR percentage) AND ""predator* fish*""","TS=(((proportion OR ratio OR percentage) AND ""predator* fish*"") AND (((((((natur* AND resource*) OR material* OR (biomass OR ""fossil fuel*"" OR ore* OR mineral*)) OR ((biological AND resource*) OR wildlife OR animal* OR plant* OR population*) OR water) AND ((overextraction OR overexploitation) OR (extraction OR exploitation OR withdraw*) OR depletion OR (hunting OR collect* OR gather* OR poaching OR ""bush meat*""))) OR ((forest* OR wood OR timber*) AND (harvest* OR logging*)) OR (soil* AND (erosion OR acidification OR degradation)) OR (fisher* OR fishing OR (bycatch OR by-catch)))) AND ((""climat* change"" OR ""chang* climat*"" OR (""increase* temperature*"" OR ""thermal alteration"" OR ""global warming"") OR (chang* AND precipitation*) OR ((extreme OR severe) AND (weather OR temperature OR precipitation OR climat*)) OR heatwave* OR drought* OR storm* OR flood* OR (UV OR ultraviolet) OR ""sea level rise"" OR ""soil salinization"" OR (""habitat shift*"" AND climate) OR (""habitat alteration"" AND climate) OR ((consumptive OR human OR agricultural) AND ""water stress"")))) AND (que*bec OR canada OR montr*al or Saint-Lawrence or Bas-Saint-Laurent or Saguenay or Lac-Saint-Jean  or Capitale-Nationale or Mauricie or Estrie or Outaouais or Abitibi-T*miscamingue or C*te-Nord or Nord-du-Qu*bec or Gasp*sie–*les-de-la-Madeleine or Chaudi*re-Appalaches or Laval or Lanaudi*re or Laurentides or Mont*r*gie or Centre-du-Qu*bec))"
Direct exploitation of natural resources,Pollution,"((((((natur* AND resource*) OR material* OR (biomass OR ""fossil fuel*"" OR ore* OR mineral*)) OR ((biological AND resource*) OR wildlife OR animal* OR plant* OR population*) OR water) AND ((overextraction OR overexploitation) OR (extraction OR exploitation OR withdraw*) OR depletion OR (hunting OR collect* OR gather* OR poaching OR ""bush meat*""))) OR ((forest* OR wood OR timber*) AND (harvest* OR logging*)) OR (soil* AND (erosion OR acidification OR degradation)) OR (fisher* OR fishing OR (bycatch OR by-catch)))) AND (((pollut* OR contamin* OR emission* OR spill-over* OR disposal* OR deposition* OR load* OR dump* OR discharge*) OR ((noise OR light OR gas* OR particle* OR particulate* OR nitrogen OR sulphur* OR phosphor* OR waste* OR garbage OR sewage OR pesticide* OR fertilizer* OR nutrient* OR ""oil spill*"" OR metal OR salinization OR salinisation OR acidification OR solid OR plastic OR mercury OR nutrient* OR pollutant*) AND (soil OR water OR ocean OR marine OR atmosphere OR air)) OR ((industrial OR military OR agricultur* OR forest*) AND effluent*)))",Community composition,NA,"(((communit* OR assemblage* OR taxonom* OR species) AND (dominance* OR richness OR turnover OR diversit* OR composition OR similarit)) OR (""species interaction"" OR ""biotic interaction*""))","TS=(((((communit* OR assemblage* OR taxonom* OR species) AND (dominance* OR richness OR turnover OR diversit* OR composition OR similarit)) OR (""species interaction"" OR ""biotic interaction*""))) AND (((((((natur* AND resource*) OR material* OR (biomass OR ""fossil fuel*"" OR ore* OR mineral*)) OR ((biological AND resource*) OR wildlife OR animal* OR plant* OR population*) OR water) AND ((overextraction OR overexploitation) OR (extraction OR exploitation OR withdraw*) OR depletion OR (hunting OR collect* OR gather* OR poaching OR ""bush meat*""))) OR ((forest* OR wood OR timber*) AND (harvest* OR logging*)) OR (soil* AND (erosion OR acidification OR degradation)) OR (fisher* OR fishing OR (bycatch OR by-catch)))) AND (((pollut* OR contamin* OR emission* OR spill-over* OR disposal* OR deposition* OR load* OR dump* OR discharge*) OR ((noise OR light OR gas* OR particle* OR particulate* OR nitrogen OR sulphur* OR phosphor* OR waste* OR garbage OR sewage OR pesticide* OR fertilizer* OR nutrient* OR ""oil spill*"" OR metal OR salinization OR salinisation OR acidification OR solid OR plastic OR mercury OR nutrient* OR pollutant*) AND (soil OR water OR ocean OR marine OR atmosphere OR air)) OR ((industrial OR military OR agricultur* OR forest*) AND effluent*)))) AND (que*bec OR canada OR montr*al or Saint-Lawrence or Bas-Saint-Laurent or Saguenay or Lac-Saint-Jean  or Capitale-Nationale or Mauricie or Estrie or Outaouais or Abitibi-T*miscamingue or C*te-Nord or Nord-du-Qu*bec or Gasp*sie–*les-de-la-Madeleine or Chaudi*re-Appalaches or Laval or Lanaudi*re or Laurentides or Mont*r*gie or Centre-du-Qu*bec))"
Direct exploitation of natural resources,Pollution,"((((((natur* AND resource*) OR material* OR (biomass OR ""fossil fuel*"" OR ore* OR mineral*)) OR ((biological AND resource*) OR wildlife OR animal* OR plant* OR population*) OR water) AND ((overextraction OR overexploitation) OR (extraction OR exploitation OR withdraw*) OR depletion OR (hunting OR collect* OR gather* OR poaching OR ""bush meat*""))) OR ((forest* OR wood OR timber*) AND (harvest* OR logging*)) OR (soil* AND (erosion OR acidification OR degradation)) OR (fisher* OR fishing OR (bycatch OR by-catch)))) AND (((pollut* OR contamin* OR emission* OR spill-over* OR disposal* OR deposition* OR load* OR dump* OR discharge*) OR ((noise OR light OR gas* OR particle* OR particulate* OR nitrogen OR sulphur* OR phosphor* OR waste* OR garbage OR sewage OR pesticide* OR fertilizer* OR nutrient* OR ""oil spill*"" OR metal OR salinization OR salinisation OR acidification OR solid OR plastic OR mercury OR nutrient* OR pollutant*) AND (soil OR water OR ocean OR marine OR atmosphere OR air)) OR ((industrial OR military OR agricultur* OR forest*) AND effluent*)))",Ecosystem function,NA,"(""ecosystem function"" OR ""net primary productivity"" OR ""secondary productivity"" OR ""nutrient retention"" OR ""disturbance regime"" OR ""carbon sequestration"")","TS=(((""ecosystem function"" OR ""net primary productivity"" OR ""secondary productivity"" OR ""nutrient retention"" OR ""disturbance regime"" OR ""carbon sequestration"")) AND (((((((natur* AND resource*) OR material* OR (biomass OR ""fossil fuel*"" OR ore* OR mineral*)) OR ((biological AND resource*) OR wildlife OR animal* OR plant* OR population*) OR water) AND ((overextraction OR overexploitation) OR (extraction OR exploitation OR withdraw*) OR depletion OR (hunting OR collect* OR gather* OR poaching OR ""bush meat*""))) OR ((forest* OR wood OR timber*) AND (harvest* OR logging*)) OR (soil* AND (erosion OR acidification OR degradation)) OR (fisher* OR fishing OR (bycatch OR by-catch)))) AND (((pollut* OR contamin* OR emission* OR spill-over* OR disposal* OR deposition* OR load* OR dump* OR discharge*) OR ((noise OR light OR gas* OR particle* OR particulate* OR nitrogen OR sulphur* OR phosphor* OR waste* OR garbage OR sewage OR pesticide* OR fertilizer* OR nutrient* OR ""oil spill*"" OR metal OR salinization OR salinisation OR acidification OR solid OR plastic OR mercury OR nutrient* OR pollutant*) AND (soil OR water OR ocean OR marine OR atmosphere OR air)) OR ((industrial OR military OR agricultur* OR forest*) AND effluent*)))) AND (que*bec OR canada OR montr*al or Saint-Lawrence or Bas-Saint-Laurent or Saguenay or Lac-Saint-Jean  or Capitale-Nationale or Mauricie or Estrie or Outaouais or Abitibi-T*miscamingue or C*te-Nord or Nord-du-Qu*bec or Gasp*sie–*les-de-la-Madeleine or Chaudi*re-Appalaches or Laval or Lanaudi*re or Laurentides or Mont*r*gie or Centre-du-Qu*bec))"
Direct exploitation of natural resources,Pollution,"((((((natur* AND resource*) OR material* OR (biomass OR ""fossil fuel*"" OR ore* OR mineral*)) OR ((biological AND resource*) OR wildlife OR animal* OR plant* OR population*) OR water) AND ((overextraction OR overexploitation) OR (extraction OR exploitation OR withdraw*) OR depletion OR (hunting OR collect* OR gather* OR poaching OR ""bush meat*""))) OR ((forest* OR wood OR timber*) AND (harvest* OR logging*)) OR (soil* AND (erosion OR acidification OR degradation)) OR (fisher* OR fishing OR (bycatch OR by-catch)))) AND (((pollut* OR contamin* OR emission* OR spill-over* OR disposal* OR deposition* OR load* OR dump* OR discharge*) OR ((noise OR light OR gas* OR particle* OR particulate* OR nitrogen OR sulphur* OR phosphor* OR waste* OR garbage OR sewage OR pesticide* OR fertilizer* OR nutrient* OR ""oil spill*"" OR metal OR salinization OR salinisation OR acidification OR solid OR plastic OR mercury OR nutrient* OR pollutant*) AND (soil OR water OR ocean OR marine OR atmosphere OR air)) OR ((industrial OR military OR agricultur* OR forest*) AND effluent*)))",Ecosystem structure,NA,"(""ecosystem* structure"" OR ""habitat structure"" OR ((ecosystem OR habitat*) AND ((extent OR area OR coverage OR proportion) AND fragmentation)) OR ((ecosystem OR landscape) AND composition AND ""functional type""))","TS=(((""ecosystem* structure"" OR ""habitat structure"" OR ((ecosystem OR habitat*) AND ((extent OR area OR coverage OR proportion) AND fragmentation)) OR ((ecosystem OR landscape) AND composition AND ""functional type""))) AND (((((((natur* AND resource*) OR material* OR (biomass OR ""fossil fuel*"" OR ore* OR mineral*)) OR ((biological AND resource*) OR wildlife OR animal* OR plant* OR population*) OR water) AND ((overextraction OR overexploitation) OR (extraction OR exploitation OR withdraw*) OR depletion OR (hunting OR collect* OR gather* OR poaching OR ""bush meat*""))) OR ((forest* OR wood OR timber*) AND (harvest* OR logging*)) OR (soil* AND (erosion OR acidification OR degradation)) OR (fisher* OR fishing OR (bycatch OR by-catch)))) AND (((pollut* OR contamin* OR emission* OR spill-over* OR disposal* OR deposition* OR load* OR dump* OR discharge*) OR ((noise OR light OR gas* OR particle* OR particulate* OR nitrogen OR sulphur* OR phosphor* OR waste* OR garbage OR sewage OR pesticide* OR fertilizer* OR nutrient* OR ""oil spill*"" OR metal OR salinization OR salinisation OR acidification OR solid OR plastic OR mercury OR nutrient* OR pollutant*) AND (soil OR water OR ocean OR marine OR atmosphere OR air)) OR ((industrial OR military OR agricultur* OR forest*) AND effluent*)))) AND (que*bec OR canada OR montr*al or Saint-Lawrence or Bas-Saint-Laurent or Saguenay or Lac-Saint-Jean  or Capitale-Nationale or Mauricie or Estrie or Outaouais or Abitibi-T*miscamingue or C*te-Nord or Nord-du-Qu*bec or Gasp*sie–*les-de-la-Madeleine or Chaudi*re-Appalaches or Laval or Lanaudi*re or Laurentides or Mont*r*gie or Centre-du-Qu*bec))"
Direct exploitation of natural resources,Pollution,"((((((natur* AND resource*) OR material* OR (biomass OR ""fossil fuel*"" OR ore* OR mineral*)) OR ((biological AND resource*) OR wildlife OR animal* OR plant* OR population*) OR water) AND ((overextraction OR overexploitation) OR (extraction OR exploitation OR withdraw*) OR depletion OR (hunting OR collect* OR gather* OR poaching OR ""bush meat*""))) OR ((forest* OR wood OR timber*) AND (harvest* OR logging*)) OR (soil* AND (erosion OR acidification OR degradation)) OR (fisher* OR fishing OR (bycatch OR by-catch)))) AND (((pollut* OR contamin* OR emission* OR spill-over* OR disposal* OR deposition* OR load* OR dump* OR discharge*) OR ((noise OR light OR gas* OR particle* OR particulate* OR nitrogen OR sulphur* OR phosphor* OR waste* OR garbage OR sewage OR pesticide* OR fertilizer* OR nutrient* OR ""oil spill*"" OR metal OR salinization OR salinisation OR acidification OR solid OR plastic OR mercury OR nutrient* OR pollutant*) AND (soil OR water OR ocean OR marine OR atmosphere OR air)) OR ((industrial OR military OR agricultur* OR forest*) AND effluent*)))",Genetic composition,NA,"(""genetic* composition"" OR (co-ancestr* OR coancestr) OR ""allel diversit"" OR ""phylogenetic diversit"" OR (""population diversit"" OR (population AND ""genetic differen"")) OR ((breed OR variet) AND diversit) OR ""intra-specific diversit"" OR ""genetic diversit"" OR ""genetic variation"")","TS=(((""genetic* composition"" OR (co-ancestr* OR coancestr) OR ""allel diversit"" OR ""phylogenetic diversit"" OR (""population diversit"" OR (population AND ""genetic differen"")) OR ((breed OR variet) AND diversit) OR ""intra-specific diversit"" OR ""genetic diversit"" OR ""genetic variation"")) AND (((((((natur* AND resource*) OR material* OR (biomass OR ""fossil fuel*"" OR ore* OR mineral*)) OR ((biological AND resource*) OR wildlife OR animal* OR plant* OR population*) OR water) AND ((overextraction OR overexploitation) OR (extraction OR exploitation OR withdraw*) OR depletion OR (hunting OR collect* OR gather* OR poaching OR ""bush meat*""))) OR ((forest* OR wood OR timber*) AND (harvest* OR logging*)) OR (soil* AND (erosion OR acidification OR degradation)) OR (fisher* OR fishing OR (bycatch OR by-catch)))) AND (((pollut* OR contamin* OR emission* OR spill-over* OR disposal* OR deposition* OR load* OR dump* OR discharge*) OR ((noise OR light OR gas* OR particle* OR particulate* OR nitrogen OR sulphur* OR phosphor* OR waste* OR garbage OR sewage OR pesticide* OR fertilizer* OR nutrient* OR ""oil spill*"" OR metal OR salinization OR salinisation OR acidification OR solid OR plastic OR mercury OR nutrient* OR pollutant*) AND (soil OR water OR ocean OR marine OR atmosphere OR air)) OR ((industrial OR military OR agricultur* OR forest*) AND effluent*)))) AND (que*bec OR canada OR montr*al or Saint-Lawrence or Bas-Saint-Laurent or Saguenay or Lac-Saint-Jean  or Capitale-Nationale or Mauricie or Estrie or Outaouais or Abitibi-T*miscamingue or C*te-Nord or Nord-du-Qu*bec or Gasp*sie–*les-de-la-Madeleine or Chaudi*re-Appalaches or Laval or Lanaudi*re or Laurentides or Mont*r*gie or Centre-du-Qu*bec))"
Direct exploitation of natural resources,Pollution,"((((((natur* AND resource*) OR material* OR (biomass OR ""fossil fuel*"" OR ore* OR mineral*)) OR ((biological AND resource*) OR wildlife OR animal* OR plant* OR population*) OR water) AND ((overextraction OR overexploitation) OR (extraction OR exploitation OR withdraw*) OR depletion OR (hunting OR collect* OR gather* OR poaching OR ""bush meat*""))) OR ((forest* OR wood OR timber*) AND (harvest* OR logging*)) OR (soil* AND (erosion OR acidification OR degradation)) OR (fisher* OR fishing OR (bycatch OR by-catch)))) AND (((pollut* OR contamin* OR emission* OR spill-over* OR disposal* OR deposition* OR load* OR dump* OR discharge*) OR ((noise OR light OR gas* OR particle* OR particulate* OR nitrogen OR sulphur* OR phosphor* OR waste* OR garbage OR sewage OR pesticide* OR fertilizer* OR nutrient* OR ""oil spill*"" OR metal OR salinization OR salinisation OR acidification OR solid OR plastic OR mercury OR nutrient* OR pollutant*) AND (soil OR water OR ocean OR marine OR atmosphere OR air)) OR ((industrial OR military OR agricultur* OR forest*) AND effluent*)))",Species populations,NA,(species OR population) AND ((distribution OR range) OR (abundance OR size* OR densit* OR demograph* OR dynamic* OR reproduct* OR surviv* OR growth OR persistence OR viab*) OR (structure AND (age OR size))),"TS=(((species OR population) AND ((distribution OR range) OR (abundance OR size* OR densit* OR demograph* OR dynamic* OR reproduct* OR surviv* OR growth OR persistence OR viab*) OR (structure AND (age OR size)))) AND (((((((natur* AND resource*) OR material* OR (biomass OR ""fossil fuel*"" OR ore* OR mineral*)) OR ((biological AND resource*) OR wildlife OR animal* OR plant* OR population*) OR water) AND ((overextraction OR overexploitation) OR (extraction OR exploitation OR withdraw*) OR depletion OR (hunting OR collect* OR gather* OR poaching OR ""bush meat*""))) OR ((forest* OR wood OR timber*) AND (harvest* OR logging*)) OR (soil* AND (erosion OR acidification OR degradation)) OR (fisher* OR fishing OR (bycatch OR by-catch)))) AND (((pollut* OR contamin* OR emission* OR spill-over* OR disposal* OR deposition* OR load* OR dump* OR discharge*) OR ((noise OR light OR gas* OR particle* OR particulate* OR nitrogen OR sulphur* OR phosphor* OR waste* OR garbage OR sewage OR pesticide* OR fertilizer* OR nutrient* OR ""oil spill*"" OR metal OR salinization OR salinisation OR acidification OR solid OR plastic OR mercury OR nutrient* OR pollutant*) AND (soil OR water OR ocean OR marine OR atmosphere OR air)) OR ((industrial OR military OR agricultur* OR forest*) AND effluent*)))) AND (que*bec OR canada OR montr*al or Saint-Lawrence or Bas-Saint-Laurent or Saguenay or Lac-Saint-Jean  or Capitale-Nationale or Mauricie or Estrie or Outaouais or Abitibi-T*miscamingue or C*te-Nord or Nord-du-Qu*bec or Gasp*sie–*les-de-la-Madeleine or Chaudi*re-Appalaches or Laval or Lanaudi*re or Laurentides or Mont*r*gie or Centre-du-Qu*bec))"
Direct exploitation of natural resources,Pollution,"((((((natur* AND resource*) OR material* OR (biomass OR ""fossil fuel*"" OR ore* OR mineral*)) OR ((biological AND resource*) OR wildlife OR animal* OR plant* OR population*) OR water) AND ((overextraction OR overexploitation) OR (extraction OR exploitation OR withdraw*) OR depletion OR (hunting OR collect* OR gather* OR poaching OR ""bush meat*""))) OR ((forest* OR wood OR timber*) AND (harvest* OR logging*)) OR (soil* AND (erosion OR acidification OR degradation)) OR (fisher* OR fishing OR (bycatch OR by-catch)))) AND (((pollut* OR contamin* OR emission* OR spill-over* OR disposal* OR deposition* OR load* OR dump* OR discharge*) OR ((noise OR light OR gas* OR particle* OR particulate* OR nitrogen OR sulphur* OR phosphor* OR waste* OR garbage OR sewage OR pesticide* OR fertilizer* OR nutrient* OR ""oil spill*"" OR metal OR salinization OR salinisation OR acidification OR solid OR plastic OR mercury OR nutrient* OR pollutant*) AND (soil OR water OR ocean OR marine OR atmosphere OR air)) OR ((industrial OR military OR agricultur* OR forest*) AND effluent*)))",Species traits,NA,"((""ecological trait"" OR ""biological trait"" OR ""species trait"") OR (""body mass"" OR ""body size"") OR ""natal dispers"" OR ((migrat* OR dispers* OR demograph* OR physiolog* OR life-history* OR phenolog) AND (trait OR behav* OR attribute OR feature)))","TS=((((""ecological trait"" OR ""biological trait"" OR ""species trait"") OR (""body mass"" OR ""body size"") OR ""natal dispers"" OR ((migrat* OR dispers* OR demograph* OR physiolog* OR life-history* OR phenolog) AND (trait OR behav* OR attribute OR feature)))) AND (((((((natur* AND resource*) OR material* OR (biomass OR ""fossil fuel*"" OR ore* OR mineral*)) OR ((biological AND resource*) OR wildlife OR animal* OR plant* OR population*) OR water) AND ((overextraction OR overexploitation) OR (extraction OR exploitation OR withdraw*) OR depletion OR (hunting OR collect* OR gather* OR poaching OR ""bush meat*""))) OR ((forest* OR wood OR timber*) AND (harvest* OR logging*)) OR (soil* AND (erosion OR acidification OR degradation)) OR (fisher* OR fishing OR (bycatch OR by-catch)))) AND (((pollut* OR contamin* OR emission* OR spill-over* OR disposal* OR deposition* OR load* OR dump* OR discharge*) OR ((noise OR light OR gas* OR particle* OR particulate* OR nitrogen OR sulphur* OR phosphor* OR waste* OR garbage OR sewage OR pesticide* OR fertilizer* OR nutrient* OR ""oil spill*"" OR metal OR salinization OR salinisation OR acidification OR solid OR plastic OR mercury OR nutrient* OR pollutant*) AND (soil OR water OR ocean OR marine OR atmosphere OR air)) OR ((industrial OR military OR agricultur* OR forest*) AND effluent*)))) AND (que*bec OR canada OR montr*al or Saint-Lawrence or Bas-Saint-Laurent or Saguenay or Lac-Saint-Jean  or Capitale-Nationale or Mauricie or Estrie or Outaouais or Abitibi-T*miscamingue or C*te-Nord or Nord-du-Qu*bec or Gasp*sie–*les-de-la-Madeleine or Chaudi*re-Appalaches or Laval or Lanaudi*re or Laurentides or Mont*r*gie or Centre-du-Qu*bec))"
Direct exploitation of natural resources,Pollution,"((((((natur* AND resource*) OR material* OR (biomass OR ""fossil fuel*"" OR ore* OR mineral*)) OR ((biological AND resource*) OR wildlife OR animal* OR plant* OR population*) OR water) AND ((overextraction OR overexploitation) OR (extraction OR exploitation OR withdraw*) OR depletion OR (hunting OR collect* OR gather* OR poaching OR ""bush meat*""))) OR ((forest* OR wood OR timber*) AND (harvest* OR logging*)) OR (soil* AND (erosion OR acidification OR degradation)) OR (fisher* OR fishing OR (bycatch OR by-catch)))) AND (((pollut* OR contamin* OR emission* OR spill-over* OR disposal* OR deposition* OR load* OR dump* OR discharge*) OR ((noise OR light OR gas* OR particle* OR particulate* OR nitrogen OR sulphur* OR phosphor* OR waste* OR garbage OR sewage OR pesticide* OR fertilizer* OR nutrient* OR ""oil spill*"" OR metal OR salinization OR salinisation OR acidification OR solid OR plastic OR mercury OR nutrient* OR pollutant*) AND (soil OR water OR ocean OR marine OR atmosphere OR air)) OR ((industrial OR military OR agricultur* OR forest*) AND effluent*)))",Community composition,Global bird species richness,"(global OR world*) AND bird* AND ""species richness""","TS=(((global OR world*) AND bird* AND ""species richness"") AND (((((((natur* AND resource*) OR material* OR (biomass OR ""fossil fuel*"" OR ore* OR mineral*)) OR ((biological AND resource*) OR wildlife OR animal* OR plant* OR population*) OR water) AND ((overextraction OR overexploitation) OR (extraction OR exploitation OR withdraw*) OR depletion OR (hunting OR collect* OR gather* OR poaching OR ""bush meat*""))) OR ((forest* OR wood OR timber*) AND (harvest* OR logging*)) OR (soil* AND (erosion OR acidification OR degradation)) OR (fisher* OR fishing OR (bycatch OR by-catch)))) AND (((pollut* OR contamin* OR emission* OR spill-over* OR disposal* OR deposition* OR load* OR dump* OR discharge*) OR ((noise OR light OR gas* OR particle* OR particulate* OR nitrogen OR sulphur* OR phosphor* OR waste* OR garbage OR sewage OR pesticide* OR fertilizer* OR nutrient* OR ""oil spill*"" OR metal OR salinization OR salinisation OR acidification OR solid OR plastic OR mercury OR nutrient* OR pollutant*) AND (soil OR water OR ocean OR marine OR atmosphere OR air)) OR ((industrial OR military OR agricultur* OR forest*) AND effluent*)))) AND (que*bec OR canada OR montr*al or Saint-Lawrence or Bas-Saint-Laurent or Saguenay or Lac-Saint-Jean  or Capitale-Nationale or Mauricie or Estrie or Outaouais or Abitibi-T*miscamingue or C*te-Nord or Nord-du-Qu*bec or Gasp*sie–*les-de-la-Madeleine or Chaudi*re-Appalaches or Laval or Lanaudi*re or Laurentides or Mont*r*gie or Centre-du-Qu*bec))"
Direct exploitation of natural resources,Pollution,"((((((natur* AND resource*) OR material* OR (biomass OR ""fossil fuel*"" OR ore* OR mineral*)) OR ((biological AND resource*) OR wildlife OR animal* OR plant* OR population*) OR water) AND ((overextraction OR overexploitation) OR (extraction OR exploitation OR withdraw*) OR depletion OR (hunting OR collect* OR gather* OR poaching OR ""bush meat*""))) OR ((forest* OR wood OR timber*) AND (harvest* OR logging*)) OR (soil* AND (erosion OR acidification OR degradation)) OR (fisher* OR fishing OR (bycatch OR by-catch)))) AND (((pollut* OR contamin* OR emission* OR spill-over* OR disposal* OR deposition* OR load* OR dump* OR discharge*) OR ((noise OR light OR gas* OR particle* OR particulate* OR nitrogen OR sulphur* OR phosphor* OR waste* OR garbage OR sewage OR pesticide* OR fertilizer* OR nutrient* OR ""oil spill*"" OR metal OR salinization OR salinisation OR acidification OR solid OR plastic OR mercury OR nutrient* OR pollutant*) AND (soil OR water OR ocean OR marine OR atmosphere OR air)) OR ((industrial OR military OR agricultur* OR forest*) AND effluent*)))",Community composition,Local species richness,"((species OR assemblage*) AND (richness OR diversit*) AND (local OR location* OR sample*)) AND (global OR world*) AND (""time series"" OR ""time-series"" OR temporal)","TS=((((species OR assemblage*) AND (richness OR diversit*) AND (local OR location* OR sample*)) AND (global OR world*) AND (""time series"" OR ""time-series"" OR temporal)) AND (((((((natur* AND resource*) OR material* OR (biomass OR ""fossil fuel*"" OR ore* OR mineral*)) OR ((biological AND resource*) OR wildlife OR animal* OR plant* OR population*) OR water) AND ((overextraction OR overexploitation) OR (extraction OR exploitation OR withdraw*) OR depletion OR (hunting OR collect* OR gather* OR poaching OR ""bush meat*""))) OR ((forest* OR wood OR timber*) AND (harvest* OR logging*)) OR (soil* AND (erosion OR acidification OR degradation)) OR (fisher* OR fishing OR (bycatch OR by-catch)))) AND (((pollut* OR contamin* OR emission* OR spill-over* OR disposal* OR deposition* OR load* OR dump* OR discharge*) OR ((noise OR light OR gas* OR particle* OR particulate* OR nitrogen OR sulphur* OR phosphor* OR waste* OR garbage OR sewage OR pesticide* OR fertilizer* OR nutrient* OR ""oil spill*"" OR metal OR salinization OR salinisation OR acidification OR solid OR plastic OR mercury OR nutrient* OR pollutant*) AND (soil OR water OR ocean OR marine OR atmosphere OR air)) OR ((industrial OR military OR agricultur* OR forest*) AND effluent*)))) AND (que*bec OR canada OR montr*al or Saint-Lawrence or Bas-Saint-Laurent or Saguenay or Lac-Saint-Jean  or Capitale-Nationale or Mauricie or Estrie or Outaouais or Abitibi-T*miscamingue or C*te-Nord or Nord-du-Qu*bec or Gasp*sie–*les-de-la-Madeleine or Chaudi*re-Appalaches or Laval or Lanaudi*re or Laurentides or Mont*r*gie or Centre-du-Qu*bec))"
Direct exploitation of natural resources,Pollution,"((((((natur* AND resource*) OR material* OR (biomass OR ""fossil fuel*"" OR ore* OR mineral*)) OR ((biological AND resource*) OR wildlife OR animal* OR plant* OR population*) OR water) AND ((overextraction OR overexploitation) OR (extraction OR exploitation OR withdraw*) OR depletion OR (hunting OR collect* OR gather* OR poaching OR ""bush meat*""))) OR ((forest* OR wood OR timber*) AND (harvest* OR logging*)) OR (soil* AND (erosion OR acidification OR degradation)) OR (fisher* OR fishing OR (bycatch OR by-catch)))) AND (((pollut* OR contamin* OR emission* OR spill-over* OR disposal* OR deposition* OR load* OR dump* OR discharge*) OR ((noise OR light OR gas* OR particle* OR particulate* OR nitrogen OR sulphur* OR phosphor* OR waste* OR garbage OR sewage OR pesticide* OR fertilizer* OR nutrient* OR ""oil spill*"" OR metal OR salinization OR salinisation OR acidification OR solid OR plastic OR mercury OR nutrient* OR pollutant*) AND (soil OR water OR ocean OR marine OR atmosphere OR air)) OR ((industrial OR military OR agricultur* OR forest*) AND effluent*)))",Community composition,Local species turnover,"((species OR assemblage*) AND (turnover OR (composition* AND (change OR similarit*))) AND (local OR location* OR sample*)) AND (global OR world*) AND (""time series"" OR ""time-series"" OR temporal)","TS=((((species OR assemblage*) AND (turnover OR (composition* AND (change OR similarit*))) AND (local OR location* OR sample*)) AND (global OR world*) AND (""time series"" OR ""time-series"" OR temporal)) AND (((((((natur* AND resource*) OR material* OR (biomass OR ""fossil fuel*"" OR ore* OR mineral*)) OR ((biological AND resource*) OR wildlife OR animal* OR plant* OR population*) OR water) AND ((overextraction OR overexploitation) OR (extraction OR exploitation OR withdraw*) OR depletion OR (hunting OR collect* OR gather* OR poaching OR ""bush meat*""))) OR ((forest* OR wood OR timber*) AND (harvest* OR logging*)) OR (soil* AND (erosion OR acidification OR degradation)) OR (fisher* OR fishing OR (bycatch OR by-catch)))) AND (((pollut* OR contamin* OR emission* OR spill-over* OR disposal* OR deposition* OR load* OR dump* OR discharge*) OR ((noise OR light OR gas* OR particle* OR particulate* OR nitrogen OR sulphur* OR phosphor* OR waste* OR garbage OR sewage OR pesticide* OR fertilizer* OR nutrient* OR ""oil spill*"" OR metal OR salinization OR salinisation OR acidification OR solid OR plastic OR mercury OR nutrient* OR pollutant*) AND (soil OR water OR ocean OR marine OR atmosphere OR air)) OR ((industrial OR military OR agricultur* OR forest*) AND effluent*)))) AND (que*bec OR canada OR montr*al or Saint-Lawrence or Bas-Saint-Laurent or Saguenay or Lac-Saint-Jean  or Capitale-Nationale or Mauricie or Estrie or Outaouais or Abitibi-T*miscamingue or C*te-Nord or Nord-du-Qu*bec or Gasp*sie–*les-de-la-Madeleine or Chaudi*re-Appalaches or Laval or Lanaudi*re or Laurentides or Mont*r*gie or Centre-du-Qu*bec))"
Direct exploitation of natural resources,Pollution,"((((((natur* AND resource*) OR material* OR (biomass OR ""fossil fuel*"" OR ore* OR mineral*)) OR ((biological AND resource*) OR wildlife OR animal* OR plant* OR population*) OR water) AND ((overextraction OR overexploitation) OR (extraction OR exploitation OR withdraw*) OR depletion OR (hunting OR collect* OR gather* OR poaching OR ""bush meat*""))) OR ((forest* OR wood OR timber*) AND (harvest* OR logging*)) OR (soil* AND (erosion OR acidification OR degradation)) OR (fisher* OR fishing OR (bycatch OR by-catch)))) AND (((pollut* OR contamin* OR emission* OR spill-over* OR disposal* OR deposition* OR load* OR dump* OR discharge*) OR ((noise OR light OR gas* OR particle* OR particulate* OR nitrogen OR sulphur* OR phosphor* OR waste* OR garbage OR sewage OR pesticide* OR fertilizer* OR nutrient* OR ""oil spill*"" OR metal OR salinization OR salinisation OR acidification OR solid OR plastic OR mercury OR nutrient* OR pollutant*) AND (soil OR water OR ocean OR marine OR atmosphere OR air)) OR ((industrial OR military OR agricultur* OR forest*) AND effluent*)))",Community composition,Mean species abundance,"""mean species abundance"" OR GLOBIO","TS=((""mean species abundance"" OR GLOBIO) AND (((((((natur* AND resource*) OR material* OR (biomass OR ""fossil fuel*"" OR ore* OR mineral*)) OR ((biological AND resource*) OR wildlife OR animal* OR plant* OR population*) OR water) AND ((overextraction OR overexploitation) OR (extraction OR exploitation OR withdraw*) OR depletion OR (hunting OR collect* OR gather* OR poaching OR ""bush meat*""))) OR ((forest* OR wood OR timber*) AND (harvest* OR logging*)) OR (soil* AND (erosion OR acidification OR degradation)) OR (fisher* OR fishing OR (bycatch OR by-catch)))) AND (((pollut* OR contamin* OR emission* OR spill-over* OR disposal* OR deposition* OR load* OR dump* OR discharge*) OR ((noise OR light OR gas* OR particle* OR particulate* OR nitrogen OR sulphur* OR phosphor* OR waste* OR garbage OR sewage OR pesticide* OR fertilizer* OR nutrient* OR ""oil spill*"" OR metal OR salinization OR salinisation OR acidification OR solid OR plastic OR mercury OR nutrient* OR pollutant*) AND (soil OR water OR ocean OR marine OR atmosphere OR air)) OR ((industrial OR military OR agricultur* OR forest*) AND effluent*)))) AND (que*bec OR canada OR montr*al or Saint-Lawrence or Bas-Saint-Laurent or Saguenay or Lac-Saint-Jean  or Capitale-Nationale or Mauricie or Estrie or Outaouais or Abitibi-T*miscamingue or C*te-Nord or Nord-du-Qu*bec or Gasp*sie–*les-de-la-Madeleine or Chaudi*re-Appalaches or Laval or Lanaudi*re or Laurentides or Mont*r*gie or Centre-du-Qu*bec))"
Direct exploitation of natural resources,Pollution,"((((((natur* AND resource*) OR material* OR (biomass OR ""fossil fuel*"" OR ore* OR mineral*)) OR ((biological AND resource*) OR wildlife OR animal* OR plant* OR population*) OR water) AND ((overextraction OR overexploitation) OR (extraction OR exploitation OR withdraw*) OR depletion OR (hunting OR collect* OR gather* OR poaching OR ""bush meat*""))) OR ((forest* OR wood OR timber*) AND (harvest* OR logging*)) OR (soil* AND (erosion OR acidification OR degradation)) OR (fisher* OR fishing OR (bycatch OR by-catch)))) AND (((pollut* OR contamin* OR emission* OR spill-over* OR disposal* OR deposition* OR load* OR dump* OR discharge*) OR ((noise OR light OR gas* OR particle* OR particulate* OR nitrogen OR sulphur* OR phosphor* OR waste* OR garbage OR sewage OR pesticide* OR fertilizer* OR nutrient* OR ""oil spill*"" OR metal OR salinization OR salinisation OR acidification OR solid OR plastic OR mercury OR nutrient* OR pollutant*) AND (soil OR water OR ocean OR marine OR atmosphere OR air)) OR ((industrial OR military OR agricultur* OR forest*) AND effluent*)))",Ecosystem function,Net primary productivity,"""net primary product*""","TS=((""net primary product*"") AND (((((((natur* AND resource*) OR material* OR (biomass OR ""fossil fuel*"" OR ore* OR mineral*)) OR ((biological AND resource*) OR wildlife OR animal* OR plant* OR population*) OR water) AND ((overextraction OR overexploitation) OR (extraction OR exploitation OR withdraw*) OR depletion OR (hunting OR collect* OR gather* OR poaching OR ""bush meat*""))) OR ((forest* OR wood OR timber*) AND (harvest* OR logging*)) OR (soil* AND (erosion OR acidification OR degradation)) OR (fisher* OR fishing OR (bycatch OR by-catch)))) AND (((pollut* OR contamin* OR emission* OR spill-over* OR disposal* OR deposition* OR load* OR dump* OR discharge*) OR ((noise OR light OR gas* OR particle* OR particulate* OR nitrogen OR sulphur* OR phosphor* OR waste* OR garbage OR sewage OR pesticide* OR fertilizer* OR nutrient* OR ""oil spill*"" OR metal OR salinization OR salinisation OR acidification OR solid OR plastic OR mercury OR nutrient* OR pollutant*) AND (soil OR water OR ocean OR marine OR atmosphere OR air)) OR ((industrial OR military OR agricultur* OR forest*) AND effluent*)))) AND (que*bec OR canada OR montr*al or Saint-Lawrence or Bas-Saint-Laurent or Saguenay or Lac-Saint-Jean  or Capitale-Nationale or Mauricie or Estrie or Outaouais or Abitibi-T*miscamingue or C*te-Nord or Nord-du-Qu*bec or Gasp*sie–*les-de-la-Madeleine or Chaudi*re-Appalaches or Laval or Lanaudi*re or Laurentides or Mont*r*gie or Centre-du-Qu*bec))"
Direct exploitation of natural resources,Pollution,"((((((natur* AND resource*) OR material* OR (biomass OR ""fossil fuel*"" OR ore* OR mineral*)) OR ((biological AND resource*) OR wildlife OR animal* OR plant* OR population*) OR water) AND ((overextraction OR overexploitation) OR (extraction OR exploitation OR withdraw*) OR depletion OR (hunting OR collect* OR gather* OR poaching OR ""bush meat*""))) OR ((forest* OR wood OR timber*) AND (harvest* OR logging*)) OR (soil* AND (erosion OR acidification OR degradation)) OR (fisher* OR fishing OR (bycatch OR by-catch)))) AND (((pollut* OR contamin* OR emission* OR spill-over* OR disposal* OR deposition* OR load* OR dump* OR discharge*) OR ((noise OR light OR gas* OR particle* OR particulate* OR nitrogen OR sulphur* OR phosphor* OR waste* OR garbage OR sewage OR pesticide* OR fertilizer* OR nutrient* OR ""oil spill*"" OR metal OR salinization OR salinisation OR acidification OR solid OR plastic OR mercury OR nutrient* OR pollutant*) AND (soil OR water OR ocean OR marine OR atmosphere OR air)) OR ((industrial OR military OR agricultur* OR forest*) AND effluent*)))",Ecosystem structure,Area of mangrove forest cover,(extent OR area OR cover* OR proportion OR percentage OR land OR landscape) AND mangrove* AND forest*,"TS=(((extent OR area OR cover* OR proportion OR percentage OR land OR landscape) AND mangrove* AND forest*) AND (((((((natur* AND resource*) OR material* OR (biomass OR ""fossil fuel*"" OR ore* OR mineral*)) OR ((biological AND resource*) OR wildlife OR animal* OR plant* OR population*) OR water) AND ((overextraction OR overexploitation) OR (extraction OR exploitation OR withdraw*) OR depletion OR (hunting OR collect* OR gather* OR poaching OR ""bush meat*""))) OR ((forest* OR wood OR timber*) AND (harvest* OR logging*)) OR (soil* AND (erosion OR acidification OR degradation)) OR (fisher* OR fishing OR (bycatch OR by-catch)))) AND (((pollut* OR contamin* OR emission* OR spill-over* OR disposal* OR deposition* OR load* OR dump* OR discharge*) OR ((noise OR light OR gas* OR particle* OR particulate* OR nitrogen OR sulphur* OR phosphor* OR waste* OR garbage OR sewage OR pesticide* OR fertilizer* OR nutrient* OR ""oil spill*"" OR metal OR salinization OR salinisation OR acidification OR solid OR plastic OR mercury OR nutrient* OR pollutant*) AND (soil OR water OR ocean OR marine OR atmosphere OR air)) OR ((industrial OR military OR agricultur* OR forest*) AND effluent*)))) AND (que*bec OR canada OR montr*al or Saint-Lawrence or Bas-Saint-Laurent or Saguenay or Lac-Saint-Jean  or Capitale-Nationale or Mauricie or Estrie or Outaouais or Abitibi-T*miscamingue or C*te-Nord or Nord-du-Qu*bec or Gasp*sie–*les-de-la-Madeleine or Chaudi*re-Appalaches or Laval or Lanaudi*re or Laurentides or Mont*r*gie or Centre-du-Qu*bec))"
Direct exploitation of natural resources,Pollution,"((((((natur* AND resource*) OR material* OR (biomass OR ""fossil fuel*"" OR ore* OR mineral*)) OR ((biological AND resource*) OR wildlife OR animal* OR plant* OR population*) OR water) AND ((overextraction OR overexploitation) OR (extraction OR exploitation OR withdraw*) OR depletion OR (hunting OR collect* OR gather* OR poaching OR ""bush meat*""))) OR ((forest* OR wood OR timber*) AND (harvest* OR logging*)) OR (soil* AND (erosion OR acidification OR degradation)) OR (fisher* OR fishing OR (bycatch OR by-catch)))) AND (((pollut* OR contamin* OR emission* OR spill-over* OR disposal* OR deposition* OR load* OR dump* OR discharge*) OR ((noise OR light OR gas* OR particle* OR particulate* OR nitrogen OR sulphur* OR phosphor* OR waste* OR garbage OR sewage OR pesticide* OR fertilizer* OR nutrient* OR ""oil spill*"" OR metal OR salinization OR salinisation OR acidification OR solid OR plastic OR mercury OR nutrient* OR pollutant*) AND (soil OR water OR ocean OR marine OR atmosphere OR air)) OR ((industrial OR military OR agricultur* OR forest*) AND effluent*)))",Ecosystem structure,Extent of intact forest landscapes,(extent OR area OR cover* OR proportion OR percentage OR land OR landscape) AND intact* AND forest*,"TS=(((extent OR area OR cover* OR proportion OR percentage OR land OR landscape) AND intact* AND forest*) AND (((((((natur* AND resource*) OR material* OR (biomass OR ""fossil fuel*"" OR ore* OR mineral*)) OR ((biological AND resource*) OR wildlife OR animal* OR plant* OR population*) OR water) AND ((overextraction OR overexploitation) OR (extraction OR exploitation OR withdraw*) OR depletion OR (hunting OR collect* OR gather* OR poaching OR ""bush meat*""))) OR ((forest* OR wood OR timber*) AND (harvest* OR logging*)) OR (soil* AND (erosion OR acidification OR degradation)) OR (fisher* OR fishing OR (bycatch OR by-catch)))) AND (((pollut* OR contamin* OR emission* OR spill-over* OR disposal* OR deposition* OR load* OR dump* OR discharge*) OR ((noise OR light OR gas* OR particle* OR particulate* OR nitrogen OR sulphur* OR phosphor* OR waste* OR garbage OR sewage OR pesticide* OR fertilizer* OR nutrient* OR ""oil spill*"" OR metal OR salinization OR salinisation OR acidification OR solid OR plastic OR mercury OR nutrient* OR pollutant*) AND (soil OR water OR ocean OR marine OR atmosphere OR air)) OR ((industrial OR military OR agricultur* OR forest*) AND effluent*)))) AND (que*bec OR canada OR montr*al or Saint-Lawrence or Bas-Saint-Laurent or Saguenay or Lac-Saint-Jean  or Capitale-Nationale or Mauricie or Estrie or Outaouais or Abitibi-T*miscamingue or C*te-Nord or Nord-du-Qu*bec or Gasp*sie–*les-de-la-Madeleine or Chaudi*re-Appalaches or Laval or Lanaudi*re or Laurentides or Mont*r*gie or Centre-du-Qu*bec))"
Direct exploitation of natural resources,Pollution,"((((((natur* AND resource*) OR material* OR (biomass OR ""fossil fuel*"" OR ore* OR mineral*)) OR ((biological AND resource*) OR wildlife OR animal* OR plant* OR population*) OR water) AND ((overextraction OR overexploitation) OR (extraction OR exploitation OR withdraw*) OR depletion OR (hunting OR collect* OR gather* OR poaching OR ""bush meat*""))) OR ((forest* OR wood OR timber*) AND (harvest* OR logging*)) OR (soil* AND (erosion OR acidification OR degradation)) OR (fisher* OR fishing OR (bycatch OR by-catch)))) AND (((pollut* OR contamin* OR emission* OR spill-over* OR disposal* OR deposition* OR load* OR dump* OR discharge*) OR ((noise OR light OR gas* OR particle* OR particulate* OR nitrogen OR sulphur* OR phosphor* OR waste* OR garbage OR sewage OR pesticide* OR fertilizer* OR nutrient* OR ""oil spill*"" OR metal OR salinization OR salinisation OR acidification OR solid OR plastic OR mercury OR nutrient* OR pollutant*) AND (soil OR water OR ocean OR marine OR atmosphere OR air)) OR ((industrial OR military OR agricultur* OR forest*) AND effluent*)))",Ecosystem structure,Extent of remaining primary vegetation,(extent OR area OR cover* OR proportion OR percentage) AND (primary OR natural) AND vegetation,"TS=(((extent OR area OR cover* OR proportion OR percentage) AND (primary OR natural) AND vegetation) AND (((((((natur* AND resource*) OR material* OR (biomass OR ""fossil fuel*"" OR ore* OR mineral*)) OR ((biological AND resource*) OR wildlife OR animal* OR plant* OR population*) OR water) AND ((overextraction OR overexploitation) OR (extraction OR exploitation OR withdraw*) OR depletion OR (hunting OR collect* OR gather* OR poaching OR ""bush meat*""))) OR ((forest* OR wood OR timber*) AND (harvest* OR logging*)) OR (soil* AND (erosion OR acidification OR degradation)) OR (fisher* OR fishing OR (bycatch OR by-catch)))) AND (((pollut* OR contamin* OR emission* OR spill-over* OR disposal* OR deposition* OR load* OR dump* OR discharge*) OR ((noise OR light OR gas* OR particle* OR particulate* OR nitrogen OR sulphur* OR phosphor* OR waste* OR garbage OR sewage OR pesticide* OR fertilizer* OR nutrient* OR ""oil spill*"" OR metal OR salinization OR salinisation OR acidification OR solid OR plastic OR mercury OR nutrient* OR pollutant*) AND (soil OR water OR ocean OR marine OR atmosphere OR air)) OR ((industrial OR military OR agricultur* OR forest*) AND effluent*)))) AND (que*bec OR canada OR montr*al or Saint-Lawrence or Bas-Saint-Laurent or Saguenay or Lac-Saint-Jean  or Capitale-Nationale or Mauricie or Estrie or Outaouais or Abitibi-T*miscamingue or C*te-Nord or Nord-du-Qu*bec or Gasp*sie–*les-de-la-Madeleine or Chaudi*re-Appalaches or Laval or Lanaudi*re or Laurentides or Mont*r*gie or Centre-du-Qu*bec))"
Direct exploitation of natural resources,Pollution,"((((((natur* AND resource*) OR material* OR (biomass OR ""fossil fuel*"" OR ore* OR mineral*)) OR ((biological AND resource*) OR wildlife OR animal* OR plant* OR population*) OR water) AND ((overextraction OR overexploitation) OR (extraction OR exploitation OR withdraw*) OR depletion OR (hunting OR collect* OR gather* OR poaching OR ""bush meat*""))) OR ((forest* OR wood OR timber*) AND (harvest* OR logging*)) OR (soil* AND (erosion OR acidification OR degradation)) OR (fisher* OR fishing OR (bycatch OR by-catch)))) AND (((pollut* OR contamin* OR emission* OR spill-over* OR disposal* OR deposition* OR load* OR dump* OR discharge*) OR ((noise OR light OR gas* OR particle* OR particulate* OR nitrogen OR sulphur* OR phosphor* OR waste* OR garbage OR sewage OR pesticide* OR fertilizer* OR nutrient* OR ""oil spill*"" OR metal OR salinization OR salinisation OR acidification OR solid OR plastic OR mercury OR nutrient* OR pollutant*) AND (soil OR water OR ocean OR marine OR atmosphere OR air)) OR ((industrial OR military OR agricultur* OR forest*) AND effluent*)))",Ecosystem structure,Extent of remaining wilderness,(extent OR area OR cover* OR proportion OR percentage OR land OR landscape) AND wilderness*,"TS=(((extent OR area OR cover* OR proportion OR percentage OR land OR landscape) AND wilderness*) AND (((((((natur* AND resource*) OR material* OR (biomass OR ""fossil fuel*"" OR ore* OR mineral*)) OR ((biological AND resource*) OR wildlife OR animal* OR plant* OR population*) OR water) AND ((overextraction OR overexploitation) OR (extraction OR exploitation OR withdraw*) OR depletion OR (hunting OR collect* OR gather* OR poaching OR ""bush meat*""))) OR ((forest* OR wood OR timber*) AND (harvest* OR logging*)) OR (soil* AND (erosion OR acidification OR degradation)) OR (fisher* OR fishing OR (bycatch OR by-catch)))) AND (((pollut* OR contamin* OR emission* OR spill-over* OR disposal* OR deposition* OR load* OR dump* OR discharge*) OR ((noise OR light OR gas* OR particle* OR particulate* OR nitrogen OR sulphur* OR phosphor* OR waste* OR garbage OR sewage OR pesticide* OR fertilizer* OR nutrient* OR ""oil spill*"" OR metal OR salinization OR salinisation OR acidification OR solid OR plastic OR mercury OR nutrient* OR pollutant*) AND (soil OR water OR ocean OR marine OR atmosphere OR air)) OR ((industrial OR military OR agricultur* OR forest*) AND effluent*)))) AND (que*bec OR canada OR montr*al or Saint-Lawrence or Bas-Saint-Laurent or Saguenay or Lac-Saint-Jean  or Capitale-Nationale or Mauricie or Estrie or Outaouais or Abitibi-T*miscamingue or C*te-Nord or Nord-du-Qu*bec or Gasp*sie–*les-de-la-Madeleine or Chaudi*re-Appalaches or Laval or Lanaudi*re or Laurentides or Mont*r*gie or Centre-du-Qu*bec))"
Direct exploitation of natural resources,Pollution,"((((((natur* AND resource*) OR material* OR (biomass OR ""fossil fuel*"" OR ore* OR mineral*)) OR ((biological AND resource*) OR wildlife OR animal* OR plant* OR population*) OR water) AND ((overextraction OR overexploitation) OR (extraction OR exploitation OR withdraw*) OR depletion OR (hunting OR collect* OR gather* OR poaching OR ""bush meat*""))) OR ((forest* OR wood OR timber*) AND (harvest* OR logging*)) OR (soil* AND (erosion OR acidification OR degradation)) OR (fisher* OR fishing OR (bycatch OR by-catch)))) AND (((pollut* OR contamin* OR emission* OR spill-over* OR disposal* OR deposition* OR load* OR dump* OR discharge*) OR ((noise OR light OR gas* OR particle* OR particulate* OR nitrogen OR sulphur* OR phosphor* OR waste* OR garbage OR sewage OR pesticide* OR fertilizer* OR nutrient* OR ""oil spill*"" OR metal OR salinization OR salinisation OR acidification OR solid OR plastic OR mercury OR nutrient* OR pollutant*) AND (soil OR water OR ocean OR marine OR atmosphere OR air)) OR ((industrial OR military OR agricultur* OR forest*) AND effluent*)))",Ecosystem structure,Leaf area index,"""leaf area ind*""","TS=((""leaf area ind*"") AND (((((((natur* AND resource*) OR material* OR (biomass OR ""fossil fuel*"" OR ore* OR mineral*)) OR ((biological AND resource*) OR wildlife OR animal* OR plant* OR population*) OR water) AND ((overextraction OR overexploitation) OR (extraction OR exploitation OR withdraw*) OR depletion OR (hunting OR collect* OR gather* OR poaching OR ""bush meat*""))) OR ((forest* OR wood OR timber*) AND (harvest* OR logging*)) OR (soil* AND (erosion OR acidification OR degradation)) OR (fisher* OR fishing OR (bycatch OR by-catch)))) AND (((pollut* OR contamin* OR emission* OR spill-over* OR disposal* OR deposition* OR load* OR dump* OR discharge*) OR ((noise OR light OR gas* OR particle* OR particulate* OR nitrogen OR sulphur* OR phosphor* OR waste* OR garbage OR sewage OR pesticide* OR fertilizer* OR nutrient* OR ""oil spill*"" OR metal OR salinization OR salinisation OR acidification OR solid OR plastic OR mercury OR nutrient* OR pollutant*) AND (soil OR water OR ocean OR marine OR atmosphere OR air)) OR ((industrial OR military OR agricultur* OR forest*) AND effluent*)))) AND (que*bec OR canada OR montr*al or Saint-Lawrence or Bas-Saint-Laurent or Saguenay or Lac-Saint-Jean  or Capitale-Nationale or Mauricie or Estrie or Outaouais or Abitibi-T*miscamingue or C*te-Nord or Nord-du-Qu*bec or Gasp*sie–*les-de-la-Madeleine or Chaudi*re-Appalaches or Laval or Lanaudi*re or Laurentides or Mont*r*gie or Centre-du-Qu*bec))"
Direct exploitation of natural resources,Pollution,"((((((natur* AND resource*) OR material* OR (biomass OR ""fossil fuel*"" OR ore* OR mineral*)) OR ((biological AND resource*) OR wildlife OR animal* OR plant* OR population*) OR water) AND ((overextraction OR overexploitation) OR (extraction OR exploitation OR withdraw*) OR depletion OR (hunting OR collect* OR gather* OR poaching OR ""bush meat*""))) OR ((forest* OR wood OR timber*) AND (harvest* OR logging*)) OR (soil* AND (erosion OR acidification OR degradation)) OR (fisher* OR fishing OR (bycatch OR by-catch)))) AND (((pollut* OR contamin* OR emission* OR spill-over* OR disposal* OR deposition* OR load* OR dump* OR discharge*) OR ((noise OR light OR gas* OR particle* OR particulate* OR nitrogen OR sulphur* OR phosphor* OR waste* OR garbage OR sewage OR pesticide* OR fertilizer* OR nutrient* OR ""oil spill*"" OR metal OR salinization OR salinisation OR acidification OR solid OR plastic OR mercury OR nutrient* OR pollutant*) AND (soil OR water OR ocean OR marine OR atmosphere OR air)) OR ((industrial OR military OR agricultur* OR forest*) AND effluent*)))",Ecosystem structure,Percentage of live coral cover,(extent OR area OR cover* OR proportion OR percentage) AND coral AND live,"TS=(((extent OR area OR cover* OR proportion OR percentage) AND coral AND live) AND (((((((natur* AND resource*) OR material* OR (biomass OR ""fossil fuel*"" OR ore* OR mineral*)) OR ((biological AND resource*) OR wildlife OR animal* OR plant* OR population*) OR water) AND ((overextraction OR overexploitation) OR (extraction OR exploitation OR withdraw*) OR depletion OR (hunting OR collect* OR gather* OR poaching OR ""bush meat*""))) OR ((forest* OR wood OR timber*) AND (harvest* OR logging*)) OR (soil* AND (erosion OR acidification OR degradation)) OR (fisher* OR fishing OR (bycatch OR by-catch)))) AND (((pollut* OR contamin* OR emission* OR spill-over* OR disposal* OR deposition* OR load* OR dump* OR discharge*) OR ((noise OR light OR gas* OR particle* OR particulate* OR nitrogen OR sulphur* OR phosphor* OR waste* OR garbage OR sewage OR pesticide* OR fertilizer* OR nutrient* OR ""oil spill*"" OR metal OR salinization OR salinisation OR acidification OR solid OR plastic OR mercury OR nutrient* OR pollutant*) AND (soil OR water OR ocean OR marine OR atmosphere OR air)) OR ((industrial OR military OR agricultur* OR forest*) AND effluent*)))) AND (que*bec OR canada OR montr*al or Saint-Lawrence or Bas-Saint-Laurent or Saguenay or Lac-Saint-Jean  or Capitale-Nationale or Mauricie or Estrie or Outaouais or Abitibi-T*miscamingue or C*te-Nord or Nord-du-Qu*bec or Gasp*sie–*les-de-la-Madeleine or Chaudi*re-Appalaches or Laval or Lanaudi*re or Laurentides or Mont*r*gie or Centre-du-Qu*bec))"
Direct exploitation of natural resources,Pollution,"((((((natur* AND resource*) OR material* OR (biomass OR ""fossil fuel*"" OR ore* OR mineral*)) OR ((biological AND resource*) OR wildlife OR animal* OR plant* OR population*) OR water) AND ((overextraction OR overexploitation) OR (extraction OR exploitation OR withdraw*) OR depletion OR (hunting OR collect* OR gather* OR poaching OR ""bush meat*""))) OR ((forest* OR wood OR timber*) AND (harvest* OR logging*)) OR (soil* AND (erosion OR acidification OR degradation)) OR (fisher* OR fishing OR (bycatch OR by-catch)))) AND (((pollut* OR contamin* OR emission* OR spill-over* OR disposal* OR deposition* OR load* OR dump* OR discharge*) OR ((noise OR light OR gas* OR particle* OR particulate* OR nitrogen OR sulphur* OR phosphor* OR waste* OR garbage OR sewage OR pesticide* OR fertilizer* OR nutrient* OR ""oil spill*"" OR metal OR salinization OR salinisation OR acidification OR solid OR plastic OR mercury OR nutrient* OR pollutant*) AND (soil OR water OR ocean OR marine OR atmosphere OR air)) OR ((industrial OR military OR agricultur* OR forest*) AND effluent*)))",Genetic composition,Proportion of local breeds at risk/not at risk/unknown,"""local breed*"" AND (livestock* OR (domestic AND animal*)) AND (risk OR extinct* OR threat*)","TS=((""local breed*"" AND (livestock* OR (domestic AND animal*)) AND (risk OR extinct* OR threat*)) AND (((((((natur* AND resource*) OR material* OR (biomass OR ""fossil fuel*"" OR ore* OR mineral*)) OR ((biological AND resource*) OR wildlife OR animal* OR plant* OR population*) OR water) AND ((overextraction OR overexploitation) OR (extraction OR exploitation OR withdraw*) OR depletion OR (hunting OR collect* OR gather* OR poaching OR ""bush meat*""))) OR ((forest* OR wood OR timber*) AND (harvest* OR logging*)) OR (soil* AND (erosion OR acidification OR degradation)) OR (fisher* OR fishing OR (bycatch OR by-catch)))) AND (((pollut* OR contamin* OR emission* OR spill-over* OR disposal* OR deposition* OR load* OR dump* OR discharge*) OR ((noise OR light OR gas* OR particle* OR particulate* OR nitrogen OR sulphur* OR phosphor* OR waste* OR garbage OR sewage OR pesticide* OR fertilizer* OR nutrient* OR ""oil spill*"" OR metal OR salinization OR salinisation OR acidification OR solid OR plastic OR mercury OR nutrient* OR pollutant*) AND (soil OR water OR ocean OR marine OR atmosphere OR air)) OR ((industrial OR military OR agricultur* OR forest*) AND effluent*)))) AND (que*bec OR canada OR montr*al or Saint-Lawrence or Bas-Saint-Laurent or Saguenay or Lac-Saint-Jean  or Capitale-Nationale or Mauricie or Estrie or Outaouais or Abitibi-T*miscamingue or C*te-Nord or Nord-du-Qu*bec or Gasp*sie–*les-de-la-Madeleine or Chaudi*re-Appalaches or Laval or Lanaudi*re or Laurentides or Mont*r*gie or Centre-du-Qu*bec))"
Direct exploitation of natural resources,Pollution,"((((((natur* AND resource*) OR material* OR (biomass OR ""fossil fuel*"" OR ore* OR mineral*)) OR ((biological AND resource*) OR wildlife OR animal* OR plant* OR population*) OR water) AND ((overextraction OR overexploitation) OR (extraction OR exploitation OR withdraw*) OR depletion OR (hunting OR collect* OR gather* OR poaching OR ""bush meat*""))) OR ((forest* OR wood OR timber*) AND (harvest* OR logging*)) OR (soil* AND (erosion OR acidification OR degradation)) OR (fisher* OR fishing OR (bycatch OR by-catch)))) AND (((pollut* OR contamin* OR emission* OR spill-over* OR disposal* OR deposition* OR load* OR dump* OR discharge*) OR ((noise OR light OR gas* OR particle* OR particulate* OR nitrogen OR sulphur* OR phosphor* OR waste* OR garbage OR sewage OR pesticide* OR fertilizer* OR nutrient* OR ""oil spill*"" OR metal OR salinization OR salinisation OR acidification OR solid OR plastic OR mercury OR nutrient* OR pollutant*) AND (soil OR water OR ocean OR marine OR atmosphere OR air)) OR ((industrial OR military OR agricultur* OR forest*) AND effluent*)))",Species populations,IUCN red list of threatened species,"(IUCN OR ""red list"") AND (threat* OR extinct*) AND species NOT ""red list ind*""","TS=(((IUCN OR ""red list"") AND (threat* OR extinct*) AND species NOT ""red list ind*"") AND (((((((natur* AND resource*) OR material* OR (biomass OR ""fossil fuel*"" OR ore* OR mineral*)) OR ((biological AND resource*) OR wildlife OR animal* OR plant* OR population*) OR water) AND ((overextraction OR overexploitation) OR (extraction OR exploitation OR withdraw*) OR depletion OR (hunting OR collect* OR gather* OR poaching OR ""bush meat*""))) OR ((forest* OR wood OR timber*) AND (harvest* OR logging*)) OR (soil* AND (erosion OR acidification OR degradation)) OR (fisher* OR fishing OR (bycatch OR by-catch)))) AND (((pollut* OR contamin* OR emission* OR spill-over* OR disposal* OR deposition* OR load* OR dump* OR discharge*) OR ((noise OR light OR gas* OR particle* OR particulate* OR nitrogen OR sulphur* OR phosphor* OR waste* OR garbage OR sewage OR pesticide* OR fertilizer* OR nutrient* OR ""oil spill*"" OR metal OR salinization OR salinisation OR acidification OR solid OR plastic OR mercury OR nutrient* OR pollutant*) AND (soil OR water OR ocean OR marine OR atmosphere OR air)) OR ((industrial OR military OR agricultur* OR forest*) AND effluent*)))) AND (que*bec OR canada OR montr*al or Saint-Lawrence or Bas-Saint-Laurent or Saguenay or Lac-Saint-Jean  or Capitale-Nationale or Mauricie or Estrie or Outaouais or Abitibi-T*miscamingue or C*te-Nord or Nord-du-Qu*bec or Gasp*sie–*les-de-la-Madeleine or Chaudi*re-Appalaches or Laval or Lanaudi*re or Laurentides or Mont*r*gie or Centre-du-Qu*bec))"
Direct exploitation of natural resources,Pollution,"((((((natur* AND resource*) OR material* OR (biomass OR ""fossil fuel*"" OR ore* OR mineral*)) OR ((biological AND resource*) OR wildlife OR animal* OR plant* OR population*) OR water) AND ((overextraction OR overexploitation) OR (extraction OR exploitation OR withdraw*) OR depletion OR (hunting OR collect* OR gather* OR poaching OR ""bush meat*""))) OR ((forest* OR wood OR timber*) AND (harvest* OR logging*)) OR (soil* AND (erosion OR acidification OR degradation)) OR (fisher* OR fishing OR (bycatch OR by-catch)))) AND (((pollut* OR contamin* OR emission* OR spill-over* OR disposal* OR deposition* OR load* OR dump* OR discharge*) OR ((noise OR light OR gas* OR particle* OR particulate* OR nitrogen OR sulphur* OR phosphor* OR waste* OR garbage OR sewage OR pesticide* OR fertilizer* OR nutrient* OR ""oil spill*"" OR metal OR salinization OR salinisation OR acidification OR solid OR plastic OR mercury OR nutrient* OR pollutant*) AND (soil OR water OR ocean OR marine OR atmosphere OR air)) OR ((industrial OR military OR agricultur* OR forest*) AND effluent*)))",Species populations,Living planet index,"""living planet ind*"" OR ""living planet report*""","TS=((""living planet ind*"" OR ""living planet report*"") AND (((((((natur* AND resource*) OR material* OR (biomass OR ""fossil fuel*"" OR ore* OR mineral*)) OR ((biological AND resource*) OR wildlife OR animal* OR plant* OR population*) OR water) AND ((overextraction OR overexploitation) OR (extraction OR exploitation OR withdraw*) OR depletion OR (hunting OR collect* OR gather* OR poaching OR ""bush meat*""))) OR ((forest* OR wood OR timber*) AND (harvest* OR logging*)) OR (soil* AND (erosion OR acidification OR degradation)) OR (fisher* OR fishing OR (bycatch OR by-catch)))) AND (((pollut* OR contamin* OR emission* OR spill-over* OR disposal* OR deposition* OR load* OR dump* OR discharge*) OR ((noise OR light OR gas* OR particle* OR particulate* OR nitrogen OR sulphur* OR phosphor* OR waste* OR garbage OR sewage OR pesticide* OR fertilizer* OR nutrient* OR ""oil spill*"" OR metal OR salinization OR salinisation OR acidification OR solid OR plastic OR mercury OR nutrient* OR pollutant*) AND (soil OR water OR ocean OR marine OR atmosphere OR air)) OR ((industrial OR military OR agricultur* OR forest*) AND effluent*)))) AND (que*bec OR canada OR montr*al or Saint-Lawrence or Bas-Saint-Laurent or Saguenay or Lac-Saint-Jean  or Capitale-Nationale or Mauricie or Estrie or Outaouais or Abitibi-T*miscamingue or C*te-Nord or Nord-du-Qu*bec or Gasp*sie–*les-de-la-Madeleine or Chaudi*re-Appalaches or Laval or Lanaudi*re or Laurentides or Mont*r*gie or Centre-du-Qu*bec))"
Direct exploitation of natural resources,Pollution,"((((((natur* AND resource*) OR material* OR (biomass OR ""fossil fuel*"" OR ore* OR mineral*)) OR ((biological AND resource*) OR wildlife OR animal* OR plant* OR population*) OR water) AND ((overextraction OR overexploitation) OR (extraction OR exploitation OR withdraw*) OR depletion OR (hunting OR collect* OR gather* OR poaching OR ""bush meat*""))) OR ((forest* OR wood OR timber*) AND (harvest* OR logging*)) OR (soil* AND (erosion OR acidification OR degradation)) OR (fisher* OR fishing OR (bycatch OR by-catch)))) AND (((pollut* OR contamin* OR emission* OR spill-over* OR disposal* OR deposition* OR load* OR dump* OR discharge*) OR ((noise OR light OR gas* OR particle* OR particulate* OR nitrogen OR sulphur* OR phosphor* OR waste* OR garbage OR sewage OR pesticide* OR fertilizer* OR nutrient* OR ""oil spill*"" OR metal OR salinization OR salinisation OR acidification OR solid OR plastic OR mercury OR nutrient* OR pollutant*) AND (soil OR water OR ocean OR marine OR atmosphere OR air)) OR ((industrial OR military OR agricultur* OR forest*) AND effluent*)))",Species populations,Local species abundance,"((species OR assemblage*) AND abundance AND (local OR location* OR sample*)) AND (global OR world*) AND (""time series"" OR ""time -series"" OR temporal)","TS=((((species OR assemblage*) AND abundance AND (local OR location* OR sample*)) AND (global OR world*) AND (""time series"" OR ""time -series"" OR temporal)) AND (((((((natur* AND resource*) OR material* OR (biomass OR ""fossil fuel*"" OR ore* OR mineral*)) OR ((biological AND resource*) OR wildlife OR animal* OR plant* OR population*) OR water) AND ((overextraction OR overexploitation) OR (extraction OR exploitation OR withdraw*) OR depletion OR (hunting OR collect* OR gather* OR poaching OR ""bush meat*""))) OR ((forest* OR wood OR timber*) AND (harvest* OR logging*)) OR (soil* AND (erosion OR acidification OR degradation)) OR (fisher* OR fishing OR (bycatch OR by-catch)))) AND (((pollut* OR contamin* OR emission* OR spill-over* OR disposal* OR deposition* OR load* OR dump* OR discharge*) OR ((noise OR light OR gas* OR particle* OR particulate* OR nitrogen OR sulphur* OR phosphor* OR waste* OR garbage OR sewage OR pesticide* OR fertilizer* OR nutrient* OR ""oil spill*"" OR metal OR salinization OR salinisation OR acidification OR solid OR plastic OR mercury OR nutrient* OR pollutant*) AND (soil OR water OR ocean OR marine OR atmosphere OR air)) OR ((industrial OR military OR agricultur* OR forest*) AND effluent*)))) AND (que*bec OR canada OR montr*al or Saint-Lawrence or Bas-Saint-Laurent or Saguenay or Lac-Saint-Jean  or Capitale-Nationale or Mauricie or Estrie or Outaouais or Abitibi-T*miscamingue or C*te-Nord or Nord-du-Qu*bec or Gasp*sie–*les-de-la-Madeleine or Chaudi*re-Appalaches or Laval or Lanaudi*re or Laurentides or Mont*r*gie or Centre-du-Qu*bec))"
Direct exploitation of natural resources,Pollution,"((((((natur* AND resource*) OR material* OR (biomass OR ""fossil fuel*"" OR ore* OR mineral*)) OR ((biological AND resource*) OR wildlife OR animal* OR plant* OR population*) OR water) AND ((overextraction OR overexploitation) OR (extraction OR exploitation OR withdraw*) OR depletion OR (hunting OR collect* OR gather* OR poaching OR ""bush meat*""))) OR ((forest* OR wood OR timber*) AND (harvest* OR logging*)) OR (soil* AND (erosion OR acidification OR degradation)) OR (fisher* OR fishing OR (bycatch OR by-catch)))) AND (((pollut* OR contamin* OR emission* OR spill-over* OR disposal* OR deposition* OR load* OR dump* OR discharge*) OR ((noise OR light OR gas* OR particle* OR particulate* OR nitrogen OR sulphur* OR phosphor* OR waste* OR garbage OR sewage OR pesticide* OR fertilizer* OR nutrient* OR ""oil spill*"" OR metal OR salinization OR salinisation OR acidification OR solid OR plastic OR mercury OR nutrient* OR pollutant*) AND (soil OR water OR ocean OR marine OR atmosphere OR air)) OR ((industrial OR military OR agricultur* OR forest*) AND effluent*)))",Species populations,Predatory fish biomass,predator* AND fish* AND (biomass OR abundance),"TS=((predator* AND fish* AND (biomass OR abundance)) AND (((((((natur* AND resource*) OR material* OR (biomass OR ""fossil fuel*"" OR ore* OR mineral*)) OR ((biological AND resource*) OR wildlife OR animal* OR plant* OR population*) OR water) AND ((overextraction OR overexploitation) OR (extraction OR exploitation OR withdraw*) OR depletion OR (hunting OR collect* OR gather* OR poaching OR ""bush meat*""))) OR ((forest* OR wood OR timber*) AND (harvest* OR logging*)) OR (soil* AND (erosion OR acidification OR degradation)) OR (fisher* OR fishing OR (bycatch OR by-catch)))) AND (((pollut* OR contamin* OR emission* OR spill-over* OR disposal* OR deposition* OR load* OR dump* OR discharge*) OR ((noise OR light OR gas* OR particle* OR particulate* OR nitrogen OR sulphur* OR phosphor* OR waste* OR garbage OR sewage OR pesticide* OR fertilizer* OR nutrient* OR ""oil spill*"" OR metal OR salinization OR salinisation OR acidification OR solid OR plastic OR mercury OR nutrient* OR pollutant*) AND (soil OR water OR ocean OR marine OR atmosphere OR air)) OR ((industrial OR military OR agricultur* OR forest*) AND effluent*)))) AND (que*bec OR canada OR montr*al or Saint-Lawrence or Bas-Saint-Laurent or Saguenay or Lac-Saint-Jean  or Capitale-Nationale or Mauricie or Estrie or Outaouais or Abitibi-T*miscamingue or C*te-Nord or Nord-du-Qu*bec or Gasp*sie–*les-de-la-Madeleine or Chaudi*re-Appalaches or Laval or Lanaudi*re or Laurentides or Mont*r*gie or Centre-du-Qu*bec))"
Direct exploitation of natural resources,Pollution,"((((((natur* AND resource*) OR material* OR (biomass OR ""fossil fuel*"" OR ore* OR mineral*)) OR ((biological AND resource*) OR wildlife OR animal* OR plant* OR population*) OR water) AND ((overextraction OR overexploitation) OR (extraction OR exploitation OR withdraw*) OR depletion OR (hunting OR collect* OR gather* OR poaching OR ""bush meat*""))) OR ((forest* OR wood OR timber*) AND (harvest* OR logging*)) OR (soil* AND (erosion OR acidification OR degradation)) OR (fisher* OR fishing OR (bycatch OR by-catch)))) AND (((pollut* OR contamin* OR emission* OR spill-over* OR disposal* OR deposition* OR load* OR dump* OR discharge*) OR ((noise OR light OR gas* OR particle* OR particulate* OR nitrogen OR sulphur* OR phosphor* OR waste* OR garbage OR sewage OR pesticide* OR fertilizer* OR nutrient* OR ""oil spill*"" OR metal OR salinization OR salinisation OR acidification OR solid OR plastic OR mercury OR nutrient* OR pollutant*) AND (soil OR water OR ocean OR marine OR atmosphere OR air)) OR ((industrial OR military OR agricultur* OR forest*) AND effluent*)))",Species populations,Prey fish biomass,prey* AND fish* AND (biomass OR abundance),"TS=((prey* AND fish* AND (biomass OR abundance)) AND (((((((natur* AND resource*) OR material* OR (biomass OR ""fossil fuel*"" OR ore* OR mineral*)) OR ((biological AND resource*) OR wildlife OR animal* OR plant* OR population*) OR water) AND ((overextraction OR overexploitation) OR (extraction OR exploitation OR withdraw*) OR depletion OR (hunting OR collect* OR gather* OR poaching OR ""bush meat*""))) OR ((forest* OR wood OR timber*) AND (harvest* OR logging*)) OR (soil* AND (erosion OR acidification OR degradation)) OR (fisher* OR fishing OR (bycatch OR by-catch)))) AND (((pollut* OR contamin* OR emission* OR spill-over* OR disposal* OR deposition* OR load* OR dump* OR discharge*) OR ((noise OR light OR gas* OR particle* OR particulate* OR nitrogen OR sulphur* OR phosphor* OR waste* OR garbage OR sewage OR pesticide* OR fertilizer* OR nutrient* OR ""oil spill*"" OR metal OR salinization OR salinisation OR acidification OR solid OR plastic OR mercury OR nutrient* OR pollutant*) AND (soil OR water OR ocean OR marine OR atmosphere OR air)) OR ((industrial OR military OR agricultur* OR forest*) AND effluent*)))) AND (que*bec OR canada OR montr*al or Saint-Lawrence or Bas-Saint-Laurent or Saguenay or Lac-Saint-Jean  or Capitale-Nationale or Mauricie or Estrie or Outaouais or Abitibi-T*miscamingue or C*te-Nord or Nord-du-Qu*bec or Gasp*sie–*les-de-la-Madeleine or Chaudi*re-Appalaches or Laval or Lanaudi*re or Laurentides or Mont*r*gie or Centre-du-Qu*bec))"
Direct exploitation of natural resources,Pollution,"((((((natur* AND resource*) OR material* OR (biomass OR ""fossil fuel*"" OR ore* OR mineral*)) OR ((biological AND resource*) OR wildlife OR animal* OR plant* OR population*) OR water) AND ((overextraction OR overexploitation) OR (extraction OR exploitation OR withdraw*) OR depletion OR (hunting OR collect* OR gather* OR poaching OR ""bush meat*""))) OR ((forest* OR wood OR timber*) AND (harvest* OR logging*)) OR (soil* AND (erosion OR acidification OR degradation)) OR (fisher* OR fishing OR (bycatch OR by-catch)))) AND (((pollut* OR contamin* OR emission* OR spill-over* OR disposal* OR deposition* OR load* OR dump* OR discharge*) OR ((noise OR light OR gas* OR particle* OR particulate* OR nitrogen OR sulphur* OR phosphor* OR waste* OR garbage OR sewage OR pesticide* OR fertilizer* OR nutrient* OR ""oil spill*"" OR metal OR salinization OR salinisation OR acidification OR solid OR plastic OR mercury OR nutrient* OR pollutant*) AND (soil OR water OR ocean OR marine OR atmosphere OR air)) OR ((industrial OR military OR agricultur* OR forest*) AND effluent*)))",Species populations,Proportion of fish stocks within biologically sustainable levels,"fish* AND stock* AND (""sustainab*"" OR safe)","TS=((fish* AND stock* AND (""sustainab*"" OR safe)) AND (((((((natur* AND resource*) OR material* OR (biomass OR ""fossil fuel*"" OR ore* OR mineral*)) OR ((biological AND resource*) OR wildlife OR animal* OR plant* OR population*) OR water) AND ((overextraction OR overexploitation) OR (extraction OR exploitation OR withdraw*) OR depletion OR (hunting OR collect* OR gather* OR poaching OR ""bush meat*""))) OR ((forest* OR wood OR timber*) AND (harvest* OR logging*)) OR (soil* AND (erosion OR acidification OR degradation)) OR (fisher* OR fishing OR (bycatch OR by-catch)))) AND (((pollut* OR contamin* OR emission* OR spill-over* OR disposal* OR deposition* OR load* OR dump* OR discharge*) OR ((noise OR light OR gas* OR particle* OR particulate* OR nitrogen OR sulphur* OR phosphor* OR waste* OR garbage OR sewage OR pesticide* OR fertilizer* OR nutrient* OR ""oil spill*"" OR metal OR salinization OR salinisation OR acidification OR solid OR plastic OR mercury OR nutrient* OR pollutant*) AND (soil OR water OR ocean OR marine OR atmosphere OR air)) OR ((industrial OR military OR agricultur* OR forest*) AND effluent*)))) AND (que*bec OR canada OR montr*al or Saint-Lawrence or Bas-Saint-Laurent or Saguenay or Lac-Saint-Jean  or Capitale-Nationale or Mauricie or Estrie or Outaouais or Abitibi-T*miscamingue or C*te-Nord or Nord-du-Qu*bec or Gasp*sie–*les-de-la-Madeleine or Chaudi*re-Appalaches or Laval or Lanaudi*re or Laurentides or Mont*r*gie or Centre-du-Qu*bec))"
Direct exploitation of natural resources,Pollution,"((((((natur* AND resource*) OR material* OR (biomass OR ""fossil fuel*"" OR ore* OR mineral*)) OR ((biological AND resource*) OR wildlife OR animal* OR plant* OR population*) OR water) AND ((overextraction OR overexploitation) OR (extraction OR exploitation OR withdraw*) OR depletion OR (hunting OR collect* OR gather* OR poaching OR ""bush meat*""))) OR ((forest* OR wood OR timber*) AND (harvest* OR logging*)) OR (soil* AND (erosion OR acidification OR degradation)) OR (fisher* OR fishing OR (bycatch OR by-catch)))) AND (((pollut* OR contamin* OR emission* OR spill-over* OR disposal* OR deposition* OR load* OR dump* OR discharge*) OR ((noise OR light OR gas* OR particle* OR particulate* OR nitrogen OR sulphur* OR phosphor* OR waste* OR garbage OR sewage OR pesticide* OR fertilizer* OR nutrient* OR ""oil spill*"" OR metal OR salinization OR salinisation OR acidification OR solid OR plastic OR mercury OR nutrient* OR pollutant*) AND (soil OR water OR ocean OR marine OR atmosphere OR air)) OR ((industrial OR military OR agricultur* OR forest*) AND effluent*)))",Species populations,Red list index,"""red list ind*""","TS=((""red list ind*"") AND (((((((natur* AND resource*) OR material* OR (biomass OR ""fossil fuel*"" OR ore* OR mineral*)) OR ((biological AND resource*) OR wildlife OR animal* OR plant* OR population*) OR water) AND ((overextraction OR overexploitation) OR (extraction OR exploitation OR withdraw*) OR depletion OR (hunting OR collect* OR gather* OR poaching OR ""bush meat*""))) OR ((forest* OR wood OR timber*) AND (harvest* OR logging*)) OR (soil* AND (erosion OR acidification OR degradation)) OR (fisher* OR fishing OR (bycatch OR by-catch)))) AND (((pollut* OR contamin* OR emission* OR spill-over* OR disposal* OR deposition* OR load* OR dump* OR discharge*) OR ((noise OR light OR gas* OR particle* OR particulate* OR nitrogen OR sulphur* OR phosphor* OR waste* OR garbage OR sewage OR pesticide* OR fertilizer* OR nutrient* OR ""oil spill*"" OR metal OR salinization OR salinisation OR acidification OR solid OR plastic OR mercury OR nutrient* OR pollutant*) AND (soil OR water OR ocean OR marine OR atmosphere OR air)) OR ((industrial OR military OR agricultur* OR forest*) AND effluent*)))) AND (que*bec OR canada OR montr*al or Saint-Lawrence or Bas-Saint-Laurent or Saguenay or Lac-Saint-Jean  or Capitale-Nationale or Mauricie or Estrie or Outaouais or Abitibi-T*miscamingue or C*te-Nord or Nord-du-Qu*bec or Gasp*sie–*les-de-la-Madeleine or Chaudi*re-Appalaches or Laval or Lanaudi*re or Laurentides or Mont*r*gie or Centre-du-Qu*bec))"
Direct exploitation of natural resources,Pollution,"((((((natur* AND resource*) OR material* OR (biomass OR ""fossil fuel*"" OR ore* OR mineral*)) OR ((biological AND resource*) OR wildlife OR animal* OR plant* OR population*) OR water) AND ((overextraction OR overexploitation) OR (extraction OR exploitation OR withdraw*) OR depletion OR (hunting OR collect* OR gather* OR poaching OR ""bush meat*""))) OR ((forest* OR wood OR timber*) AND (harvest* OR logging*)) OR (soil* AND (erosion OR acidification OR degradation)) OR (fisher* OR fishing OR (bycatch OR by-catch)))) AND (((pollut* OR contamin* OR emission* OR spill-over* OR disposal* OR deposition* OR load* OR dump* OR discharge*) OR ((noise OR light OR gas* OR particle* OR particulate* OR nitrogen OR sulphur* OR phosphor* OR waste* OR garbage OR sewage OR pesticide* OR fertilizer* OR nutrient* OR ""oil spill*"" OR metal OR salinization OR salinisation OR acidification OR solid OR plastic OR mercury OR nutrient* OR pollutant*) AND (soil OR water OR ocean OR marine OR atmosphere OR air)) OR ((industrial OR military OR agricultur* OR forest*) AND effluent*)))",Species populations,Wild bird index,"""wild bird ind*""","TS=((""wild bird ind*"") AND (((((((natur* AND resource*) OR material* OR (biomass OR ""fossil fuel*"" OR ore* OR mineral*)) OR ((biological AND resource*) OR wildlife OR animal* OR plant* OR population*) OR water) AND ((overextraction OR overexploitation) OR (extraction OR exploitation OR withdraw*) OR depletion OR (hunting OR collect* OR gather* OR poaching OR ""bush meat*""))) OR ((forest* OR wood OR timber*) AND (harvest* OR logging*)) OR (soil* AND (erosion OR acidification OR degradation)) OR (fisher* OR fishing OR (bycatch OR by-catch)))) AND (((pollut* OR contamin* OR emission* OR spill-over* OR disposal* OR deposition* OR load* OR dump* OR discharge*) OR ((noise OR light OR gas* OR particle* OR particulate* OR nitrogen OR sulphur* OR phosphor* OR waste* OR garbage OR sewage OR pesticide* OR fertilizer* OR nutrient* OR ""oil spill*"" OR metal OR salinization OR salinisation OR acidification OR solid OR plastic OR mercury OR nutrient* OR pollutant*) AND (soil OR water OR ocean OR marine OR atmosphere OR air)) OR ((industrial OR military OR agricultur* OR forest*) AND effluent*)))) AND (que*bec OR canada OR montr*al or Saint-Lawrence or Bas-Saint-Laurent or Saguenay or Lac-Saint-Jean  or Capitale-Nationale or Mauricie or Estrie or Outaouais or Abitibi-T*miscamingue or C*te-Nord or Nord-du-Qu*bec or Gasp*sie–*les-de-la-Madeleine or Chaudi*re-Appalaches or Laval or Lanaudi*re or Laurentides or Mont*r*gie or Centre-du-Qu*bec))"
Direct exploitation of natural resources,Pollution,"((((((natur* AND resource*) OR material* OR (biomass OR ""fossil fuel*"" OR ore* OR mineral*)) OR ((biological AND resource*) OR wildlife OR animal* OR plant* OR population*) OR water) AND ((overextraction OR overexploitation) OR (extraction OR exploitation OR withdraw*) OR depletion OR (hunting OR collect* OR gather* OR poaching OR ""bush meat*""))) OR ((forest* OR wood OR timber*) AND (harvest* OR logging*)) OR (soil* AND (erosion OR acidification OR degradation)) OR (fisher* OR fishing OR (bycatch OR by-catch)))) AND (((pollut* OR contamin* OR emission* OR spill-over* OR disposal* OR deposition* OR load* OR dump* OR discharge*) OR ((noise OR light OR gas* OR particle* OR particulate* OR nitrogen OR sulphur* OR phosphor* OR waste* OR garbage OR sewage OR pesticide* OR fertilizer* OR nutrient* OR ""oil spill*"" OR metal OR salinization OR salinisation OR acidification OR solid OR plastic OR mercury OR nutrient* OR pollutant*) AND (soil OR water OR ocean OR marine OR atmosphere OR air)) OR ((industrial OR military OR agricultur* OR forest*) AND effluent*)))",Species traits,Mean length of fish,"(""mean length*"" OR ""average length*"") AND fish*","TS=(((""mean length*"" OR ""average length*"") AND fish*) AND (((((((natur* AND resource*) OR material* OR (biomass OR ""fossil fuel*"" OR ore* OR mineral*)) OR ((biological AND resource*) OR wildlife OR animal* OR plant* OR population*) OR water) AND ((overextraction OR overexploitation) OR (extraction OR exploitation OR withdraw*) OR depletion OR (hunting OR collect* OR gather* OR poaching OR ""bush meat*""))) OR ((forest* OR wood OR timber*) AND (harvest* OR logging*)) OR (soil* AND (erosion OR acidification OR degradation)) OR (fisher* OR fishing OR (bycatch OR by-catch)))) AND (((pollut* OR contamin* OR emission* OR spill-over* OR disposal* OR deposition* OR load* OR dump* OR discharge*) OR ((noise OR light OR gas* OR particle* OR particulate* OR nitrogen OR sulphur* OR phosphor* OR waste* OR garbage OR sewage OR pesticide* OR fertilizer* OR nutrient* OR ""oil spill*"" OR metal OR salinization OR salinisation OR acidification OR solid OR plastic OR mercury OR nutrient* OR pollutant*) AND (soil OR water OR ocean OR marine OR atmosphere OR air)) OR ((industrial OR military OR agricultur* OR forest*) AND effluent*)))) AND (que*bec OR canada OR montr*al or Saint-Lawrence or Bas-Saint-Laurent or Saguenay or Lac-Saint-Jean  or Capitale-Nationale or Mauricie or Estrie or Outaouais or Abitibi-T*miscamingue or C*te-Nord or Nord-du-Qu*bec or Gasp*sie–*les-de-la-Madeleine or Chaudi*re-Appalaches or Laval or Lanaudi*re or Laurentides or Mont*r*gie or Centre-du-Qu*bec))"
Direct exploitation of natural resources,Pollution,"((((((natur* AND resource*) OR material* OR (biomass OR ""fossil fuel*"" OR ore* OR mineral*)) OR ((biological AND resource*) OR wildlife OR animal* OR plant* OR population*) OR water) AND ((overextraction OR overexploitation) OR (extraction OR exploitation OR withdraw*) OR depletion OR (hunting OR collect* OR gather* OR poaching OR ""bush meat*""))) OR ((forest* OR wood OR timber*) AND (harvest* OR logging*)) OR (soil* AND (erosion OR acidification OR degradation)) OR (fisher* OR fishing OR (bycatch OR by-catch)))) AND (((pollut* OR contamin* OR emission* OR spill-over* OR disposal* OR deposition* OR load* OR dump* OR discharge*) OR ((noise OR light OR gas* OR particle* OR particulate* OR nitrogen OR sulphur* OR phosphor* OR waste* OR garbage OR sewage OR pesticide* OR fertilizer* OR nutrient* OR ""oil spill*"" OR metal OR salinization OR salinisation OR acidification OR solid OR plastic OR mercury OR nutrient* OR pollutant*) AND (soil OR water OR ocean OR marine OR atmosphere OR air)) OR ((industrial OR military OR agricultur* OR forest*) AND effluent*)))",Species traits,Proportion of predatory fish,"(proportion OR ratio OR percentage) AND ""predator* fish*""","TS=(((proportion OR ratio OR percentage) AND ""predator* fish*"") AND (((((((natur* AND resource*) OR material* OR (biomass OR ""fossil fuel*"" OR ore* OR mineral*)) OR ((biological AND resource*) OR wildlife OR animal* OR plant* OR population*) OR water) AND ((overextraction OR overexploitation) OR (extraction OR exploitation OR withdraw*) OR depletion OR (hunting OR collect* OR gather* OR poaching OR ""bush meat*""))) OR ((forest* OR wood OR timber*) AND (harvest* OR logging*)) OR (soil* AND (erosion OR acidification OR degradation)) OR (fisher* OR fishing OR (bycatch OR by-catch)))) AND (((pollut* OR contamin* OR emission* OR spill-over* OR disposal* OR deposition* OR load* OR dump* OR discharge*) OR ((noise OR light OR gas* OR particle* OR particulate* OR nitrogen OR sulphur* OR phosphor* OR waste* OR garbage OR sewage OR pesticide* OR fertilizer* OR nutrient* OR ""oil spill*"" OR metal OR salinization OR salinisation OR acidification OR solid OR plastic OR mercury OR nutrient* OR pollutant*) AND (soil OR water OR ocean OR marine OR atmosphere OR air)) OR ((industrial OR military OR agricultur* OR forest*) AND effluent*)))) AND (que*bec OR canada OR montr*al or Saint-Lawrence or Bas-Saint-Laurent or Saguenay or Lac-Saint-Jean  or Capitale-Nationale or Mauricie or Estrie or Outaouais or Abitibi-T*miscamingue or C*te-Nord or Nord-du-Qu*bec or Gasp*sie–*les-de-la-Madeleine or Chaudi*re-Appalaches or Laval or Lanaudi*re or Laurentides or Mont*r*gie or Centre-du-Qu*bec))"
Direct exploitation of natural resources,Invasive alien species,"((((((natur* AND resource*) OR material* OR (biomass OR ""fossil fuel*"" OR ore* OR mineral*)) OR ((biological AND resource*) OR wildlife OR animal* OR plant* OR population*) OR water) AND ((overextraction OR overexploitation) OR (extraction OR exploitation OR withdraw*) OR depletion OR (hunting OR collect* OR gather* OR poaching OR ""bush meat*""))) OR ((forest* OR wood OR timber*) AND (harvest* OR logging*)) OR (soil* AND (erosion OR acidification OR degradation)) OR (fisher* OR fishing OR (bycatch OR by-catch)))) AND ((((invasive OR invasion) AND (alien OR exotic OR non-native OR pest* OR disease) AND species) OR ""biological invasion*"" OR (introduc* AND (species OR material))))",Community composition,NA,"(((communit* OR assemblage* OR taxonom* OR species) AND (dominance* OR richness OR turnover OR diversit* OR composition OR similarit)) OR (""species interaction"" OR ""biotic interaction*""))","TS=(((((communit* OR assemblage* OR taxonom* OR species) AND (dominance* OR richness OR turnover OR diversit* OR composition OR similarit)) OR (""species interaction"" OR ""biotic interaction*""))) AND (((((((natur* AND resource*) OR material* OR (biomass OR ""fossil fuel*"" OR ore* OR mineral*)) OR ((biological AND resource*) OR wildlife OR animal* OR plant* OR population*) OR water) AND ((overextraction OR overexploitation) OR (extraction OR exploitation OR withdraw*) OR depletion OR (hunting OR collect* OR gather* OR poaching OR ""bush meat*""))) OR ((forest* OR wood OR timber*) AND (harvest* OR logging*)) OR (soil* AND (erosion OR acidification OR degradation)) OR (fisher* OR fishing OR (bycatch OR by-catch)))) AND ((((invasive OR invasion) AND (alien OR exotic OR non-native OR pest* OR disease) AND species) OR ""biological invasion*"" OR (introduc* AND (species OR material))))) AND (que*bec OR canada OR montr*al or Saint-Lawrence or Bas-Saint-Laurent or Saguenay or Lac-Saint-Jean  or Capitale-Nationale or Mauricie or Estrie or Outaouais or Abitibi-T*miscamingue or C*te-Nord or Nord-du-Qu*bec or Gasp*sie–*les-de-la-Madeleine or Chaudi*re-Appalaches or Laval or Lanaudi*re or Laurentides or Mont*r*gie or Centre-du-Qu*bec))"
Direct exploitation of natural resources,Invasive alien species,"((((((natur* AND resource*) OR material* OR (biomass OR ""fossil fuel*"" OR ore* OR mineral*)) OR ((biological AND resource*) OR wildlife OR animal* OR plant* OR population*) OR water) AND ((overextraction OR overexploitation) OR (extraction OR exploitation OR withdraw*) OR depletion OR (hunting OR collect* OR gather* OR poaching OR ""bush meat*""))) OR ((forest* OR wood OR timber*) AND (harvest* OR logging*)) OR (soil* AND (erosion OR acidification OR degradation)) OR (fisher* OR fishing OR (bycatch OR by-catch)))) AND ((((invasive OR invasion) AND (alien OR exotic OR non-native OR pest* OR disease) AND species) OR ""biological invasion*"" OR (introduc* AND (species OR material))))",Ecosystem function,NA,"(""ecosystem function"" OR ""net primary productivity"" OR ""secondary productivity"" OR ""nutrient retention"" OR ""disturbance regime"" OR ""carbon sequestration"")","TS=(((""ecosystem function"" OR ""net primary productivity"" OR ""secondary productivity"" OR ""nutrient retention"" OR ""disturbance regime"" OR ""carbon sequestration"")) AND (((((((natur* AND resource*) OR material* OR (biomass OR ""fossil fuel*"" OR ore* OR mineral*)) OR ((biological AND resource*) OR wildlife OR animal* OR plant* OR population*) OR water) AND ((overextraction OR overexploitation) OR (extraction OR exploitation OR withdraw*) OR depletion OR (hunting OR collect* OR gather* OR poaching OR ""bush meat*""))) OR ((forest* OR wood OR timber*) AND (harvest* OR logging*)) OR (soil* AND (erosion OR acidification OR degradation)) OR (fisher* OR fishing OR (bycatch OR by-catch)))) AND ((((invasive OR invasion) AND (alien OR exotic OR non-native OR pest* OR disease) AND species) OR ""biological invasion*"" OR (introduc* AND (species OR material))))) AND (que*bec OR canada OR montr*al or Saint-Lawrence or Bas-Saint-Laurent or Saguenay or Lac-Saint-Jean  or Capitale-Nationale or Mauricie or Estrie or Outaouais or Abitibi-T*miscamingue or C*te-Nord or Nord-du-Qu*bec or Gasp*sie–*les-de-la-Madeleine or Chaudi*re-Appalaches or Laval or Lanaudi*re or Laurentides or Mont*r*gie or Centre-du-Qu*bec))"
Direct exploitation of natural resources,Invasive alien species,"((((((natur* AND resource*) OR material* OR (biomass OR ""fossil fuel*"" OR ore* OR mineral*)) OR ((biological AND resource*) OR wildlife OR animal* OR plant* OR population*) OR water) AND ((overextraction OR overexploitation) OR (extraction OR exploitation OR withdraw*) OR depletion OR (hunting OR collect* OR gather* OR poaching OR ""bush meat*""))) OR ((forest* OR wood OR timber*) AND (harvest* OR logging*)) OR (soil* AND (erosion OR acidification OR degradation)) OR (fisher* OR fishing OR (bycatch OR by-catch)))) AND ((((invasive OR invasion) AND (alien OR exotic OR non-native OR pest* OR disease) AND species) OR ""biological invasion*"" OR (introduc* AND (species OR material))))",Ecosystem structure,NA,"(""ecosystem* structure"" OR ""habitat structure"" OR ((ecosystem OR habitat*) AND ((extent OR area OR coverage OR proportion) AND fragmentation)) OR ((ecosystem OR landscape) AND composition AND ""functional type""))","TS=(((""ecosystem* structure"" OR ""habitat structure"" OR ((ecosystem OR habitat*) AND ((extent OR area OR coverage OR proportion) AND fragmentation)) OR ((ecosystem OR landscape) AND composition AND ""functional type""))) AND (((((((natur* AND resource*) OR material* OR (biomass OR ""fossil fuel*"" OR ore* OR mineral*)) OR ((biological AND resource*) OR wildlife OR animal* OR plant* OR population*) OR water) AND ((overextraction OR overexploitation) OR (extraction OR exploitation OR withdraw*) OR depletion OR (hunting OR collect* OR gather* OR poaching OR ""bush meat*""))) OR ((forest* OR wood OR timber*) AND (harvest* OR logging*)) OR (soil* AND (erosion OR acidification OR degradation)) OR (fisher* OR fishing OR (bycatch OR by-catch)))) AND ((((invasive OR invasion) AND (alien OR exotic OR non-native OR pest* OR disease) AND species) OR ""biological invasion*"" OR (introduc* AND (species OR material))))) AND (que*bec OR canada OR montr*al or Saint-Lawrence or Bas-Saint-Laurent or Saguenay or Lac-Saint-Jean  or Capitale-Nationale or Mauricie or Estrie or Outaouais or Abitibi-T*miscamingue or C*te-Nord or Nord-du-Qu*bec or Gasp*sie–*les-de-la-Madeleine or Chaudi*re-Appalaches or Laval or Lanaudi*re or Laurentides or Mont*r*gie or Centre-du-Qu*bec))"
Direct exploitation of natural resources,Invasive alien species,"((((((natur* AND resource*) OR material* OR (biomass OR ""fossil fuel*"" OR ore* OR mineral*)) OR ((biological AND resource*) OR wildlife OR animal* OR plant* OR population*) OR water) AND ((overextraction OR overexploitation) OR (extraction OR exploitation OR withdraw*) OR depletion OR (hunting OR collect* OR gather* OR poaching OR ""bush meat*""))) OR ((forest* OR wood OR timber*) AND (harvest* OR logging*)) OR (soil* AND (erosion OR acidification OR degradation)) OR (fisher* OR fishing OR (bycatch OR by-catch)))) AND ((((invasive OR invasion) AND (alien OR exotic OR non-native OR pest* OR disease) AND species) OR ""biological invasion*"" OR (introduc* AND (species OR material))))",Genetic composition,NA,"(""genetic* composition"" OR (co-ancestr* OR coancestr) OR ""allel diversit"" OR ""phylogenetic diversit"" OR (""population diversit"" OR (population AND ""genetic differen"")) OR ((breed OR variet) AND diversit) OR ""intra-specific diversit"" OR ""genetic diversit"" OR ""genetic variation"")","TS=(((""genetic* composition"" OR (co-ancestr* OR coancestr) OR ""allel diversit"" OR ""phylogenetic diversit"" OR (""population diversit"" OR (population AND ""genetic differen"")) OR ((breed OR variet) AND diversit) OR ""intra-specific diversit"" OR ""genetic diversit"" OR ""genetic variation"")) AND (((((((natur* AND resource*) OR material* OR (biomass OR ""fossil fuel*"" OR ore* OR mineral*)) OR ((biological AND resource*) OR wildlife OR animal* OR plant* OR population*) OR water) AND ((overextraction OR overexploitation) OR (extraction OR exploitation OR withdraw*) OR depletion OR (hunting OR collect* OR gather* OR poaching OR ""bush meat*""))) OR ((forest* OR wood OR timber*) AND (harvest* OR logging*)) OR (soil* AND (erosion OR acidification OR degradation)) OR (fisher* OR fishing OR (bycatch OR by-catch)))) AND ((((invasive OR invasion) AND (alien OR exotic OR non-native OR pest* OR disease) AND species) OR ""biological invasion*"" OR (introduc* AND (species OR material))))) AND (que*bec OR canada OR montr*al or Saint-Lawrence or Bas-Saint-Laurent or Saguenay or Lac-Saint-Jean  or Capitale-Nationale or Mauricie or Estrie or Outaouais or Abitibi-T*miscamingue or C*te-Nord or Nord-du-Qu*bec or Gasp*sie–*les-de-la-Madeleine or Chaudi*re-Appalaches or Laval or Lanaudi*re or Laurentides or Mont*r*gie or Centre-du-Qu*bec))"
Direct exploitation of natural resources,Invasive alien species,"((((((natur* AND resource*) OR material* OR (biomass OR ""fossil fuel*"" OR ore* OR mineral*)) OR ((biological AND resource*) OR wildlife OR animal* OR plant* OR population*) OR water) AND ((overextraction OR overexploitation) OR (extraction OR exploitation OR withdraw*) OR depletion OR (hunting OR collect* OR gather* OR poaching OR ""bush meat*""))) OR ((forest* OR wood OR timber*) AND (harvest* OR logging*)) OR (soil* AND (erosion OR acidification OR degradation)) OR (fisher* OR fishing OR (bycatch OR by-catch)))) AND ((((invasive OR invasion) AND (alien OR exotic OR non-native OR pest* OR disease) AND species) OR ""biological invasion*"" OR (introduc* AND (species OR material))))",Species populations,NA,(species OR population) AND ((distribution OR range) OR (abundance OR size* OR densit* OR demograph* OR dynamic* OR reproduct* OR surviv* OR growth OR persistence OR viab*) OR (structure AND (age OR size))),"TS=(((species OR population) AND ((distribution OR range) OR (abundance OR size* OR densit* OR demograph* OR dynamic* OR reproduct* OR surviv* OR growth OR persistence OR viab*) OR (structure AND (age OR size)))) AND (((((((natur* AND resource*) OR material* OR (biomass OR ""fossil fuel*"" OR ore* OR mineral*)) OR ((biological AND resource*) OR wildlife OR animal* OR plant* OR population*) OR water) AND ((overextraction OR overexploitation) OR (extraction OR exploitation OR withdraw*) OR depletion OR (hunting OR collect* OR gather* OR poaching OR ""bush meat*""))) OR ((forest* OR wood OR timber*) AND (harvest* OR logging*)) OR (soil* AND (erosion OR acidification OR degradation)) OR (fisher* OR fishing OR (bycatch OR by-catch)))) AND ((((invasive OR invasion) AND (alien OR exotic OR non-native OR pest* OR disease) AND species) OR ""biological invasion*"" OR (introduc* AND (species OR material))))) AND (que*bec OR canada OR montr*al or Saint-Lawrence or Bas-Saint-Laurent or Saguenay or Lac-Saint-Jean  or Capitale-Nationale or Mauricie or Estrie or Outaouais or Abitibi-T*miscamingue or C*te-Nord or Nord-du-Qu*bec or Gasp*sie–*les-de-la-Madeleine or Chaudi*re-Appalaches or Laval or Lanaudi*re or Laurentides or Mont*r*gie or Centre-du-Qu*bec))"
Direct exploitation of natural resources,Invasive alien species,"((((((natur* AND resource*) OR material* OR (biomass OR ""fossil fuel*"" OR ore* OR mineral*)) OR ((biological AND resource*) OR wildlife OR animal* OR plant* OR population*) OR water) AND ((overextraction OR overexploitation) OR (extraction OR exploitation OR withdraw*) OR depletion OR (hunting OR collect* OR gather* OR poaching OR ""bush meat*""))) OR ((forest* OR wood OR timber*) AND (harvest* OR logging*)) OR (soil* AND (erosion OR acidification OR degradation)) OR (fisher* OR fishing OR (bycatch OR by-catch)))) AND ((((invasive OR invasion) AND (alien OR exotic OR non-native OR pest* OR disease) AND species) OR ""biological invasion*"" OR (introduc* AND (species OR material))))",Species traits,NA,"((""ecological trait"" OR ""biological trait"" OR ""species trait"") OR (""body mass"" OR ""body size"") OR ""natal dispers"" OR ((migrat* OR dispers* OR demograph* OR physiolog* OR life-history* OR phenolog) AND (trait OR behav* OR attribute OR feature)))","TS=((((""ecological trait"" OR ""biological trait"" OR ""species trait"") OR (""body mass"" OR ""body size"") OR ""natal dispers"" OR ((migrat* OR dispers* OR demograph* OR physiolog* OR life-history* OR phenolog) AND (trait OR behav* OR attribute OR feature)))) AND (((((((natur* AND resource*) OR material* OR (biomass OR ""fossil fuel*"" OR ore* OR mineral*)) OR ((biological AND resource*) OR wildlife OR animal* OR plant* OR population*) OR water) AND ((overextraction OR overexploitation) OR (extraction OR exploitation OR withdraw*) OR depletion OR (hunting OR collect* OR gather* OR poaching OR ""bush meat*""))) OR ((forest* OR wood OR timber*) AND (harvest* OR logging*)) OR (soil* AND (erosion OR acidification OR degradation)) OR (fisher* OR fishing OR (bycatch OR by-catch)))) AND ((((invasive OR invasion) AND (alien OR exotic OR non-native OR pest* OR disease) AND species) OR ""biological invasion*"" OR (introduc* AND (species OR material))))) AND (que*bec OR canada OR montr*al or Saint-Lawrence or Bas-Saint-Laurent or Saguenay or Lac-Saint-Jean  or Capitale-Nationale or Mauricie or Estrie or Outaouais or Abitibi-T*miscamingue or C*te-Nord or Nord-du-Qu*bec or Gasp*sie–*les-de-la-Madeleine or Chaudi*re-Appalaches or Laval or Lanaudi*re or Laurentides or Mont*r*gie or Centre-du-Qu*bec))"
Direct exploitation of natural resources,Invasive alien species,"((((((natur* AND resource*) OR material* OR (biomass OR ""fossil fuel*"" OR ore* OR mineral*)) OR ((biological AND resource*) OR wildlife OR animal* OR plant* OR population*) OR water) AND ((overextraction OR overexploitation) OR (extraction OR exploitation OR withdraw*) OR depletion OR (hunting OR collect* OR gather* OR poaching OR ""bush meat*""))) OR ((forest* OR wood OR timber*) AND (harvest* OR logging*)) OR (soil* AND (erosion OR acidification OR degradation)) OR (fisher* OR fishing OR (bycatch OR by-catch)))) AND ((((invasive OR invasion) AND (alien OR exotic OR non-native OR pest* OR disease) AND species) OR ""biological invasion*"" OR (introduc* AND (species OR material))))",Community composition,Global bird species richness,"(global OR world*) AND bird* AND ""species richness""","TS=(((global OR world*) AND bird* AND ""species richness"") AND (((((((natur* AND resource*) OR material* OR (biomass OR ""fossil fuel*"" OR ore* OR mineral*)) OR ((biological AND resource*) OR wildlife OR animal* OR plant* OR population*) OR water) AND ((overextraction OR overexploitation) OR (extraction OR exploitation OR withdraw*) OR depletion OR (hunting OR collect* OR gather* OR poaching OR ""bush meat*""))) OR ((forest* OR wood OR timber*) AND (harvest* OR logging*)) OR (soil* AND (erosion OR acidification OR degradation)) OR (fisher* OR fishing OR (bycatch OR by-catch)))) AND ((((invasive OR invasion) AND (alien OR exotic OR non-native OR pest* OR disease) AND species) OR ""biological invasion*"" OR (introduc* AND (species OR material))))) AND (que*bec OR canada OR montr*al or Saint-Lawrence or Bas-Saint-Laurent or Saguenay or Lac-Saint-Jean  or Capitale-Nationale or Mauricie or Estrie or Outaouais or Abitibi-T*miscamingue or C*te-Nord or Nord-du-Qu*bec or Gasp*sie–*les-de-la-Madeleine or Chaudi*re-Appalaches or Laval or Lanaudi*re or Laurentides or Mont*r*gie or Centre-du-Qu*bec))"
Direct exploitation of natural resources,Invasive alien species,"((((((natur* AND resource*) OR material* OR (biomass OR ""fossil fuel*"" OR ore* OR mineral*)) OR ((biological AND resource*) OR wildlife OR animal* OR plant* OR population*) OR water) AND ((overextraction OR overexploitation) OR (extraction OR exploitation OR withdraw*) OR depletion OR (hunting OR collect* OR gather* OR poaching OR ""bush meat*""))) OR ((forest* OR wood OR timber*) AND (harvest* OR logging*)) OR (soil* AND (erosion OR acidification OR degradation)) OR (fisher* OR fishing OR (bycatch OR by-catch)))) AND ((((invasive OR invasion) AND (alien OR exotic OR non-native OR pest* OR disease) AND species) OR ""biological invasion*"" OR (introduc* AND (species OR material))))",Community composition,Local species richness,"((species OR assemblage*) AND (richness OR diversit*) AND (local OR location* OR sample*)) AND (global OR world*) AND (""time series"" OR ""time-series"" OR temporal)","TS=((((species OR assemblage*) AND (richness OR diversit*) AND (local OR location* OR sample*)) AND (global OR world*) AND (""time series"" OR ""time-series"" OR temporal)) AND (((((((natur* AND resource*) OR material* OR (biomass OR ""fossil fuel*"" OR ore* OR mineral*)) OR ((biological AND resource*) OR wildlife OR animal* OR plant* OR population*) OR water) AND ((overextraction OR overexploitation) OR (extraction OR exploitation OR withdraw*) OR depletion OR (hunting OR collect* OR gather* OR poaching OR ""bush meat*""))) OR ((forest* OR wood OR timber*) AND (harvest* OR logging*)) OR (soil* AND (erosion OR acidification OR degradation)) OR (fisher* OR fishing OR (bycatch OR by-catch)))) AND ((((invasive OR invasion) AND (alien OR exotic OR non-native OR pest* OR disease) AND species) OR ""biological invasion*"" OR (introduc* AND (species OR material))))) AND (que*bec OR canada OR montr*al or Saint-Lawrence or Bas-Saint-Laurent or Saguenay or Lac-Saint-Jean  or Capitale-Nationale or Mauricie or Estrie or Outaouais or Abitibi-T*miscamingue or C*te-Nord or Nord-du-Qu*bec or Gasp*sie–*les-de-la-Madeleine or Chaudi*re-Appalaches or Laval or Lanaudi*re or Laurentides or Mont*r*gie or Centre-du-Qu*bec))"
Direct exploitation of natural resources,Invasive alien species,"((((((natur* AND resource*) OR material* OR (biomass OR ""fossil fuel*"" OR ore* OR mineral*)) OR ((biological AND resource*) OR wildlife OR animal* OR plant* OR population*) OR water) AND ((overextraction OR overexploitation) OR (extraction OR exploitation OR withdraw*) OR depletion OR (hunting OR collect* OR gather* OR poaching OR ""bush meat*""))) OR ((forest* OR wood OR timber*) AND (harvest* OR logging*)) OR (soil* AND (erosion OR acidification OR degradation)) OR (fisher* OR fishing OR (bycatch OR by-catch)))) AND ((((invasive OR invasion) AND (alien OR exotic OR non-native OR pest* OR disease) AND species) OR ""biological invasion*"" OR (introduc* AND (species OR material))))",Community composition,Local species turnover,"((species OR assemblage*) AND (turnover OR (composition* AND (change OR similarit*))) AND (local OR location* OR sample*)) AND (global OR world*) AND (""time series"" OR ""time-series"" OR temporal)","TS=((((species OR assemblage*) AND (turnover OR (composition* AND (change OR similarit*))) AND (local OR location* OR sample*)) AND (global OR world*) AND (""time series"" OR ""time-series"" OR temporal)) AND (((((((natur* AND resource*) OR material* OR (biomass OR ""fossil fuel*"" OR ore* OR mineral*)) OR ((biological AND resource*) OR wildlife OR animal* OR plant* OR population*) OR water) AND ((overextraction OR overexploitation) OR (extraction OR exploitation OR withdraw*) OR depletion OR (hunting OR collect* OR gather* OR poaching OR ""bush meat*""))) OR ((forest* OR wood OR timber*) AND (harvest* OR logging*)) OR (soil* AND (erosion OR acidification OR degradation)) OR (fisher* OR fishing OR (bycatch OR by-catch)))) AND ((((invasive OR invasion) AND (alien OR exotic OR non-native OR pest* OR disease) AND species) OR ""biological invasion*"" OR (introduc* AND (species OR material))))) AND (que*bec OR canada OR montr*al or Saint-Lawrence or Bas-Saint-Laurent or Saguenay or Lac-Saint-Jean  or Capitale-Nationale or Mauricie or Estrie or Outaouais or Abitibi-T*miscamingue or C*te-Nord or Nord-du-Qu*bec or Gasp*sie–*les-de-la-Madeleine or Chaudi*re-Appalaches or Laval or Lanaudi*re or Laurentides or Mont*r*gie or Centre-du-Qu*bec))"
Direct exploitation of natural resources,Invasive alien species,"((((((natur* AND resource*) OR material* OR (biomass OR ""fossil fuel*"" OR ore* OR mineral*)) OR ((biological AND resource*) OR wildlife OR animal* OR plant* OR population*) OR water) AND ((overextraction OR overexploitation) OR (extraction OR exploitation OR withdraw*) OR depletion OR (hunting OR collect* OR gather* OR poaching OR ""bush meat*""))) OR ((forest* OR wood OR timber*) AND (harvest* OR logging*)) OR (soil* AND (erosion OR acidification OR degradation)) OR (fisher* OR fishing OR (bycatch OR by-catch)))) AND ((((invasive OR invasion) AND (alien OR exotic OR non-native OR pest* OR disease) AND species) OR ""biological invasion*"" OR (introduc* AND (species OR material))))",Community composition,Mean species abundance,"""mean species abundance"" OR GLOBIO","TS=((""mean species abundance"" OR GLOBIO) AND (((((((natur* AND resource*) OR material* OR (biomass OR ""fossil fuel*"" OR ore* OR mineral*)) OR ((biological AND resource*) OR wildlife OR animal* OR plant* OR population*) OR water) AND ((overextraction OR overexploitation) OR (extraction OR exploitation OR withdraw*) OR depletion OR (hunting OR collect* OR gather* OR poaching OR ""bush meat*""))) OR ((forest* OR wood OR timber*) AND (harvest* OR logging*)) OR (soil* AND (erosion OR acidification OR degradation)) OR (fisher* OR fishing OR (bycatch OR by-catch)))) AND ((((invasive OR invasion) AND (alien OR exotic OR non-native OR pest* OR disease) AND species) OR ""biological invasion*"" OR (introduc* AND (species OR material))))) AND (que*bec OR canada OR montr*al or Saint-Lawrence or Bas-Saint-Laurent or Saguenay or Lac-Saint-Jean  or Capitale-Nationale or Mauricie or Estrie or Outaouais or Abitibi-T*miscamingue or C*te-Nord or Nord-du-Qu*bec or Gasp*sie–*les-de-la-Madeleine or Chaudi*re-Appalaches or Laval or Lanaudi*re or Laurentides or Mont*r*gie or Centre-du-Qu*bec))"
Direct exploitation of natural resources,Invasive alien species,"((((((natur* AND resource*) OR material* OR (biomass OR ""fossil fuel*"" OR ore* OR mineral*)) OR ((biological AND resource*) OR wildlife OR animal* OR plant* OR population*) OR water) AND ((overextraction OR overexploitation) OR (extraction OR exploitation OR withdraw*) OR depletion OR (hunting OR collect* OR gather* OR poaching OR ""bush meat*""))) OR ((forest* OR wood OR timber*) AND (harvest* OR logging*)) OR (soil* AND (erosion OR acidification OR degradation)) OR (fisher* OR fishing OR (bycatch OR by-catch)))) AND ((((invasive OR invasion) AND (alien OR exotic OR non-native OR pest* OR disease) AND species) OR ""biological invasion*"" OR (introduc* AND (species OR material))))",Ecosystem function,Net primary productivity,"""net primary product*""","TS=((""net primary product*"") AND (((((((natur* AND resource*) OR material* OR (biomass OR ""fossil fuel*"" OR ore* OR mineral*)) OR ((biological AND resource*) OR wildlife OR animal* OR plant* OR population*) OR water) AND ((overextraction OR overexploitation) OR (extraction OR exploitation OR withdraw*) OR depletion OR (hunting OR collect* OR gather* OR poaching OR ""bush meat*""))) OR ((forest* OR wood OR timber*) AND (harvest* OR logging*)) OR (soil* AND (erosion OR acidification OR degradation)) OR (fisher* OR fishing OR (bycatch OR by-catch)))) AND ((((invasive OR invasion) AND (alien OR exotic OR non-native OR pest* OR disease) AND species) OR ""biological invasion*"" OR (introduc* AND (species OR material))))) AND (que*bec OR canada OR montr*al or Saint-Lawrence or Bas-Saint-Laurent or Saguenay or Lac-Saint-Jean  or Capitale-Nationale or Mauricie or Estrie or Outaouais or Abitibi-T*miscamingue or C*te-Nord or Nord-du-Qu*bec or Gasp*sie–*les-de-la-Madeleine or Chaudi*re-Appalaches or Laval or Lanaudi*re or Laurentides or Mont*r*gie or Centre-du-Qu*bec))"
Direct exploitation of natural resources,Invasive alien species,"((((((natur* AND resource*) OR material* OR (biomass OR ""fossil fuel*"" OR ore* OR mineral*)) OR ((biological AND resource*) OR wildlife OR animal* OR plant* OR population*) OR water) AND ((overextraction OR overexploitation) OR (extraction OR exploitation OR withdraw*) OR depletion OR (hunting OR collect* OR gather* OR poaching OR ""bush meat*""))) OR ((forest* OR wood OR timber*) AND (harvest* OR logging*)) OR (soil* AND (erosion OR acidification OR degradation)) OR (fisher* OR fishing OR (bycatch OR by-catch)))) AND ((((invasive OR invasion) AND (alien OR exotic OR non-native OR pest* OR disease) AND species) OR ""biological invasion*"" OR (introduc* AND (species OR material))))",Ecosystem structure,Area of mangrove forest cover,(extent OR area OR cover* OR proportion OR percentage OR land OR landscape) AND mangrove* AND forest*,"TS=(((extent OR area OR cover* OR proportion OR percentage OR land OR landscape) AND mangrove* AND forest*) AND (((((((natur* AND resource*) OR material* OR (biomass OR ""fossil fuel*"" OR ore* OR mineral*)) OR ((biological AND resource*) OR wildlife OR animal* OR plant* OR population*) OR water) AND ((overextraction OR overexploitation) OR (extraction OR exploitation OR withdraw*) OR depletion OR (hunting OR collect* OR gather* OR poaching OR ""bush meat*""))) OR ((forest* OR wood OR timber*) AND (harvest* OR logging*)) OR (soil* AND (erosion OR acidification OR degradation)) OR (fisher* OR fishing OR (bycatch OR by-catch)))) AND ((((invasive OR invasion) AND (alien OR exotic OR non-native OR pest* OR disease) AND species) OR ""biological invasion*"" OR (introduc* AND (species OR material))))) AND (que*bec OR canada OR montr*al or Saint-Lawrence or Bas-Saint-Laurent or Saguenay or Lac-Saint-Jean  or Capitale-Nationale or Mauricie or Estrie or Outaouais or Abitibi-T*miscamingue or C*te-Nord or Nord-du-Qu*bec or Gasp*sie–*les-de-la-Madeleine or Chaudi*re-Appalaches or Laval or Lanaudi*re or Laurentides or Mont*r*gie or Centre-du-Qu*bec))"
Direct exploitation of natural resources,Invasive alien species,"((((((natur* AND resource*) OR material* OR (biomass OR ""fossil fuel*"" OR ore* OR mineral*)) OR ((biological AND resource*) OR wildlife OR animal* OR plant* OR population*) OR water) AND ((overextraction OR overexploitation) OR (extraction OR exploitation OR withdraw*) OR depletion OR (hunting OR collect* OR gather* OR poaching OR ""bush meat*""))) OR ((forest* OR wood OR timber*) AND (harvest* OR logging*)) OR (soil* AND (erosion OR acidification OR degradation)) OR (fisher* OR fishing OR (bycatch OR by-catch)))) AND ((((invasive OR invasion) AND (alien OR exotic OR non-native OR pest* OR disease) AND species) OR ""biological invasion*"" OR (introduc* AND (species OR material))))",Ecosystem structure,Extent of intact forest landscapes,(extent OR area OR cover* OR proportion OR percentage OR land OR landscape) AND intact* AND forest*,"TS=(((extent OR area OR cover* OR proportion OR percentage OR land OR landscape) AND intact* AND forest*) AND (((((((natur* AND resource*) OR material* OR (biomass OR ""fossil fuel*"" OR ore* OR mineral*)) OR ((biological AND resource*) OR wildlife OR animal* OR plant* OR population*) OR water) AND ((overextraction OR overexploitation) OR (extraction OR exploitation OR withdraw*) OR depletion OR (hunting OR collect* OR gather* OR poaching OR ""bush meat*""))) OR ((forest* OR wood OR timber*) AND (harvest* OR logging*)) OR (soil* AND (erosion OR acidification OR degradation)) OR (fisher* OR fishing OR (bycatch OR by-catch)))) AND ((((invasive OR invasion) AND (alien OR exotic OR non-native OR pest* OR disease) AND species) OR ""biological invasion*"" OR (introduc* AND (species OR material))))) AND (que*bec OR canada OR montr*al or Saint-Lawrence or Bas-Saint-Laurent or Saguenay or Lac-Saint-Jean  or Capitale-Nationale or Mauricie or Estrie or Outaouais or Abitibi-T*miscamingue or C*te-Nord or Nord-du-Qu*bec or Gasp*sie–*les-de-la-Madeleine or Chaudi*re-Appalaches or Laval or Lanaudi*re or Laurentides or Mont*r*gie or Centre-du-Qu*bec))"
Direct exploitation of natural resources,Invasive alien species,"((((((natur* AND resource*) OR material* OR (biomass OR ""fossil fuel*"" OR ore* OR mineral*)) OR ((biological AND resource*) OR wildlife OR animal* OR plant* OR population*) OR water) AND ((overextraction OR overexploitation) OR (extraction OR exploitation OR withdraw*) OR depletion OR (hunting OR collect* OR gather* OR poaching OR ""bush meat*""))) OR ((forest* OR wood OR timber*) AND (harvest* OR logging*)) OR (soil* AND (erosion OR acidification OR degradation)) OR (fisher* OR fishing OR (bycatch OR by-catch)))) AND ((((invasive OR invasion) AND (alien OR exotic OR non-native OR pest* OR disease) AND species) OR ""biological invasion*"" OR (introduc* AND (species OR material))))",Ecosystem structure,Extent of remaining primary vegetation,(extent OR area OR cover* OR proportion OR percentage) AND (primary OR natural) AND vegetation,"TS=(((extent OR area OR cover* OR proportion OR percentage) AND (primary OR natural) AND vegetation) AND (((((((natur* AND resource*) OR material* OR (biomass OR ""fossil fuel*"" OR ore* OR mineral*)) OR ((biological AND resource*) OR wildlife OR animal* OR plant* OR population*) OR water) AND ((overextraction OR overexploitation) OR (extraction OR exploitation OR withdraw*) OR depletion OR (hunting OR collect* OR gather* OR poaching OR ""bush meat*""))) OR ((forest* OR wood OR timber*) AND (harvest* OR logging*)) OR (soil* AND (erosion OR acidification OR degradation)) OR (fisher* OR fishing OR (bycatch OR by-catch)))) AND ((((invasive OR invasion) AND (alien OR exotic OR non-native OR pest* OR disease) AND species) OR ""biological invasion*"" OR (introduc* AND (species OR material))))) AND (que*bec OR canada OR montr*al or Saint-Lawrence or Bas-Saint-Laurent or Saguenay or Lac-Saint-Jean  or Capitale-Nationale or Mauricie or Estrie or Outaouais or Abitibi-T*miscamingue or C*te-Nord or Nord-du-Qu*bec or Gasp*sie–*les-de-la-Madeleine or Chaudi*re-Appalaches or Laval or Lanaudi*re or Laurentides or Mont*r*gie or Centre-du-Qu*bec))"
Direct exploitation of natural resources,Invasive alien species,"((((((natur* AND resource*) OR material* OR (biomass OR ""fossil fuel*"" OR ore* OR mineral*)) OR ((biological AND resource*) OR wildlife OR animal* OR plant* OR population*) OR water) AND ((overextraction OR overexploitation) OR (extraction OR exploitation OR withdraw*) OR depletion OR (hunting OR collect* OR gather* OR poaching OR ""bush meat*""))) OR ((forest* OR wood OR timber*) AND (harvest* OR logging*)) OR (soil* AND (erosion OR acidification OR degradation)) OR (fisher* OR fishing OR (bycatch OR by-catch)))) AND ((((invasive OR invasion) AND (alien OR exotic OR non-native OR pest* OR disease) AND species) OR ""biological invasion*"" OR (introduc* AND (species OR material))))",Ecosystem structure,Extent of remaining wilderness,(extent OR area OR cover* OR proportion OR percentage OR land OR landscape) AND wilderness*,"TS=(((extent OR area OR cover* OR proportion OR percentage OR land OR landscape) AND wilderness*) AND (((((((natur* AND resource*) OR material* OR (biomass OR ""fossil fuel*"" OR ore* OR mineral*)) OR ((biological AND resource*) OR wildlife OR animal* OR plant* OR population*) OR water) AND ((overextraction OR overexploitation) OR (extraction OR exploitation OR withdraw*) OR depletion OR (hunting OR collect* OR gather* OR poaching OR ""bush meat*""))) OR ((forest* OR wood OR timber*) AND (harvest* OR logging*)) OR (soil* AND (erosion OR acidification OR degradation)) OR (fisher* OR fishing OR (bycatch OR by-catch)))) AND ((((invasive OR invasion) AND (alien OR exotic OR non-native OR pest* OR disease) AND species) OR ""biological invasion*"" OR (introduc* AND (species OR material))))) AND (que*bec OR canada OR montr*al or Saint-Lawrence or Bas-Saint-Laurent or Saguenay or Lac-Saint-Jean  or Capitale-Nationale or Mauricie or Estrie or Outaouais or Abitibi-T*miscamingue or C*te-Nord or Nord-du-Qu*bec or Gasp*sie–*les-de-la-Madeleine or Chaudi*re-Appalaches or Laval or Lanaudi*re or Laurentides or Mont*r*gie or Centre-du-Qu*bec))"
Direct exploitation of natural resources,Invasive alien species,"((((((natur* AND resource*) OR material* OR (biomass OR ""fossil fuel*"" OR ore* OR mineral*)) OR ((biological AND resource*) OR wildlife OR animal* OR plant* OR population*) OR water) AND ((overextraction OR overexploitation) OR (extraction OR exploitation OR withdraw*) OR depletion OR (hunting OR collect* OR gather* OR poaching OR ""bush meat*""))) OR ((forest* OR wood OR timber*) AND (harvest* OR logging*)) OR (soil* AND (erosion OR acidification OR degradation)) OR (fisher* OR fishing OR (bycatch OR by-catch)))) AND ((((invasive OR invasion) AND (alien OR exotic OR non-native OR pest* OR disease) AND species) OR ""biological invasion*"" OR (introduc* AND (species OR material))))",Ecosystem structure,Leaf area index,"""leaf area ind*""","TS=((""leaf area ind*"") AND (((((((natur* AND resource*) OR material* OR (biomass OR ""fossil fuel*"" OR ore* OR mineral*)) OR ((biological AND resource*) OR wildlife OR animal* OR plant* OR population*) OR water) AND ((overextraction OR overexploitation) OR (extraction OR exploitation OR withdraw*) OR depletion OR (hunting OR collect* OR gather* OR poaching OR ""bush meat*""))) OR ((forest* OR wood OR timber*) AND (harvest* OR logging*)) OR (soil* AND (erosion OR acidification OR degradation)) OR (fisher* OR fishing OR (bycatch OR by-catch)))) AND ((((invasive OR invasion) AND (alien OR exotic OR non-native OR pest* OR disease) AND species) OR ""biological invasion*"" OR (introduc* AND (species OR material))))) AND (que*bec OR canada OR montr*al or Saint-Lawrence or Bas-Saint-Laurent or Saguenay or Lac-Saint-Jean  or Capitale-Nationale or Mauricie or Estrie or Outaouais or Abitibi-T*miscamingue or C*te-Nord or Nord-du-Qu*bec or Gasp*sie–*les-de-la-Madeleine or Chaudi*re-Appalaches or Laval or Lanaudi*re or Laurentides or Mont*r*gie or Centre-du-Qu*bec))"
Direct exploitation of natural resources,Invasive alien species,"((((((natur* AND resource*) OR material* OR (biomass OR ""fossil fuel*"" OR ore* OR mineral*)) OR ((biological AND resource*) OR wildlife OR animal* OR plant* OR population*) OR water) AND ((overextraction OR overexploitation) OR (extraction OR exploitation OR withdraw*) OR depletion OR (hunting OR collect* OR gather* OR poaching OR ""bush meat*""))) OR ((forest* OR wood OR timber*) AND (harvest* OR logging*)) OR (soil* AND (erosion OR acidification OR degradation)) OR (fisher* OR fishing OR (bycatch OR by-catch)))) AND ((((invasive OR invasion) AND (alien OR exotic OR non-native OR pest* OR disease) AND species) OR ""biological invasion*"" OR (introduc* AND (species OR material))))",Ecosystem structure,Percentage of live coral cover,(extent OR area OR cover* OR proportion OR percentage) AND coral AND live,"TS=(((extent OR area OR cover* OR proportion OR percentage) AND coral AND live) AND (((((((natur* AND resource*) OR material* OR (biomass OR ""fossil fuel*"" OR ore* OR mineral*)) OR ((biological AND resource*) OR wildlife OR animal* OR plant* OR population*) OR water) AND ((overextraction OR overexploitation) OR (extraction OR exploitation OR withdraw*) OR depletion OR (hunting OR collect* OR gather* OR poaching OR ""bush meat*""))) OR ((forest* OR wood OR timber*) AND (harvest* OR logging*)) OR (soil* AND (erosion OR acidification OR degradation)) OR (fisher* OR fishing OR (bycatch OR by-catch)))) AND ((((invasive OR invasion) AND (alien OR exotic OR non-native OR pest* OR disease) AND species) OR ""biological invasion*"" OR (introduc* AND (species OR material))))) AND (que*bec OR canada OR montr*al or Saint-Lawrence or Bas-Saint-Laurent or Saguenay or Lac-Saint-Jean  or Capitale-Nationale or Mauricie or Estrie or Outaouais or Abitibi-T*miscamingue or C*te-Nord or Nord-du-Qu*bec or Gasp*sie–*les-de-la-Madeleine or Chaudi*re-Appalaches or Laval or Lanaudi*re or Laurentides or Mont*r*gie or Centre-du-Qu*bec))"
Direct exploitation of natural resources,Invasive alien species,"((((((natur* AND resource*) OR material* OR (biomass OR ""fossil fuel*"" OR ore* OR mineral*)) OR ((biological AND resource*) OR wildlife OR animal* OR plant* OR population*) OR water) AND ((overextraction OR overexploitation) OR (extraction OR exploitation OR withdraw*) OR depletion OR (hunting OR collect* OR gather* OR poaching OR ""bush meat*""))) OR ((forest* OR wood OR timber*) AND (harvest* OR logging*)) OR (soil* AND (erosion OR acidification OR degradation)) OR (fisher* OR fishing OR (bycatch OR by-catch)))) AND ((((invasive OR invasion) AND (alien OR exotic OR non-native OR pest* OR disease) AND species) OR ""biological invasion*"" OR (introduc* AND (species OR material))))",Genetic composition,Proportion of local breeds at risk/not at risk/unknown,"""local breed*"" AND (livestock* OR (domestic AND animal*)) AND (risk OR extinct* OR threat*)","TS=((""local breed*"" AND (livestock* OR (domestic AND animal*)) AND (risk OR extinct* OR threat*)) AND (((((((natur* AND resource*) OR material* OR (biomass OR ""fossil fuel*"" OR ore* OR mineral*)) OR ((biological AND resource*) OR wildlife OR animal* OR plant* OR population*) OR water) AND ((overextraction OR overexploitation) OR (extraction OR exploitation OR withdraw*) OR depletion OR (hunting OR collect* OR gather* OR poaching OR ""bush meat*""))) OR ((forest* OR wood OR timber*) AND (harvest* OR logging*)) OR (soil* AND (erosion OR acidification OR degradation)) OR (fisher* OR fishing OR (bycatch OR by-catch)))) AND ((((invasive OR invasion) AND (alien OR exotic OR non-native OR pest* OR disease) AND species) OR ""biological invasion*"" OR (introduc* AND (species OR material))))) AND (que*bec OR canada OR montr*al or Saint-Lawrence or Bas-Saint-Laurent or Saguenay or Lac-Saint-Jean  or Capitale-Nationale or Mauricie or Estrie or Outaouais or Abitibi-T*miscamingue or C*te-Nord or Nord-du-Qu*bec or Gasp*sie–*les-de-la-Madeleine or Chaudi*re-Appalaches or Laval or Lanaudi*re or Laurentides or Mont*r*gie or Centre-du-Qu*bec))"
Direct exploitation of natural resources,Invasive alien species,"((((((natur* AND resource*) OR material* OR (biomass OR ""fossil fuel*"" OR ore* OR mineral*)) OR ((biological AND resource*) OR wildlife OR animal* OR plant* OR population*) OR water) AND ((overextraction OR overexploitation) OR (extraction OR exploitation OR withdraw*) OR depletion OR (hunting OR collect* OR gather* OR poaching OR ""bush meat*""))) OR ((forest* OR wood OR timber*) AND (harvest* OR logging*)) OR (soil* AND (erosion OR acidification OR degradation)) OR (fisher* OR fishing OR (bycatch OR by-catch)))) AND ((((invasive OR invasion) AND (alien OR exotic OR non-native OR pest* OR disease) AND species) OR ""biological invasion*"" OR (introduc* AND (species OR material))))",Species populations,IUCN red list of threatened species,"(IUCN OR ""red list"") AND (threat* OR extinct*) AND species NOT ""red list ind*""","TS=(((IUCN OR ""red list"") AND (threat* OR extinct*) AND species NOT ""red list ind*"") AND (((((((natur* AND resource*) OR material* OR (biomass OR ""fossil fuel*"" OR ore* OR mineral*)) OR ((biological AND resource*) OR wildlife OR animal* OR plant* OR population*) OR water) AND ((overextraction OR overexploitation) OR (extraction OR exploitation OR withdraw*) OR depletion OR (hunting OR collect* OR gather* OR poaching OR ""bush meat*""))) OR ((forest* OR wood OR timber*) AND (harvest* OR logging*)) OR (soil* AND (erosion OR acidification OR degradation)) OR (fisher* OR fishing OR (bycatch OR by-catch)))) AND ((((invasive OR invasion) AND (alien OR exotic OR non-native OR pest* OR disease) AND species) OR ""biological invasion*"" OR (introduc* AND (species OR material))))) AND (que*bec OR canada OR montr*al or Saint-Lawrence or Bas-Saint-Laurent or Saguenay or Lac-Saint-Jean  or Capitale-Nationale or Mauricie or Estrie or Outaouais or Abitibi-T*miscamingue or C*te-Nord or Nord-du-Qu*bec or Gasp*sie–*les-de-la-Madeleine or Chaudi*re-Appalaches or Laval or Lanaudi*re or Laurentides or Mont*r*gie or Centre-du-Qu*bec))"
Direct exploitation of natural resources,Invasive alien species,"((((((natur* AND resource*) OR material* OR (biomass OR ""fossil fuel*"" OR ore* OR mineral*)) OR ((biological AND resource*) OR wildlife OR animal* OR plant* OR population*) OR water) AND ((overextraction OR overexploitation) OR (extraction OR exploitation OR withdraw*) OR depletion OR (hunting OR collect* OR gather* OR poaching OR ""bush meat*""))) OR ((forest* OR wood OR timber*) AND (harvest* OR logging*)) OR (soil* AND (erosion OR acidification OR degradation)) OR (fisher* OR fishing OR (bycatch OR by-catch)))) AND ((((invasive OR invasion) AND (alien OR exotic OR non-native OR pest* OR disease) AND species) OR ""biological invasion*"" OR (introduc* AND (species OR material))))",Species populations,Living planet index,"""living planet ind*"" OR ""living planet report*""","TS=((""living planet ind*"" OR ""living planet report*"") AND (((((((natur* AND resource*) OR material* OR (biomass OR ""fossil fuel*"" OR ore* OR mineral*)) OR ((biological AND resource*) OR wildlife OR animal* OR plant* OR population*) OR water) AND ((overextraction OR overexploitation) OR (extraction OR exploitation OR withdraw*) OR depletion OR (hunting OR collect* OR gather* OR poaching OR ""bush meat*""))) OR ((forest* OR wood OR timber*) AND (harvest* OR logging*)) OR (soil* AND (erosion OR acidification OR degradation)) OR (fisher* OR fishing OR (bycatch OR by-catch)))) AND ((((invasive OR invasion) AND (alien OR exotic OR non-native OR pest* OR disease) AND species) OR ""biological invasion*"" OR (introduc* AND (species OR material))))) AND (que*bec OR canada OR montr*al or Saint-Lawrence or Bas-Saint-Laurent or Saguenay or Lac-Saint-Jean  or Capitale-Nationale or Mauricie or Estrie or Outaouais or Abitibi-T*miscamingue or C*te-Nord or Nord-du-Qu*bec or Gasp*sie–*les-de-la-Madeleine or Chaudi*re-Appalaches or Laval or Lanaudi*re or Laurentides or Mont*r*gie or Centre-du-Qu*bec))"
Direct exploitation of natural resources,Invasive alien species,"((((((natur* AND resource*) OR material* OR (biomass OR ""fossil fuel*"" OR ore* OR mineral*)) OR ((biological AND resource*) OR wildlife OR animal* OR plant* OR population*) OR water) AND ((overextraction OR overexploitation) OR (extraction OR exploitation OR withdraw*) OR depletion OR (hunting OR collect* OR gather* OR poaching OR ""bush meat*""))) OR ((forest* OR wood OR timber*) AND (harvest* OR logging*)) OR (soil* AND (erosion OR acidification OR degradation)) OR (fisher* OR fishing OR (bycatch OR by-catch)))) AND ((((invasive OR invasion) AND (alien OR exotic OR non-native OR pest* OR disease) AND species) OR ""biological invasion*"" OR (introduc* AND (species OR material))))",Species populations,Local species abundance,"((species OR assemblage*) AND abundance AND (local OR location* OR sample*)) AND (global OR world*) AND (""time series"" OR ""time -series"" OR temporal)","TS=((((species OR assemblage*) AND abundance AND (local OR location* OR sample*)) AND (global OR world*) AND (""time series"" OR ""time -series"" OR temporal)) AND (((((((natur* AND resource*) OR material* OR (biomass OR ""fossil fuel*"" OR ore* OR mineral*)) OR ((biological AND resource*) OR wildlife OR animal* OR plant* OR population*) OR water) AND ((overextraction OR overexploitation) OR (extraction OR exploitation OR withdraw*) OR depletion OR (hunting OR collect* OR gather* OR poaching OR ""bush meat*""))) OR ((forest* OR wood OR timber*) AND (harvest* OR logging*)) OR (soil* AND (erosion OR acidification OR degradation)) OR (fisher* OR fishing OR (bycatch OR by-catch)))) AND ((((invasive OR invasion) AND (alien OR exotic OR non-native OR pest* OR disease) AND species) OR ""biological invasion*"" OR (introduc* AND (species OR material))))) AND (que*bec OR canada OR montr*al or Saint-Lawrence or Bas-Saint-Laurent or Saguenay or Lac-Saint-Jean  or Capitale-Nationale or Mauricie or Estrie or Outaouais or Abitibi-T*miscamingue or C*te-Nord or Nord-du-Qu*bec or Gasp*sie–*les-de-la-Madeleine or Chaudi*re-Appalaches or Laval or Lanaudi*re or Laurentides or Mont*r*gie or Centre-du-Qu*bec))"
Direct exploitation of natural resources,Invasive alien species,"((((((natur* AND resource*) OR material* OR (biomass OR ""fossil fuel*"" OR ore* OR mineral*)) OR ((biological AND resource*) OR wildlife OR animal* OR plant* OR population*) OR water) AND ((overextraction OR overexploitation) OR (extraction OR exploitation OR withdraw*) OR depletion OR (hunting OR collect* OR gather* OR poaching OR ""bush meat*""))) OR ((forest* OR wood OR timber*) AND (harvest* OR logging*)) OR (soil* AND (erosion OR acidification OR degradation)) OR (fisher* OR fishing OR (bycatch OR by-catch)))) AND ((((invasive OR invasion) AND (alien OR exotic OR non-native OR pest* OR disease) AND species) OR ""biological invasion*"" OR (introduc* AND (species OR material))))",Species populations,Predatory fish biomass,predator* AND fish* AND (biomass OR abundance),"TS=((predator* AND fish* AND (biomass OR abundance)) AND (((((((natur* AND resource*) OR material* OR (biomass OR ""fossil fuel*"" OR ore* OR mineral*)) OR ((biological AND resource*) OR wildlife OR animal* OR plant* OR population*) OR water) AND ((overextraction OR overexploitation) OR (extraction OR exploitation OR withdraw*) OR depletion OR (hunting OR collect* OR gather* OR poaching OR ""bush meat*""))) OR ((forest* OR wood OR timber*) AND (harvest* OR logging*)) OR (soil* AND (erosion OR acidification OR degradation)) OR (fisher* OR fishing OR (bycatch OR by-catch)))) AND ((((invasive OR invasion) AND (alien OR exotic OR non-native OR pest* OR disease) AND species) OR ""biological invasion*"" OR (introduc* AND (species OR material))))) AND (que*bec OR canada OR montr*al or Saint-Lawrence or Bas-Saint-Laurent or Saguenay or Lac-Saint-Jean  or Capitale-Nationale or Mauricie or Estrie or Outaouais or Abitibi-T*miscamingue or C*te-Nord or Nord-du-Qu*bec or Gasp*sie–*les-de-la-Madeleine or Chaudi*re-Appalaches or Laval or Lanaudi*re or Laurentides or Mont*r*gie or Centre-du-Qu*bec))"
Direct exploitation of natural resources,Invasive alien species,"((((((natur* AND resource*) OR material* OR (biomass OR ""fossil fuel*"" OR ore* OR mineral*)) OR ((biological AND resource*) OR wildlife OR animal* OR plant* OR population*) OR water) AND ((overextraction OR overexploitation) OR (extraction OR exploitation OR withdraw*) OR depletion OR (hunting OR collect* OR gather* OR poaching OR ""bush meat*""))) OR ((forest* OR wood OR timber*) AND (harvest* OR logging*)) OR (soil* AND (erosion OR acidification OR degradation)) OR (fisher* OR fishing OR (bycatch OR by-catch)))) AND ((((invasive OR invasion) AND (alien OR exotic OR non-native OR pest* OR disease) AND species) OR ""biological invasion*"" OR (introduc* AND (species OR material))))",Species populations,Prey fish biomass,prey* AND fish* AND (biomass OR abundance),"TS=((prey* AND fish* AND (biomass OR abundance)) AND (((((((natur* AND resource*) OR material* OR (biomass OR ""fossil fuel*"" OR ore* OR mineral*)) OR ((biological AND resource*) OR wildlife OR animal* OR plant* OR population*) OR water) AND ((overextraction OR overexploitation) OR (extraction OR exploitation OR withdraw*) OR depletion OR (hunting OR collect* OR gather* OR poaching OR ""bush meat*""))) OR ((forest* OR wood OR timber*) AND (harvest* OR logging*)) OR (soil* AND (erosion OR acidification OR degradation)) OR (fisher* OR fishing OR (bycatch OR by-catch)))) AND ((((invasive OR invasion) AND (alien OR exotic OR non-native OR pest* OR disease) AND species) OR ""biological invasion*"" OR (introduc* AND (species OR material))))) AND (que*bec OR canada OR montr*al or Saint-Lawrence or Bas-Saint-Laurent or Saguenay or Lac-Saint-Jean  or Capitale-Nationale or Mauricie or Estrie or Outaouais or Abitibi-T*miscamingue or C*te-Nord or Nord-du-Qu*bec or Gasp*sie–*les-de-la-Madeleine or Chaudi*re-Appalaches or Laval or Lanaudi*re or Laurentides or Mont*r*gie or Centre-du-Qu*bec))"
Direct exploitation of natural resources,Invasive alien species,"((((((natur* AND resource*) OR material* OR (biomass OR ""fossil fuel*"" OR ore* OR mineral*)) OR ((biological AND resource*) OR wildlife OR animal* OR plant* OR population*) OR water) AND ((overextraction OR overexploitation) OR (extraction OR exploitation OR withdraw*) OR depletion OR (hunting OR collect* OR gather* OR poaching OR ""bush meat*""))) OR ((forest* OR wood OR timber*) AND (harvest* OR logging*)) OR (soil* AND (erosion OR acidification OR degradation)) OR (fisher* OR fishing OR (bycatch OR by-catch)))) AND ((((invasive OR invasion) AND (alien OR exotic OR non-native OR pest* OR disease) AND species) OR ""biological invasion*"" OR (introduc* AND (species OR material))))",Species populations,Proportion of fish stocks within biologically sustainable levels,"fish* AND stock* AND (""sustainab*"" OR safe)","TS=((fish* AND stock* AND (""sustainab*"" OR safe)) AND (((((((natur* AND resource*) OR material* OR (biomass OR ""fossil fuel*"" OR ore* OR mineral*)) OR ((biological AND resource*) OR wildlife OR animal* OR plant* OR population*) OR water) AND ((overextraction OR overexploitation) OR (extraction OR exploitation OR withdraw*) OR depletion OR (hunting OR collect* OR gather* OR poaching OR ""bush meat*""))) OR ((forest* OR wood OR timber*) AND (harvest* OR logging*)) OR (soil* AND (erosion OR acidification OR degradation)) OR (fisher* OR fishing OR (bycatch OR by-catch)))) AND ((((invasive OR invasion) AND (alien OR exotic OR non-native OR pest* OR disease) AND species) OR ""biological invasion*"" OR (introduc* AND (species OR material))))) AND (que*bec OR canada OR montr*al or Saint-Lawrence or Bas-Saint-Laurent or Saguenay or Lac-Saint-Jean  or Capitale-Nationale or Mauricie or Estrie or Outaouais or Abitibi-T*miscamingue or C*te-Nord or Nord-du-Qu*bec or Gasp*sie–*les-de-la-Madeleine or Chaudi*re-Appalaches or Laval or Lanaudi*re or Laurentides or Mont*r*gie or Centre-du-Qu*bec))"
Direct exploitation of natural resources,Invasive alien species,"((((((natur* AND resource*) OR material* OR (biomass OR ""fossil fuel*"" OR ore* OR mineral*)) OR ((biological AND resource*) OR wildlife OR animal* OR plant* OR population*) OR water) AND ((overextraction OR overexploitation) OR (extraction OR exploitation OR withdraw*) OR depletion OR (hunting OR collect* OR gather* OR poaching OR ""bush meat*""))) OR ((forest* OR wood OR timber*) AND (harvest* OR logging*)) OR (soil* AND (erosion OR acidification OR degradation)) OR (fisher* OR fishing OR (bycatch OR by-catch)))) AND ((((invasive OR invasion) AND (alien OR exotic OR non-native OR pest* OR disease) AND species) OR ""biological invasion*"" OR (introduc* AND (species OR material))))",Species populations,Red list index,"""red list ind*""","TS=((""red list ind*"") AND (((((((natur* AND resource*) OR material* OR (biomass OR ""fossil fuel*"" OR ore* OR mineral*)) OR ((biological AND resource*) OR wildlife OR animal* OR plant* OR population*) OR water) AND ((overextraction OR overexploitation) OR (extraction OR exploitation OR withdraw*) OR depletion OR (hunting OR collect* OR gather* OR poaching OR ""bush meat*""))) OR ((forest* OR wood OR timber*) AND (harvest* OR logging*)) OR (soil* AND (erosion OR acidification OR degradation)) OR (fisher* OR fishing OR (bycatch OR by-catch)))) AND ((((invasive OR invasion) AND (alien OR exotic OR non-native OR pest* OR disease) AND species) OR ""biological invasion*"" OR (introduc* AND (species OR material))))) AND (que*bec OR canada OR montr*al or Saint-Lawrence or Bas-Saint-Laurent or Saguenay or Lac-Saint-Jean  or Capitale-Nationale or Mauricie or Estrie or Outaouais or Abitibi-T*miscamingue or C*te-Nord or Nord-du-Qu*bec or Gasp*sie–*les-de-la-Madeleine or Chaudi*re-Appalaches or Laval or Lanaudi*re or Laurentides or Mont*r*gie or Centre-du-Qu*bec))"
Direct exploitation of natural resources,Invasive alien species,"((((((natur* AND resource*) OR material* OR (biomass OR ""fossil fuel*"" OR ore* OR mineral*)) OR ((biological AND resource*) OR wildlife OR animal* OR plant* OR population*) OR water) AND ((overextraction OR overexploitation) OR (extraction OR exploitation OR withdraw*) OR depletion OR (hunting OR collect* OR gather* OR poaching OR ""bush meat*""))) OR ((forest* OR wood OR timber*) AND (harvest* OR logging*)) OR (soil* AND (erosion OR acidification OR degradation)) OR (fisher* OR fishing OR (bycatch OR by-catch)))) AND ((((invasive OR invasion) AND (alien OR exotic OR non-native OR pest* OR disease) AND species) OR ""biological invasion*"" OR (introduc* AND (species OR material))))",Species populations,Wild bird index,"""wild bird ind*""","TS=((""wild bird ind*"") AND (((((((natur* AND resource*) OR material* OR (biomass OR ""fossil fuel*"" OR ore* OR mineral*)) OR ((biological AND resource*) OR wildlife OR animal* OR plant* OR population*) OR water) AND ((overextraction OR overexploitation) OR (extraction OR exploitation OR withdraw*) OR depletion OR (hunting OR collect* OR gather* OR poaching OR ""bush meat*""))) OR ((forest* OR wood OR timber*) AND (harvest* OR logging*)) OR (soil* AND (erosion OR acidification OR degradation)) OR (fisher* OR fishing OR (bycatch OR by-catch)))) AND ((((invasive OR invasion) AND (alien OR exotic OR non-native OR pest* OR disease) AND species) OR ""biological invasion*"" OR (introduc* AND (species OR material))))) AND (que*bec OR canada OR montr*al or Saint-Lawrence or Bas-Saint-Laurent or Saguenay or Lac-Saint-Jean  or Capitale-Nationale or Mauricie or Estrie or Outaouais or Abitibi-T*miscamingue or C*te-Nord or Nord-du-Qu*bec or Gasp*sie–*les-de-la-Madeleine or Chaudi*re-Appalaches or Laval or Lanaudi*re or Laurentides or Mont*r*gie or Centre-du-Qu*bec))"
Direct exploitation of natural resources,Invasive alien species,"((((((natur* AND resource*) OR material* OR (biomass OR ""fossil fuel*"" OR ore* OR mineral*)) OR ((biological AND resource*) OR wildlife OR animal* OR plant* OR population*) OR water) AND ((overextraction OR overexploitation) OR (extraction OR exploitation OR withdraw*) OR depletion OR (hunting OR collect* OR gather* OR poaching OR ""bush meat*""))) OR ((forest* OR wood OR timber*) AND (harvest* OR logging*)) OR (soil* AND (erosion OR acidification OR degradation)) OR (fisher* OR fishing OR (bycatch OR by-catch)))) AND ((((invasive OR invasion) AND (alien OR exotic OR non-native OR pest* OR disease) AND species) OR ""biological invasion*"" OR (introduc* AND (species OR material))))",Species traits,Mean length of fish,"(""mean length*"" OR ""average length*"") AND fish*","TS=(((""mean length*"" OR ""average length*"") AND fish*) AND (((((((natur* AND resource*) OR material* OR (biomass OR ""fossil fuel*"" OR ore* OR mineral*)) OR ((biological AND resource*) OR wildlife OR animal* OR plant* OR population*) OR water) AND ((overextraction OR overexploitation) OR (extraction OR exploitation OR withdraw*) OR depletion OR (hunting OR collect* OR gather* OR poaching OR ""bush meat*""))) OR ((forest* OR wood OR timber*) AND (harvest* OR logging*)) OR (soil* AND (erosion OR acidification OR degradation)) OR (fisher* OR fishing OR (bycatch OR by-catch)))) AND ((((invasive OR invasion) AND (alien OR exotic OR non-native OR pest* OR disease) AND species) OR ""biological invasion*"" OR (introduc* AND (species OR material))))) AND (que*bec OR canada OR montr*al or Saint-Lawrence or Bas-Saint-Laurent or Saguenay or Lac-Saint-Jean  or Capitale-Nationale or Mauricie or Estrie or Outaouais or Abitibi-T*miscamingue or C*te-Nord or Nord-du-Qu*bec or Gasp*sie–*les-de-la-Madeleine or Chaudi*re-Appalaches or Laval or Lanaudi*re or Laurentides or Mont*r*gie or Centre-du-Qu*bec))"
Direct exploitation of natural resources,Invasive alien species,"((((((natur* AND resource*) OR material* OR (biomass OR ""fossil fuel*"" OR ore* OR mineral*)) OR ((biological AND resource*) OR wildlife OR animal* OR plant* OR population*) OR water) AND ((overextraction OR overexploitation) OR (extraction OR exploitation OR withdraw*) OR depletion OR (hunting OR collect* OR gather* OR poaching OR ""bush meat*""))) OR ((forest* OR wood OR timber*) AND (harvest* OR logging*)) OR (soil* AND (erosion OR acidification OR degradation)) OR (fisher* OR fishing OR (bycatch OR by-catch)))) AND ((((invasive OR invasion) AND (alien OR exotic OR non-native OR pest* OR disease) AND species) OR ""biological invasion*"" OR (introduc* AND (species OR material))))",Species traits,Proportion of predatory fish,"(proportion OR ratio OR percentage) AND ""predator* fish*""","TS=(((proportion OR ratio OR percentage) AND ""predator* fish*"") AND (((((((natur* AND resource*) OR material* OR (biomass OR ""fossil fuel*"" OR ore* OR mineral*)) OR ((biological AND resource*) OR wildlife OR animal* OR plant* OR population*) OR water) AND ((overextraction OR overexploitation) OR (extraction OR exploitation OR withdraw*) OR depletion OR (hunting OR collect* OR gather* OR poaching OR ""bush meat*""))) OR ((forest* OR wood OR timber*) AND (harvest* OR logging*)) OR (soil* AND (erosion OR acidification OR degradation)) OR (fisher* OR fishing OR (bycatch OR by-catch)))) AND ((((invasive OR invasion) AND (alien OR exotic OR non-native OR pest* OR disease) AND species) OR ""biological invasion*"" OR (introduc* AND (species OR material))))) AND (que*bec OR canada OR montr*al or Saint-Lawrence or Bas-Saint-Laurent or Saguenay or Lac-Saint-Jean  or Capitale-Nationale or Mauricie or Estrie or Outaouais or Abitibi-T*miscamingue or C*te-Nord or Nord-du-Qu*bec or Gasp*sie–*les-de-la-Madeleine or Chaudi*re-Appalaches or Laval or Lanaudi*re or Laurentides or Mont*r*gie or Centre-du-Qu*bec))"
Climate change,Pollution,"((""climat* change"" OR ""chang* climat*"" OR (""increase* temperature*"" OR ""thermal alteration"" OR ""global warming"") OR (chang* AND precipitation*) OR ((extreme OR severe) AND (weather OR temperature OR precipitation OR climat*)) OR heatwave* OR drought* OR storm* OR flood* OR (UV OR ultraviolet) OR ""sea level rise"" OR ""soil salinization"" OR (""habitat shift*"" AND climate) OR (""habitat alteration"" AND climate) OR ((consumptive OR human OR agricultural) AND ""water stress""))) AND (((pollut* OR contamin* OR emission* OR spill-over* OR disposal* OR deposition* OR load* OR dump* OR discharge*) OR ((noise OR light OR gas* OR particle* OR particulate* OR nitrogen OR sulphur* OR phosphor* OR waste* OR garbage OR sewage OR pesticide* OR fertilizer* OR nutrient* OR ""oil spill*"" OR metal OR salinization OR salinisation OR acidification OR solid OR plastic OR mercury OR nutrient* OR pollutant*) AND (soil OR water OR ocean OR marine OR atmosphere OR air)) OR ((industrial OR military OR agricultur* OR forest*) AND effluent*)))",Community composition,NA,"(((communit* OR assemblage* OR taxonom* OR species) AND (dominance* OR richness OR turnover OR diversit* OR composition OR similarit)) OR (""species interaction"" OR ""biotic interaction*""))","TS=(((((communit* OR assemblage* OR taxonom* OR species) AND (dominance* OR richness OR turnover OR diversit* OR composition OR similarit)) OR (""species interaction"" OR ""biotic interaction*""))) AND (((""climat* change"" OR ""chang* climat*"" OR (""increase* temperature*"" OR ""thermal alteration"" OR ""global warming"") OR (chang* AND precipitation*) OR ((extreme OR severe) AND (weather OR temperature OR precipitation OR climat*)) OR heatwave* OR drought* OR storm* OR flood* OR (UV OR ultraviolet) OR ""sea level rise"" OR ""soil salinization"" OR (""habitat shift*"" AND climate) OR (""habitat alteration"" AND climate) OR ((consumptive OR human OR agricultural) AND ""water stress""))) AND (((pollut* OR contamin* OR emission* OR spill-over* OR disposal* OR deposition* OR load* OR dump* OR discharge*) OR ((noise OR light OR gas* OR particle* OR particulate* OR nitrogen OR sulphur* OR phosphor* OR waste* OR garbage OR sewage OR pesticide* OR fertilizer* OR nutrient* OR ""oil spill*"" OR metal OR salinization OR salinisation OR acidification OR solid OR plastic OR mercury OR nutrient* OR pollutant*) AND (soil OR water OR ocean OR marine OR atmosphere OR air)) OR ((industrial OR military OR agricultur* OR forest*) AND effluent*)))) AND (que*bec OR canada OR montr*al or Saint-Lawrence or Bas-Saint-Laurent or Saguenay or Lac-Saint-Jean  or Capitale-Nationale or Mauricie or Estrie or Outaouais or Abitibi-T*miscamingue or C*te-Nord or Nord-du-Qu*bec or Gasp*sie–*les-de-la-Madeleine or Chaudi*re-Appalaches or Laval or Lanaudi*re or Laurentides or Mont*r*gie or Centre-du-Qu*bec))"
Climate change,Pollution,"((""climat* change"" OR ""chang* climat*"" OR (""increase* temperature*"" OR ""thermal alteration"" OR ""global warming"") OR (chang* AND precipitation*) OR ((extreme OR severe) AND (weather OR temperature OR precipitation OR climat*)) OR heatwave* OR drought* OR storm* OR flood* OR (UV OR ultraviolet) OR ""sea level rise"" OR ""soil salinization"" OR (""habitat shift*"" AND climate) OR (""habitat alteration"" AND climate) OR ((consumptive OR human OR agricultural) AND ""water stress""))) AND (((pollut* OR contamin* OR emission* OR spill-over* OR disposal* OR deposition* OR load* OR dump* OR discharge*) OR ((noise OR light OR gas* OR particle* OR particulate* OR nitrogen OR sulphur* OR phosphor* OR waste* OR garbage OR sewage OR pesticide* OR fertilizer* OR nutrient* OR ""oil spill*"" OR metal OR salinization OR salinisation OR acidification OR solid OR plastic OR mercury OR nutrient* OR pollutant*) AND (soil OR water OR ocean OR marine OR atmosphere OR air)) OR ((industrial OR military OR agricultur* OR forest*) AND effluent*)))",Ecosystem function,NA,"(""ecosystem function"" OR ""net primary productivity"" OR ""secondary productivity"" OR ""nutrient retention"" OR ""disturbance regime"" OR ""carbon sequestration"")","TS=(((""ecosystem function"" OR ""net primary productivity"" OR ""secondary productivity"" OR ""nutrient retention"" OR ""disturbance regime"" OR ""carbon sequestration"")) AND (((""climat* change"" OR ""chang* climat*"" OR (""increase* temperature*"" OR ""thermal alteration"" OR ""global warming"") OR (chang* AND precipitation*) OR ((extreme OR severe) AND (weather OR temperature OR precipitation OR climat*)) OR heatwave* OR drought* OR storm* OR flood* OR (UV OR ultraviolet) OR ""sea level rise"" OR ""soil salinization"" OR (""habitat shift*"" AND climate) OR (""habitat alteration"" AND climate) OR ((consumptive OR human OR agricultural) AND ""water stress""))) AND (((pollut* OR contamin* OR emission* OR spill-over* OR disposal* OR deposition* OR load* OR dump* OR discharge*) OR ((noise OR light OR gas* OR particle* OR particulate* OR nitrogen OR sulphur* OR phosphor* OR waste* OR garbage OR sewage OR pesticide* OR fertilizer* OR nutrient* OR ""oil spill*"" OR metal OR salinization OR salinisation OR acidification OR solid OR plastic OR mercury OR nutrient* OR pollutant*) AND (soil OR water OR ocean OR marine OR atmosphere OR air)) OR ((industrial OR military OR agricultur* OR forest*) AND effluent*)))) AND (que*bec OR canada OR montr*al or Saint-Lawrence or Bas-Saint-Laurent or Saguenay or Lac-Saint-Jean  or Capitale-Nationale or Mauricie or Estrie or Outaouais or Abitibi-T*miscamingue or C*te-Nord or Nord-du-Qu*bec or Gasp*sie–*les-de-la-Madeleine or Chaudi*re-Appalaches or Laval or Lanaudi*re or Laurentides or Mont*r*gie or Centre-du-Qu*bec))"
Climate change,Pollution,"((""climat* change"" OR ""chang* climat*"" OR (""increase* temperature*"" OR ""thermal alteration"" OR ""global warming"") OR (chang* AND precipitation*) OR ((extreme OR severe) AND (weather OR temperature OR precipitation OR climat*)) OR heatwave* OR drought* OR storm* OR flood* OR (UV OR ultraviolet) OR ""sea level rise"" OR ""soil salinization"" OR (""habitat shift*"" AND climate) OR (""habitat alteration"" AND climate) OR ((consumptive OR human OR agricultural) AND ""water stress""))) AND (((pollut* OR contamin* OR emission* OR spill-over* OR disposal* OR deposition* OR load* OR dump* OR discharge*) OR ((noise OR light OR gas* OR particle* OR particulate* OR nitrogen OR sulphur* OR phosphor* OR waste* OR garbage OR sewage OR pesticide* OR fertilizer* OR nutrient* OR ""oil spill*"" OR metal OR salinization OR salinisation OR acidification OR solid OR plastic OR mercury OR nutrient* OR pollutant*) AND (soil OR water OR ocean OR marine OR atmosphere OR air)) OR ((industrial OR military OR agricultur* OR forest*) AND effluent*)))",Ecosystem structure,NA,"(""ecosystem* structure"" OR ""habitat structure"" OR ((ecosystem OR habitat*) AND ((extent OR area OR coverage OR proportion) AND fragmentation)) OR ((ecosystem OR landscape) AND composition AND ""functional type""))","TS=(((""ecosystem* structure"" OR ""habitat structure"" OR ((ecosystem OR habitat*) AND ((extent OR area OR coverage OR proportion) AND fragmentation)) OR ((ecosystem OR landscape) AND composition AND ""functional type""))) AND (((""climat* change"" OR ""chang* climat*"" OR (""increase* temperature*"" OR ""thermal alteration"" OR ""global warming"") OR (chang* AND precipitation*) OR ((extreme OR severe) AND (weather OR temperature OR precipitation OR climat*)) OR heatwave* OR drought* OR storm* OR flood* OR (UV OR ultraviolet) OR ""sea level rise"" OR ""soil salinization"" OR (""habitat shift*"" AND climate) OR (""habitat alteration"" AND climate) OR ((consumptive OR human OR agricultural) AND ""water stress""))) AND (((pollut* OR contamin* OR emission* OR spill-over* OR disposal* OR deposition* OR load* OR dump* OR discharge*) OR ((noise OR light OR gas* OR particle* OR particulate* OR nitrogen OR sulphur* OR phosphor* OR waste* OR garbage OR sewage OR pesticide* OR fertilizer* OR nutrient* OR ""oil spill*"" OR metal OR salinization OR salinisation OR acidification OR solid OR plastic OR mercury OR nutrient* OR pollutant*) AND (soil OR water OR ocean OR marine OR atmosphere OR air)) OR ((industrial OR military OR agricultur* OR forest*) AND effluent*)))) AND (que*bec OR canada OR montr*al or Saint-Lawrence or Bas-Saint-Laurent or Saguenay or Lac-Saint-Jean  or Capitale-Nationale or Mauricie or Estrie or Outaouais or Abitibi-T*miscamingue or C*te-Nord or Nord-du-Qu*bec or Gasp*sie–*les-de-la-Madeleine or Chaudi*re-Appalaches or Laval or Lanaudi*re or Laurentides or Mont*r*gie or Centre-du-Qu*bec))"
Climate change,Pollution,"((""climat* change"" OR ""chang* climat*"" OR (""increase* temperature*"" OR ""thermal alteration"" OR ""global warming"") OR (chang* AND precipitation*) OR ((extreme OR severe) AND (weather OR temperature OR precipitation OR climat*)) OR heatwave* OR drought* OR storm* OR flood* OR (UV OR ultraviolet) OR ""sea level rise"" OR ""soil salinization"" OR (""habitat shift*"" AND climate) OR (""habitat alteration"" AND climate) OR ((consumptive OR human OR agricultural) AND ""water stress""))) AND (((pollut* OR contamin* OR emission* OR spill-over* OR disposal* OR deposition* OR load* OR dump* OR discharge*) OR ((noise OR light OR gas* OR particle* OR particulate* OR nitrogen OR sulphur* OR phosphor* OR waste* OR garbage OR sewage OR pesticide* OR fertilizer* OR nutrient* OR ""oil spill*"" OR metal OR salinization OR salinisation OR acidification OR solid OR plastic OR mercury OR nutrient* OR pollutant*) AND (soil OR water OR ocean OR marine OR atmosphere OR air)) OR ((industrial OR military OR agricultur* OR forest*) AND effluent*)))",Genetic composition,NA,"(""genetic* composition"" OR (co-ancestr* OR coancestr) OR ""allel diversit"" OR ""phylogenetic diversit"" OR (""population diversit"" OR (population AND ""genetic differen"")) OR ((breed OR variet) AND diversit) OR ""intra-specific diversit"" OR ""genetic diversit"" OR ""genetic variation"")","TS=(((""genetic* composition"" OR (co-ancestr* OR coancestr) OR ""allel diversit"" OR ""phylogenetic diversit"" OR (""population diversit"" OR (population AND ""genetic differen"")) OR ((breed OR variet) AND diversit) OR ""intra-specific diversit"" OR ""genetic diversit"" OR ""genetic variation"")) AND (((""climat* change"" OR ""chang* climat*"" OR (""increase* temperature*"" OR ""thermal alteration"" OR ""global warming"") OR (chang* AND precipitation*) OR ((extreme OR severe) AND (weather OR temperature OR precipitation OR climat*)) OR heatwave* OR drought* OR storm* OR flood* OR (UV OR ultraviolet) OR ""sea level rise"" OR ""soil salinization"" OR (""habitat shift*"" AND climate) OR (""habitat alteration"" AND climate) OR ((consumptive OR human OR agricultural) AND ""water stress""))) AND (((pollut* OR contamin* OR emission* OR spill-over* OR disposal* OR deposition* OR load* OR dump* OR discharge*) OR ((noise OR light OR gas* OR particle* OR particulate* OR nitrogen OR sulphur* OR phosphor* OR waste* OR garbage OR sewage OR pesticide* OR fertilizer* OR nutrient* OR ""oil spill*"" OR metal OR salinization OR salinisation OR acidification OR solid OR plastic OR mercury OR nutrient* OR pollutant*) AND (soil OR water OR ocean OR marine OR atmosphere OR air)) OR ((industrial OR military OR agricultur* OR forest*) AND effluent*)))) AND (que*bec OR canada OR montr*al or Saint-Lawrence or Bas-Saint-Laurent or Saguenay or Lac-Saint-Jean  or Capitale-Nationale or Mauricie or Estrie or Outaouais or Abitibi-T*miscamingue or C*te-Nord or Nord-du-Qu*bec or Gasp*sie–*les-de-la-Madeleine or Chaudi*re-Appalaches or Laval or Lanaudi*re or Laurentides or Mont*r*gie or Centre-du-Qu*bec))"
Climate change,Pollution,"((""climat* change"" OR ""chang* climat*"" OR (""increase* temperature*"" OR ""thermal alteration"" OR ""global warming"") OR (chang* AND precipitation*) OR ((extreme OR severe) AND (weather OR temperature OR precipitation OR climat*)) OR heatwave* OR drought* OR storm* OR flood* OR (UV OR ultraviolet) OR ""sea level rise"" OR ""soil salinization"" OR (""habitat shift*"" AND climate) OR (""habitat alteration"" AND climate) OR ((consumptive OR human OR agricultural) AND ""water stress""))) AND (((pollut* OR contamin* OR emission* OR spill-over* OR disposal* OR deposition* OR load* OR dump* OR discharge*) OR ((noise OR light OR gas* OR particle* OR particulate* OR nitrogen OR sulphur* OR phosphor* OR waste* OR garbage OR sewage OR pesticide* OR fertilizer* OR nutrient* OR ""oil spill*"" OR metal OR salinization OR salinisation OR acidification OR solid OR plastic OR mercury OR nutrient* OR pollutant*) AND (soil OR water OR ocean OR marine OR atmosphere OR air)) OR ((industrial OR military OR agricultur* OR forest*) AND effluent*)))",Species populations,NA,(species OR population) AND ((distribution OR range) OR (abundance OR size* OR densit* OR demograph* OR dynamic* OR reproduct* OR surviv* OR growth OR persistence OR viab*) OR (structure AND (age OR size))),"TS=(((species OR population) AND ((distribution OR range) OR (abundance OR size* OR densit* OR demograph* OR dynamic* OR reproduct* OR surviv* OR growth OR persistence OR viab*) OR (structure AND (age OR size)))) AND (((""climat* change"" OR ""chang* climat*"" OR (""increase* temperature*"" OR ""thermal alteration"" OR ""global warming"") OR (chang* AND precipitation*) OR ((extreme OR severe) AND (weather OR temperature OR precipitation OR climat*)) OR heatwave* OR drought* OR storm* OR flood* OR (UV OR ultraviolet) OR ""sea level rise"" OR ""soil salinization"" OR (""habitat shift*"" AND climate) OR (""habitat alteration"" AND climate) OR ((consumptive OR human OR agricultural) AND ""water stress""))) AND (((pollut* OR contamin* OR emission* OR spill-over* OR disposal* OR deposition* OR load* OR dump* OR discharge*) OR ((noise OR light OR gas* OR particle* OR particulate* OR nitrogen OR sulphur* OR phosphor* OR waste* OR garbage OR sewage OR pesticide* OR fertilizer* OR nutrient* OR ""oil spill*"" OR metal OR salinization OR salinisation OR acidification OR solid OR plastic OR mercury OR nutrient* OR pollutant*) AND (soil OR water OR ocean OR marine OR atmosphere OR air)) OR ((industrial OR military OR agricultur* OR forest*) AND effluent*)))) AND (que*bec OR canada OR montr*al or Saint-Lawrence or Bas-Saint-Laurent or Saguenay or Lac-Saint-Jean  or Capitale-Nationale or Mauricie or Estrie or Outaouais or Abitibi-T*miscamingue or C*te-Nord or Nord-du-Qu*bec or Gasp*sie–*les-de-la-Madeleine or Chaudi*re-Appalaches or Laval or Lanaudi*re or Laurentides or Mont*r*gie or Centre-du-Qu*bec))"
Climate change,Pollution,"((""climat* change"" OR ""chang* climat*"" OR (""increase* temperature*"" OR ""thermal alteration"" OR ""global warming"") OR (chang* AND precipitation*) OR ((extreme OR severe) AND (weather OR temperature OR precipitation OR climat*)) OR heatwave* OR drought* OR storm* OR flood* OR (UV OR ultraviolet) OR ""sea level rise"" OR ""soil salinization"" OR (""habitat shift*"" AND climate) OR (""habitat alteration"" AND climate) OR ((consumptive OR human OR agricultural) AND ""water stress""))) AND (((pollut* OR contamin* OR emission* OR spill-over* OR disposal* OR deposition* OR load* OR dump* OR discharge*) OR ((noise OR light OR gas* OR particle* OR particulate* OR nitrogen OR sulphur* OR phosphor* OR waste* OR garbage OR sewage OR pesticide* OR fertilizer* OR nutrient* OR ""oil spill*"" OR metal OR salinization OR salinisation OR acidification OR solid OR plastic OR mercury OR nutrient* OR pollutant*) AND (soil OR water OR ocean OR marine OR atmosphere OR air)) OR ((industrial OR military OR agricultur* OR forest*) AND effluent*)))",Species traits,NA,"((""ecological trait"" OR ""biological trait"" OR ""species trait"") OR (""body mass"" OR ""body size"") OR ""natal dispers"" OR ((migrat* OR dispers* OR demograph* OR physiolog* OR life-history* OR phenolog) AND (trait OR behav* OR attribute OR feature)))","TS=((((""ecological trait"" OR ""biological trait"" OR ""species trait"") OR (""body mass"" OR ""body size"") OR ""natal dispers"" OR ((migrat* OR dispers* OR demograph* OR physiolog* OR life-history* OR phenolog) AND (trait OR behav* OR attribute OR feature)))) AND (((""climat* change"" OR ""chang* climat*"" OR (""increase* temperature*"" OR ""thermal alteration"" OR ""global warming"") OR (chang* AND precipitation*) OR ((extreme OR severe) AND (weather OR temperature OR precipitation OR climat*)) OR heatwave* OR drought* OR storm* OR flood* OR (UV OR ultraviolet) OR ""sea level rise"" OR ""soil salinization"" OR (""habitat shift*"" AND climate) OR (""habitat alteration"" AND climate) OR ((consumptive OR human OR agricultural) AND ""water stress""))) AND (((pollut* OR contamin* OR emission* OR spill-over* OR disposal* OR deposition* OR load* OR dump* OR discharge*) OR ((noise OR light OR gas* OR particle* OR particulate* OR nitrogen OR sulphur* OR phosphor* OR waste* OR garbage OR sewage OR pesticide* OR fertilizer* OR nutrient* OR ""oil spill*"" OR metal OR salinization OR salinisation OR acidification OR solid OR plastic OR mercury OR nutrient* OR pollutant*) AND (soil OR water OR ocean OR marine OR atmosphere OR air)) OR ((industrial OR military OR agricultur* OR forest*) AND effluent*)))) AND (que*bec OR canada OR montr*al or Saint-Lawrence or Bas-Saint-Laurent or Saguenay or Lac-Saint-Jean  or Capitale-Nationale or Mauricie or Estrie or Outaouais or Abitibi-T*miscamingue or C*te-Nord or Nord-du-Qu*bec or Gasp*sie–*les-de-la-Madeleine or Chaudi*re-Appalaches or Laval or Lanaudi*re or Laurentides or Mont*r*gie or Centre-du-Qu*bec))"
Climate change,Pollution,"((""climat* change"" OR ""chang* climat*"" OR (""increase* temperature*"" OR ""thermal alteration"" OR ""global warming"") OR (chang* AND precipitation*) OR ((extreme OR severe) AND (weather OR temperature OR precipitation OR climat*)) OR heatwave* OR drought* OR storm* OR flood* OR (UV OR ultraviolet) OR ""sea level rise"" OR ""soil salinization"" OR (""habitat shift*"" AND climate) OR (""habitat alteration"" AND climate) OR ((consumptive OR human OR agricultural) AND ""water stress""))) AND (((pollut* OR contamin* OR emission* OR spill-over* OR disposal* OR deposition* OR load* OR dump* OR discharge*) OR ((noise OR light OR gas* OR particle* OR particulate* OR nitrogen OR sulphur* OR phosphor* OR waste* OR garbage OR sewage OR pesticide* OR fertilizer* OR nutrient* OR ""oil spill*"" OR metal OR salinization OR salinisation OR acidification OR solid OR plastic OR mercury OR nutrient* OR pollutant*) AND (soil OR water OR ocean OR marine OR atmosphere OR air)) OR ((industrial OR military OR agricultur* OR forest*) AND effluent*)))",Community composition,Global bird species richness,"(global OR world*) AND bird* AND ""species richness""","TS=(((global OR world*) AND bird* AND ""species richness"") AND (((""climat* change"" OR ""chang* climat*"" OR (""increase* temperature*"" OR ""thermal alteration"" OR ""global warming"") OR (chang* AND precipitation*) OR ((extreme OR severe) AND (weather OR temperature OR precipitation OR climat*)) OR heatwave* OR drought* OR storm* OR flood* OR (UV OR ultraviolet) OR ""sea level rise"" OR ""soil salinization"" OR (""habitat shift*"" AND climate) OR (""habitat alteration"" AND climate) OR ((consumptive OR human OR agricultural) AND ""water stress""))) AND (((pollut* OR contamin* OR emission* OR spill-over* OR disposal* OR deposition* OR load* OR dump* OR discharge*) OR ((noise OR light OR gas* OR particle* OR particulate* OR nitrogen OR sulphur* OR phosphor* OR waste* OR garbage OR sewage OR pesticide* OR fertilizer* OR nutrient* OR ""oil spill*"" OR metal OR salinization OR salinisation OR acidification OR solid OR plastic OR mercury OR nutrient* OR pollutant*) AND (soil OR water OR ocean OR marine OR atmosphere OR air)) OR ((industrial OR military OR agricultur* OR forest*) AND effluent*)))) AND (que*bec OR canada OR montr*al or Saint-Lawrence or Bas-Saint-Laurent or Saguenay or Lac-Saint-Jean  or Capitale-Nationale or Mauricie or Estrie or Outaouais or Abitibi-T*miscamingue or C*te-Nord or Nord-du-Qu*bec or Gasp*sie–*les-de-la-Madeleine or Chaudi*re-Appalaches or Laval or Lanaudi*re or Laurentides or Mont*r*gie or Centre-du-Qu*bec))"
Climate change,Pollution,"((""climat* change"" OR ""chang* climat*"" OR (""increase* temperature*"" OR ""thermal alteration"" OR ""global warming"") OR (chang* AND precipitation*) OR ((extreme OR severe) AND (weather OR temperature OR precipitation OR climat*)) OR heatwave* OR drought* OR storm* OR flood* OR (UV OR ultraviolet) OR ""sea level rise"" OR ""soil salinization"" OR (""habitat shift*"" AND climate) OR (""habitat alteration"" AND climate) OR ((consumptive OR human OR agricultural) AND ""water stress""))) AND (((pollut* OR contamin* OR emission* OR spill-over* OR disposal* OR deposition* OR load* OR dump* OR discharge*) OR ((noise OR light OR gas* OR particle* OR particulate* OR nitrogen OR sulphur* OR phosphor* OR waste* OR garbage OR sewage OR pesticide* OR fertilizer* OR nutrient* OR ""oil spill*"" OR metal OR salinization OR salinisation OR acidification OR solid OR plastic OR mercury OR nutrient* OR pollutant*) AND (soil OR water OR ocean OR marine OR atmosphere OR air)) OR ((industrial OR military OR agricultur* OR forest*) AND effluent*)))",Community composition,Local species richness,"((species OR assemblage*) AND (richness OR diversit*) AND (local OR location* OR sample*)) AND (global OR world*) AND (""time series"" OR ""time-series"" OR temporal)","TS=((((species OR assemblage*) AND (richness OR diversit*) AND (local OR location* OR sample*)) AND (global OR world*) AND (""time series"" OR ""time-series"" OR temporal)) AND (((""climat* change"" OR ""chang* climat*"" OR (""increase* temperature*"" OR ""thermal alteration"" OR ""global warming"") OR (chang* AND precipitation*) OR ((extreme OR severe) AND (weather OR temperature OR precipitation OR climat*)) OR heatwave* OR drought* OR storm* OR flood* OR (UV OR ultraviolet) OR ""sea level rise"" OR ""soil salinization"" OR (""habitat shift*"" AND climate) OR (""habitat alteration"" AND climate) OR ((consumptive OR human OR agricultural) AND ""water stress""))) AND (((pollut* OR contamin* OR emission* OR spill-over* OR disposal* OR deposition* OR load* OR dump* OR discharge*) OR ((noise OR light OR gas* OR particle* OR particulate* OR nitrogen OR sulphur* OR phosphor* OR waste* OR garbage OR sewage OR pesticide* OR fertilizer* OR nutrient* OR ""oil spill*"" OR metal OR salinization OR salinisation OR acidification OR solid OR plastic OR mercury OR nutrient* OR pollutant*) AND (soil OR water OR ocean OR marine OR atmosphere OR air)) OR ((industrial OR military OR agricultur* OR forest*) AND effluent*)))) AND (que*bec OR canada OR montr*al or Saint-Lawrence or Bas-Saint-Laurent or Saguenay or Lac-Saint-Jean  or Capitale-Nationale or Mauricie or Estrie or Outaouais or Abitibi-T*miscamingue or C*te-Nord or Nord-du-Qu*bec or Gasp*sie–*les-de-la-Madeleine or Chaudi*re-Appalaches or Laval or Lanaudi*re or Laurentides or Mont*r*gie or Centre-du-Qu*bec))"
Climate change,Pollution,"((""climat* change"" OR ""chang* climat*"" OR (""increase* temperature*"" OR ""thermal alteration"" OR ""global warming"") OR (chang* AND precipitation*) OR ((extreme OR severe) AND (weather OR temperature OR precipitation OR climat*)) OR heatwave* OR drought* OR storm* OR flood* OR (UV OR ultraviolet) OR ""sea level rise"" OR ""soil salinization"" OR (""habitat shift*"" AND climate) OR (""habitat alteration"" AND climate) OR ((consumptive OR human OR agricultural) AND ""water stress""))) AND (((pollut* OR contamin* OR emission* OR spill-over* OR disposal* OR deposition* OR load* OR dump* OR discharge*) OR ((noise OR light OR gas* OR particle* OR particulate* OR nitrogen OR sulphur* OR phosphor* OR waste* OR garbage OR sewage OR pesticide* OR fertilizer* OR nutrient* OR ""oil spill*"" OR metal OR salinization OR salinisation OR acidification OR solid OR plastic OR mercury OR nutrient* OR pollutant*) AND (soil OR water OR ocean OR marine OR atmosphere OR air)) OR ((industrial OR military OR agricultur* OR forest*) AND effluent*)))",Community composition,Local species turnover,"((species OR assemblage*) AND (turnover OR (composition* AND (change OR similarit*))) AND (local OR location* OR sample*)) AND (global OR world*) AND (""time series"" OR ""time-series"" OR temporal)","TS=((((species OR assemblage*) AND (turnover OR (composition* AND (change OR similarit*))) AND (local OR location* OR sample*)) AND (global OR world*) AND (""time series"" OR ""time-series"" OR temporal)) AND (((""climat* change"" OR ""chang* climat*"" OR (""increase* temperature*"" OR ""thermal alteration"" OR ""global warming"") OR (chang* AND precipitation*) OR ((extreme OR severe) AND (weather OR temperature OR precipitation OR climat*)) OR heatwave* OR drought* OR storm* OR flood* OR (UV OR ultraviolet) OR ""sea level rise"" OR ""soil salinization"" OR (""habitat shift*"" AND climate) OR (""habitat alteration"" AND climate) OR ((consumptive OR human OR agricultural) AND ""water stress""))) AND (((pollut* OR contamin* OR emission* OR spill-over* OR disposal* OR deposition* OR load* OR dump* OR discharge*) OR ((noise OR light OR gas* OR particle* OR particulate* OR nitrogen OR sulphur* OR phosphor* OR waste* OR garbage OR sewage OR pesticide* OR fertilizer* OR nutrient* OR ""oil spill*"" OR metal OR salinization OR salinisation OR acidification OR solid OR plastic OR mercury OR nutrient* OR pollutant*) AND (soil OR water OR ocean OR marine OR atmosphere OR air)) OR ((industrial OR military OR agricultur* OR forest*) AND effluent*)))) AND (que*bec OR canada OR montr*al or Saint-Lawrence or Bas-Saint-Laurent or Saguenay or Lac-Saint-Jean  or Capitale-Nationale or Mauricie or Estrie or Outaouais or Abitibi-T*miscamingue or C*te-Nord or Nord-du-Qu*bec or Gasp*sie–*les-de-la-Madeleine or Chaudi*re-Appalaches or Laval or Lanaudi*re or Laurentides or Mont*r*gie or Centre-du-Qu*bec))"
Climate change,Pollution,"((""climat* change"" OR ""chang* climat*"" OR (""increase* temperature*"" OR ""thermal alteration"" OR ""global warming"") OR (chang* AND precipitation*) OR ((extreme OR severe) AND (weather OR temperature OR precipitation OR climat*)) OR heatwave* OR drought* OR storm* OR flood* OR (UV OR ultraviolet) OR ""sea level rise"" OR ""soil salinization"" OR (""habitat shift*"" AND climate) OR (""habitat alteration"" AND climate) OR ((consumptive OR human OR agricultural) AND ""water stress""))) AND (((pollut* OR contamin* OR emission* OR spill-over* OR disposal* OR deposition* OR load* OR dump* OR discharge*) OR ((noise OR light OR gas* OR particle* OR particulate* OR nitrogen OR sulphur* OR phosphor* OR waste* OR garbage OR sewage OR pesticide* OR fertilizer* OR nutrient* OR ""oil spill*"" OR metal OR salinization OR salinisation OR acidification OR solid OR plastic OR mercury OR nutrient* OR pollutant*) AND (soil OR water OR ocean OR marine OR atmosphere OR air)) OR ((industrial OR military OR agricultur* OR forest*) AND effluent*)))",Community composition,Mean species abundance,"""mean species abundance"" OR GLOBIO","TS=((""mean species abundance"" OR GLOBIO) AND (((""climat* change"" OR ""chang* climat*"" OR (""increase* temperature*"" OR ""thermal alteration"" OR ""global warming"") OR (chang* AND precipitation*) OR ((extreme OR severe) AND (weather OR temperature OR precipitation OR climat*)) OR heatwave* OR drought* OR storm* OR flood* OR (UV OR ultraviolet) OR ""sea level rise"" OR ""soil salinization"" OR (""habitat shift*"" AND climate) OR (""habitat alteration"" AND climate) OR ((consumptive OR human OR agricultural) AND ""water stress""))) AND (((pollut* OR contamin* OR emission* OR spill-over* OR disposal* OR deposition* OR load* OR dump* OR discharge*) OR ((noise OR light OR gas* OR particle* OR particulate* OR nitrogen OR sulphur* OR phosphor* OR waste* OR garbage OR sewage OR pesticide* OR fertilizer* OR nutrient* OR ""oil spill*"" OR metal OR salinization OR salinisation OR acidification OR solid OR plastic OR mercury OR nutrient* OR pollutant*) AND (soil OR water OR ocean OR marine OR atmosphere OR air)) OR ((industrial OR military OR agricultur* OR forest*) AND effluent*)))) AND (que*bec OR canada OR montr*al or Saint-Lawrence or Bas-Saint-Laurent or Saguenay or Lac-Saint-Jean  or Capitale-Nationale or Mauricie or Estrie or Outaouais or Abitibi-T*miscamingue or C*te-Nord or Nord-du-Qu*bec or Gasp*sie–*les-de-la-Madeleine or Chaudi*re-Appalaches or Laval or Lanaudi*re or Laurentides or Mont*r*gie or Centre-du-Qu*bec))"
Climate change,Pollution,"((""climat* change"" OR ""chang* climat*"" OR (""increase* temperature*"" OR ""thermal alteration"" OR ""global warming"") OR (chang* AND precipitation*) OR ((extreme OR severe) AND (weather OR temperature OR precipitation OR climat*)) OR heatwave* OR drought* OR storm* OR flood* OR (UV OR ultraviolet) OR ""sea level rise"" OR ""soil salinization"" OR (""habitat shift*"" AND climate) OR (""habitat alteration"" AND climate) OR ((consumptive OR human OR agricultural) AND ""water stress""))) AND (((pollut* OR contamin* OR emission* OR spill-over* OR disposal* OR deposition* OR load* OR dump* OR discharge*) OR ((noise OR light OR gas* OR particle* OR particulate* OR nitrogen OR sulphur* OR phosphor* OR waste* OR garbage OR sewage OR pesticide* OR fertilizer* OR nutrient* OR ""oil spill*"" OR metal OR salinization OR salinisation OR acidification OR solid OR plastic OR mercury OR nutrient* OR pollutant*) AND (soil OR water OR ocean OR marine OR atmosphere OR air)) OR ((industrial OR military OR agricultur* OR forest*) AND effluent*)))",Ecosystem function,Net primary productivity,"""net primary product*""","TS=((""net primary product*"") AND (((""climat* change"" OR ""chang* climat*"" OR (""increase* temperature*"" OR ""thermal alteration"" OR ""global warming"") OR (chang* AND precipitation*) OR ((extreme OR severe) AND (weather OR temperature OR precipitation OR climat*)) OR heatwave* OR drought* OR storm* OR flood* OR (UV OR ultraviolet) OR ""sea level rise"" OR ""soil salinization"" OR (""habitat shift*"" AND climate) OR (""habitat alteration"" AND climate) OR ((consumptive OR human OR agricultural) AND ""water stress""))) AND (((pollut* OR contamin* OR emission* OR spill-over* OR disposal* OR deposition* OR load* OR dump* OR discharge*) OR ((noise OR light OR gas* OR particle* OR particulate* OR nitrogen OR sulphur* OR phosphor* OR waste* OR garbage OR sewage OR pesticide* OR fertilizer* OR nutrient* OR ""oil spill*"" OR metal OR salinization OR salinisation OR acidification OR solid OR plastic OR mercury OR nutrient* OR pollutant*) AND (soil OR water OR ocean OR marine OR atmosphere OR air)) OR ((industrial OR military OR agricultur* OR forest*) AND effluent*)))) AND (que*bec OR canada OR montr*al or Saint-Lawrence or Bas-Saint-Laurent or Saguenay or Lac-Saint-Jean  or Capitale-Nationale or Mauricie or Estrie or Outaouais or Abitibi-T*miscamingue or C*te-Nord or Nord-du-Qu*bec or Gasp*sie–*les-de-la-Madeleine or Chaudi*re-Appalaches or Laval or Lanaudi*re or Laurentides or Mont*r*gie or Centre-du-Qu*bec))"
Climate change,Pollution,"((""climat* change"" OR ""chang* climat*"" OR (""increase* temperature*"" OR ""thermal alteration"" OR ""global warming"") OR (chang* AND precipitation*) OR ((extreme OR severe) AND (weather OR temperature OR precipitation OR climat*)) OR heatwave* OR drought* OR storm* OR flood* OR (UV OR ultraviolet) OR ""sea level rise"" OR ""soil salinization"" OR (""habitat shift*"" AND climate) OR (""habitat alteration"" AND climate) OR ((consumptive OR human OR agricultural) AND ""water stress""))) AND (((pollut* OR contamin* OR emission* OR spill-over* OR disposal* OR deposition* OR load* OR dump* OR discharge*) OR ((noise OR light OR gas* OR particle* OR particulate* OR nitrogen OR sulphur* OR phosphor* OR waste* OR garbage OR sewage OR pesticide* OR fertilizer* OR nutrient* OR ""oil spill*"" OR metal OR salinization OR salinisation OR acidification OR solid OR plastic OR mercury OR nutrient* OR pollutant*) AND (soil OR water OR ocean OR marine OR atmosphere OR air)) OR ((industrial OR military OR agricultur* OR forest*) AND effluent*)))",Ecosystem structure,Area of mangrove forest cover,(extent OR area OR cover* OR proportion OR percentage OR land OR landscape) AND mangrove* AND forest*,"TS=(((extent OR area OR cover* OR proportion OR percentage OR land OR landscape) AND mangrove* AND forest*) AND (((""climat* change"" OR ""chang* climat*"" OR (""increase* temperature*"" OR ""thermal alteration"" OR ""global warming"") OR (chang* AND precipitation*) OR ((extreme OR severe) AND (weather OR temperature OR precipitation OR climat*)) OR heatwave* OR drought* OR storm* OR flood* OR (UV OR ultraviolet) OR ""sea level rise"" OR ""soil salinization"" OR (""habitat shift*"" AND climate) OR (""habitat alteration"" AND climate) OR ((consumptive OR human OR agricultural) AND ""water stress""))) AND (((pollut* OR contamin* OR emission* OR spill-over* OR disposal* OR deposition* OR load* OR dump* OR discharge*) OR ((noise OR light OR gas* OR particle* OR particulate* OR nitrogen OR sulphur* OR phosphor* OR waste* OR garbage OR sewage OR pesticide* OR fertilizer* OR nutrient* OR ""oil spill*"" OR metal OR salinization OR salinisation OR acidification OR solid OR plastic OR mercury OR nutrient* OR pollutant*) AND (soil OR water OR ocean OR marine OR atmosphere OR air)) OR ((industrial OR military OR agricultur* OR forest*) AND effluent*)))) AND (que*bec OR canada OR montr*al or Saint-Lawrence or Bas-Saint-Laurent or Saguenay or Lac-Saint-Jean  or Capitale-Nationale or Mauricie or Estrie or Outaouais or Abitibi-T*miscamingue or C*te-Nord or Nord-du-Qu*bec or Gasp*sie–*les-de-la-Madeleine or Chaudi*re-Appalaches or Laval or Lanaudi*re or Laurentides or Mont*r*gie or Centre-du-Qu*bec))"
Climate change,Pollution,"((""climat* change"" OR ""chang* climat*"" OR (""increase* temperature*"" OR ""thermal alteration"" OR ""global warming"") OR (chang* AND precipitation*) OR ((extreme OR severe) AND (weather OR temperature OR precipitation OR climat*)) OR heatwave* OR drought* OR storm* OR flood* OR (UV OR ultraviolet) OR ""sea level rise"" OR ""soil salinization"" OR (""habitat shift*"" AND climate) OR (""habitat alteration"" AND climate) OR ((consumptive OR human OR agricultural) AND ""water stress""))) AND (((pollut* OR contamin* OR emission* OR spill-over* OR disposal* OR deposition* OR load* OR dump* OR discharge*) OR ((noise OR light OR gas* OR particle* OR particulate* OR nitrogen OR sulphur* OR phosphor* OR waste* OR garbage OR sewage OR pesticide* OR fertilizer* OR nutrient* OR ""oil spill*"" OR metal OR salinization OR salinisation OR acidification OR solid OR plastic OR mercury OR nutrient* OR pollutant*) AND (soil OR water OR ocean OR marine OR atmosphere OR air)) OR ((industrial OR military OR agricultur* OR forest*) AND effluent*)))",Ecosystem structure,Extent of intact forest landscapes,(extent OR area OR cover* OR proportion OR percentage OR land OR landscape) AND intact* AND forest*,"TS=(((extent OR area OR cover* OR proportion OR percentage OR land OR landscape) AND intact* AND forest*) AND (((""climat* change"" OR ""chang* climat*"" OR (""increase* temperature*"" OR ""thermal alteration"" OR ""global warming"") OR (chang* AND precipitation*) OR ((extreme OR severe) AND (weather OR temperature OR precipitation OR climat*)) OR heatwave* OR drought* OR storm* OR flood* OR (UV OR ultraviolet) OR ""sea level rise"" OR ""soil salinization"" OR (""habitat shift*"" AND climate) OR (""habitat alteration"" AND climate) OR ((consumptive OR human OR agricultural) AND ""water stress""))) AND (((pollut* OR contamin* OR emission* OR spill-over* OR disposal* OR deposition* OR load* OR dump* OR discharge*) OR ((noise OR light OR gas* OR particle* OR particulate* OR nitrogen OR sulphur* OR phosphor* OR waste* OR garbage OR sewage OR pesticide* OR fertilizer* OR nutrient* OR ""oil spill*"" OR metal OR salinization OR salinisation OR acidification OR solid OR plastic OR mercury OR nutrient* OR pollutant*) AND (soil OR water OR ocean OR marine OR atmosphere OR air)) OR ((industrial OR military OR agricultur* OR forest*) AND effluent*)))) AND (que*bec OR canada OR montr*al or Saint-Lawrence or Bas-Saint-Laurent or Saguenay or Lac-Saint-Jean  or Capitale-Nationale or Mauricie or Estrie or Outaouais or Abitibi-T*miscamingue or C*te-Nord or Nord-du-Qu*bec or Gasp*sie–*les-de-la-Madeleine or Chaudi*re-Appalaches or Laval or Lanaudi*re or Laurentides or Mont*r*gie or Centre-du-Qu*bec))"
Climate change,Pollution,"((""climat* change"" OR ""chang* climat*"" OR (""increase* temperature*"" OR ""thermal alteration"" OR ""global warming"") OR (chang* AND precipitation*) OR ((extreme OR severe) AND (weather OR temperature OR precipitation OR climat*)) OR heatwave* OR drought* OR storm* OR flood* OR (UV OR ultraviolet) OR ""sea level rise"" OR ""soil salinization"" OR (""habitat shift*"" AND climate) OR (""habitat alteration"" AND climate) OR ((consumptive OR human OR agricultural) AND ""water stress""))) AND (((pollut* OR contamin* OR emission* OR spill-over* OR disposal* OR deposition* OR load* OR dump* OR discharge*) OR ((noise OR light OR gas* OR particle* OR particulate* OR nitrogen OR sulphur* OR phosphor* OR waste* OR garbage OR sewage OR pesticide* OR fertilizer* OR nutrient* OR ""oil spill*"" OR metal OR salinization OR salinisation OR acidification OR solid OR plastic OR mercury OR nutrient* OR pollutant*) AND (soil OR water OR ocean OR marine OR atmosphere OR air)) OR ((industrial OR military OR agricultur* OR forest*) AND effluent*)))",Ecosystem structure,Extent of remaining primary vegetation,(extent OR area OR cover* OR proportion OR percentage) AND (primary OR natural) AND vegetation,"TS=(((extent OR area OR cover* OR proportion OR percentage) AND (primary OR natural) AND vegetation) AND (((""climat* change"" OR ""chang* climat*"" OR (""increase* temperature*"" OR ""thermal alteration"" OR ""global warming"") OR (chang* AND precipitation*) OR ((extreme OR severe) AND (weather OR temperature OR precipitation OR climat*)) OR heatwave* OR drought* OR storm* OR flood* OR (UV OR ultraviolet) OR ""sea level rise"" OR ""soil salinization"" OR (""habitat shift*"" AND climate) OR (""habitat alteration"" AND climate) OR ((consumptive OR human OR agricultural) AND ""water stress""))) AND (((pollut* OR contamin* OR emission* OR spill-over* OR disposal* OR deposition* OR load* OR dump* OR discharge*) OR ((noise OR light OR gas* OR particle* OR particulate* OR nitrogen OR sulphur* OR phosphor* OR waste* OR garbage OR sewage OR pesticide* OR fertilizer* OR nutrient* OR ""oil spill*"" OR metal OR salinization OR salinisation OR acidification OR solid OR plastic OR mercury OR nutrient* OR pollutant*) AND (soil OR water OR ocean OR marine OR atmosphere OR air)) OR ((industrial OR military OR agricultur* OR forest*) AND effluent*)))) AND (que*bec OR canada OR montr*al or Saint-Lawrence or Bas-Saint-Laurent or Saguenay or Lac-Saint-Jean  or Capitale-Nationale or Mauricie or Estrie or Outaouais or Abitibi-T*miscamingue or C*te-Nord or Nord-du-Qu*bec or Gasp*sie–*les-de-la-Madeleine or Chaudi*re-Appalaches or Laval or Lanaudi*re or Laurentides or Mont*r*gie or Centre-du-Qu*bec))"
Climate change,Pollution,"((""climat* change"" OR ""chang* climat*"" OR (""increase* temperature*"" OR ""thermal alteration"" OR ""global warming"") OR (chang* AND precipitation*) OR ((extreme OR severe) AND (weather OR temperature OR precipitation OR climat*)) OR heatwave* OR drought* OR storm* OR flood* OR (UV OR ultraviolet) OR ""sea level rise"" OR ""soil salinization"" OR (""habitat shift*"" AND climate) OR (""habitat alteration"" AND climate) OR ((consumptive OR human OR agricultural) AND ""water stress""))) AND (((pollut* OR contamin* OR emission* OR spill-over* OR disposal* OR deposition* OR load* OR dump* OR discharge*) OR ((noise OR light OR gas* OR particle* OR particulate* OR nitrogen OR sulphur* OR phosphor* OR waste* OR garbage OR sewage OR pesticide* OR fertilizer* OR nutrient* OR ""oil spill*"" OR metal OR salinization OR salinisation OR acidification OR solid OR plastic OR mercury OR nutrient* OR pollutant*) AND (soil OR water OR ocean OR marine OR atmosphere OR air)) OR ((industrial OR military OR agricultur* OR forest*) AND effluent*)))",Ecosystem structure,Extent of remaining wilderness,(extent OR area OR cover* OR proportion OR percentage OR land OR landscape) AND wilderness*,"TS=(((extent OR area OR cover* OR proportion OR percentage OR land OR landscape) AND wilderness*) AND (((""climat* change"" OR ""chang* climat*"" OR (""increase* temperature*"" OR ""thermal alteration"" OR ""global warming"") OR (chang* AND precipitation*) OR ((extreme OR severe) AND (weather OR temperature OR precipitation OR climat*)) OR heatwave* OR drought* OR storm* OR flood* OR (UV OR ultraviolet) OR ""sea level rise"" OR ""soil salinization"" OR (""habitat shift*"" AND climate) OR (""habitat alteration"" AND climate) OR ((consumptive OR human OR agricultural) AND ""water stress""))) AND (((pollut* OR contamin* OR emission* OR spill-over* OR disposal* OR deposition* OR load* OR dump* OR discharge*) OR ((noise OR light OR gas* OR particle* OR particulate* OR nitrogen OR sulphur* OR phosphor* OR waste* OR garbage OR sewage OR pesticide* OR fertilizer* OR nutrient* OR ""oil spill*"" OR metal OR salinization OR salinisation OR acidification OR solid OR plastic OR mercury OR nutrient* OR pollutant*) AND (soil OR water OR ocean OR marine OR atmosphere OR air)) OR ((industrial OR military OR agricultur* OR forest*) AND effluent*)))) AND (que*bec OR canada OR montr*al or Saint-Lawrence or Bas-Saint-Laurent or Saguenay or Lac-Saint-Jean  or Capitale-Nationale or Mauricie or Estrie or Outaouais or Abitibi-T*miscamingue or C*te-Nord or Nord-du-Qu*bec or Gasp*sie–*les-de-la-Madeleine or Chaudi*re-Appalaches or Laval or Lanaudi*re or Laurentides or Mont*r*gie or Centre-du-Qu*bec))"
Climate change,Pollution,"((""climat* change"" OR ""chang* climat*"" OR (""increase* temperature*"" OR ""thermal alteration"" OR ""global warming"") OR (chang* AND precipitation*) OR ((extreme OR severe) AND (weather OR temperature OR precipitation OR climat*)) OR heatwave* OR drought* OR storm* OR flood* OR (UV OR ultraviolet) OR ""sea level rise"" OR ""soil salinization"" OR (""habitat shift*"" AND climate) OR (""habitat alteration"" AND climate) OR ((consumptive OR human OR agricultural) AND ""water stress""))) AND (((pollut* OR contamin* OR emission* OR spill-over* OR disposal* OR deposition* OR load* OR dump* OR discharge*) OR ((noise OR light OR gas* OR particle* OR particulate* OR nitrogen OR sulphur* OR phosphor* OR waste* OR garbage OR sewage OR pesticide* OR fertilizer* OR nutrient* OR ""oil spill*"" OR metal OR salinization OR salinisation OR acidification OR solid OR plastic OR mercury OR nutrient* OR pollutant*) AND (soil OR water OR ocean OR marine OR atmosphere OR air)) OR ((industrial OR military OR agricultur* OR forest*) AND effluent*)))",Ecosystem structure,Leaf area index,"""leaf area ind*""","TS=((""leaf area ind*"") AND (((""climat* change"" OR ""chang* climat*"" OR (""increase* temperature*"" OR ""thermal alteration"" OR ""global warming"") OR (chang* AND precipitation*) OR ((extreme OR severe) AND (weather OR temperature OR precipitation OR climat*)) OR heatwave* OR drought* OR storm* OR flood* OR (UV OR ultraviolet) OR ""sea level rise"" OR ""soil salinization"" OR (""habitat shift*"" AND climate) OR (""habitat alteration"" AND climate) OR ((consumptive OR human OR agricultural) AND ""water stress""))) AND (((pollut* OR contamin* OR emission* OR spill-over* OR disposal* OR deposition* OR load* OR dump* OR discharge*) OR ((noise OR light OR gas* OR particle* OR particulate* OR nitrogen OR sulphur* OR phosphor* OR waste* OR garbage OR sewage OR pesticide* OR fertilizer* OR nutrient* OR ""oil spill*"" OR metal OR salinization OR salinisation OR acidification OR solid OR plastic OR mercury OR nutrient* OR pollutant*) AND (soil OR water OR ocean OR marine OR atmosphere OR air)) OR ((industrial OR military OR agricultur* OR forest*) AND effluent*)))) AND (que*bec OR canada OR montr*al or Saint-Lawrence or Bas-Saint-Laurent or Saguenay or Lac-Saint-Jean  or Capitale-Nationale or Mauricie or Estrie or Outaouais or Abitibi-T*miscamingue or C*te-Nord or Nord-du-Qu*bec or Gasp*sie–*les-de-la-Madeleine or Chaudi*re-Appalaches or Laval or Lanaudi*re or Laurentides or Mont*r*gie or Centre-du-Qu*bec))"
Climate change,Pollution,"((""climat* change"" OR ""chang* climat*"" OR (""increase* temperature*"" OR ""thermal alteration"" OR ""global warming"") OR (chang* AND precipitation*) OR ((extreme OR severe) AND (weather OR temperature OR precipitation OR climat*)) OR heatwave* OR drought* OR storm* OR flood* OR (UV OR ultraviolet) OR ""sea level rise"" OR ""soil salinization"" OR (""habitat shift*"" AND climate) OR (""habitat alteration"" AND climate) OR ((consumptive OR human OR agricultural) AND ""water stress""))) AND (((pollut* OR contamin* OR emission* OR spill-over* OR disposal* OR deposition* OR load* OR dump* OR discharge*) OR ((noise OR light OR gas* OR particle* OR particulate* OR nitrogen OR sulphur* OR phosphor* OR waste* OR garbage OR sewage OR pesticide* OR fertilizer* OR nutrient* OR ""oil spill*"" OR metal OR salinization OR salinisation OR acidification OR solid OR plastic OR mercury OR nutrient* OR pollutant*) AND (soil OR water OR ocean OR marine OR atmosphere OR air)) OR ((industrial OR military OR agricultur* OR forest*) AND effluent*)))",Ecosystem structure,Percentage of live coral cover,(extent OR area OR cover* OR proportion OR percentage) AND coral AND live,"TS=(((extent OR area OR cover* OR proportion OR percentage) AND coral AND live) AND (((""climat* change"" OR ""chang* climat*"" OR (""increase* temperature*"" OR ""thermal alteration"" OR ""global warming"") OR (chang* AND precipitation*) OR ((extreme OR severe) AND (weather OR temperature OR precipitation OR climat*)) OR heatwave* OR drought* OR storm* OR flood* OR (UV OR ultraviolet) OR ""sea level rise"" OR ""soil salinization"" OR (""habitat shift*"" AND climate) OR (""habitat alteration"" AND climate) OR ((consumptive OR human OR agricultural) AND ""water stress""))) AND (((pollut* OR contamin* OR emission* OR spill-over* OR disposal* OR deposition* OR load* OR dump* OR discharge*) OR ((noise OR light OR gas* OR particle* OR particulate* OR nitrogen OR sulphur* OR phosphor* OR waste* OR garbage OR sewage OR pesticide* OR fertilizer* OR nutrient* OR ""oil spill*"" OR metal OR salinization OR salinisation OR acidification OR solid OR plastic OR mercury OR nutrient* OR pollutant*) AND (soil OR water OR ocean OR marine OR atmosphere OR air)) OR ((industrial OR military OR agricultur* OR forest*) AND effluent*)))) AND (que*bec OR canada OR montr*al or Saint-Lawrence or Bas-Saint-Laurent or Saguenay or Lac-Saint-Jean  or Capitale-Nationale or Mauricie or Estrie or Outaouais or Abitibi-T*miscamingue or C*te-Nord or Nord-du-Qu*bec or Gasp*sie–*les-de-la-Madeleine or Chaudi*re-Appalaches or Laval or Lanaudi*re or Laurentides or Mont*r*gie or Centre-du-Qu*bec))"
Climate change,Pollution,"((""climat* change"" OR ""chang* climat*"" OR (""increase* temperature*"" OR ""thermal alteration"" OR ""global warming"") OR (chang* AND precipitation*) OR ((extreme OR severe) AND (weather OR temperature OR precipitation OR climat*)) OR heatwave* OR drought* OR storm* OR flood* OR (UV OR ultraviolet) OR ""sea level rise"" OR ""soil salinization"" OR (""habitat shift*"" AND climate) OR (""habitat alteration"" AND climate) OR ((consumptive OR human OR agricultural) AND ""water stress""))) AND (((pollut* OR contamin* OR emission* OR spill-over* OR disposal* OR deposition* OR load* OR dump* OR discharge*) OR ((noise OR light OR gas* OR particle* OR particulate* OR nitrogen OR sulphur* OR phosphor* OR waste* OR garbage OR sewage OR pesticide* OR fertilizer* OR nutrient* OR ""oil spill*"" OR metal OR salinization OR salinisation OR acidification OR solid OR plastic OR mercury OR nutrient* OR pollutant*) AND (soil OR water OR ocean OR marine OR atmosphere OR air)) OR ((industrial OR military OR agricultur* OR forest*) AND effluent*)))",Genetic composition,Proportion of local breeds at risk/not at risk/unknown,"""local breed*"" AND (livestock* OR (domestic AND animal*)) AND (risk OR extinct* OR threat*)","TS=((""local breed*"" AND (livestock* OR (domestic AND animal*)) AND (risk OR extinct* OR threat*)) AND (((""climat* change"" OR ""chang* climat*"" OR (""increase* temperature*"" OR ""thermal alteration"" OR ""global warming"") OR (chang* AND precipitation*) OR ((extreme OR severe) AND (weather OR temperature OR precipitation OR climat*)) OR heatwave* OR drought* OR storm* OR flood* OR (UV OR ultraviolet) OR ""sea level rise"" OR ""soil salinization"" OR (""habitat shift*"" AND climate) OR (""habitat alteration"" AND climate) OR ((consumptive OR human OR agricultural) AND ""water stress""))) AND (((pollut* OR contamin* OR emission* OR spill-over* OR disposal* OR deposition* OR load* OR dump* OR discharge*) OR ((noise OR light OR gas* OR particle* OR particulate* OR nitrogen OR sulphur* OR phosphor* OR waste* OR garbage OR sewage OR pesticide* OR fertilizer* OR nutrient* OR ""oil spill*"" OR metal OR salinization OR salinisation OR acidification OR solid OR plastic OR mercury OR nutrient* OR pollutant*) AND (soil OR water OR ocean OR marine OR atmosphere OR air)) OR ((industrial OR military OR agricultur* OR forest*) AND effluent*)))) AND (que*bec OR canada OR montr*al or Saint-Lawrence or Bas-Saint-Laurent or Saguenay or Lac-Saint-Jean  or Capitale-Nationale or Mauricie or Estrie or Outaouais or Abitibi-T*miscamingue or C*te-Nord or Nord-du-Qu*bec or Gasp*sie–*les-de-la-Madeleine or Chaudi*re-Appalaches or Laval or Lanaudi*re or Laurentides or Mont*r*gie or Centre-du-Qu*bec))"
Climate change,Pollution,"((""climat* change"" OR ""chang* climat*"" OR (""increase* temperature*"" OR ""thermal alteration"" OR ""global warming"") OR (chang* AND precipitation*) OR ((extreme OR severe) AND (weather OR temperature OR precipitation OR climat*)) OR heatwave* OR drought* OR storm* OR flood* OR (UV OR ultraviolet) OR ""sea level rise"" OR ""soil salinization"" OR (""habitat shift*"" AND climate) OR (""habitat alteration"" AND climate) OR ((consumptive OR human OR agricultural) AND ""water stress""))) AND (((pollut* OR contamin* OR emission* OR spill-over* OR disposal* OR deposition* OR load* OR dump* OR discharge*) OR ((noise OR light OR gas* OR particle* OR particulate* OR nitrogen OR sulphur* OR phosphor* OR waste* OR garbage OR sewage OR pesticide* OR fertilizer* OR nutrient* OR ""oil spill*"" OR metal OR salinization OR salinisation OR acidification OR solid OR plastic OR mercury OR nutrient* OR pollutant*) AND (soil OR water OR ocean OR marine OR atmosphere OR air)) OR ((industrial OR military OR agricultur* OR forest*) AND effluent*)))",Species populations,IUCN red list of threatened species,"(IUCN OR ""red list"") AND (threat* OR extinct*) AND species NOT ""red list ind*""","TS=(((IUCN OR ""red list"") AND (threat* OR extinct*) AND species NOT ""red list ind*"") AND (((""climat* change"" OR ""chang* climat*"" OR (""increase* temperature*"" OR ""thermal alteration"" OR ""global warming"") OR (chang* AND precipitation*) OR ((extreme OR severe) AND (weather OR temperature OR precipitation OR climat*)) OR heatwave* OR drought* OR storm* OR flood* OR (UV OR ultraviolet) OR ""sea level rise"" OR ""soil salinization"" OR (""habitat shift*"" AND climate) OR (""habitat alteration"" AND climate) OR ((consumptive OR human OR agricultural) AND ""water stress""))) AND (((pollut* OR contamin* OR emission* OR spill-over* OR disposal* OR deposition* OR load* OR dump* OR discharge*) OR ((noise OR light OR gas* OR particle* OR particulate* OR nitrogen OR sulphur* OR phosphor* OR waste* OR garbage OR sewage OR pesticide* OR fertilizer* OR nutrient* OR ""oil spill*"" OR metal OR salinization OR salinisation OR acidification OR solid OR plastic OR mercury OR nutrient* OR pollutant*) AND (soil OR water OR ocean OR marine OR atmosphere OR air)) OR ((industrial OR military OR agricultur* OR forest*) AND effluent*)))) AND (que*bec OR canada OR montr*al or Saint-Lawrence or Bas-Saint-Laurent or Saguenay or Lac-Saint-Jean  or Capitale-Nationale or Mauricie or Estrie or Outaouais or Abitibi-T*miscamingue or C*te-Nord or Nord-du-Qu*bec or Gasp*sie–*les-de-la-Madeleine or Chaudi*re-Appalaches or Laval or Lanaudi*re or Laurentides or Mont*r*gie or Centre-du-Qu*bec))"
Climate change,Pollution,"((""climat* change"" OR ""chang* climat*"" OR (""increase* temperature*"" OR ""thermal alteration"" OR ""global warming"") OR (chang* AND precipitation*) OR ((extreme OR severe) AND (weather OR temperature OR precipitation OR climat*)) OR heatwave* OR drought* OR storm* OR flood* OR (UV OR ultraviolet) OR ""sea level rise"" OR ""soil salinization"" OR (""habitat shift*"" AND climate) OR (""habitat alteration"" AND climate) OR ((consumptive OR human OR agricultural) AND ""water stress""))) AND (((pollut* OR contamin* OR emission* OR spill-over* OR disposal* OR deposition* OR load* OR dump* OR discharge*) OR ((noise OR light OR gas* OR particle* OR particulate* OR nitrogen OR sulphur* OR phosphor* OR waste* OR garbage OR sewage OR pesticide* OR fertilizer* OR nutrient* OR ""oil spill*"" OR metal OR salinization OR salinisation OR acidification OR solid OR plastic OR mercury OR nutrient* OR pollutant*) AND (soil OR water OR ocean OR marine OR atmosphere OR air)) OR ((industrial OR military OR agricultur* OR forest*) AND effluent*)))",Species populations,Living planet index,"""living planet ind*"" OR ""living planet report*""","TS=((""living planet ind*"" OR ""living planet report*"") AND (((""climat* change"" OR ""chang* climat*"" OR (""increase* temperature*"" OR ""thermal alteration"" OR ""global warming"") OR (chang* AND precipitation*) OR ((extreme OR severe) AND (weather OR temperature OR precipitation OR climat*)) OR heatwave* OR drought* OR storm* OR flood* OR (UV OR ultraviolet) OR ""sea level rise"" OR ""soil salinization"" OR (""habitat shift*"" AND climate) OR (""habitat alteration"" AND climate) OR ((consumptive OR human OR agricultural) AND ""water stress""))) AND (((pollut* OR contamin* OR emission* OR spill-over* OR disposal* OR deposition* OR load* OR dump* OR discharge*) OR ((noise OR light OR gas* OR particle* OR particulate* OR nitrogen OR sulphur* OR phosphor* OR waste* OR garbage OR sewage OR pesticide* OR fertilizer* OR nutrient* OR ""oil spill*"" OR metal OR salinization OR salinisation OR acidification OR solid OR plastic OR mercury OR nutrient* OR pollutant*) AND (soil OR water OR ocean OR marine OR atmosphere OR air)) OR ((industrial OR military OR agricultur* OR forest*) AND effluent*)))) AND (que*bec OR canada OR montr*al or Saint-Lawrence or Bas-Saint-Laurent or Saguenay or Lac-Saint-Jean  or Capitale-Nationale or Mauricie or Estrie or Outaouais or Abitibi-T*miscamingue or C*te-Nord or Nord-du-Qu*bec or Gasp*sie–*les-de-la-Madeleine or Chaudi*re-Appalaches or Laval or Lanaudi*re or Laurentides or Mont*r*gie or Centre-du-Qu*bec))"
Climate change,Pollution,"((""climat* change"" OR ""chang* climat*"" OR (""increase* temperature*"" OR ""thermal alteration"" OR ""global warming"") OR (chang* AND precipitation*) OR ((extreme OR severe) AND (weather OR temperature OR precipitation OR climat*)) OR heatwave* OR drought* OR storm* OR flood* OR (UV OR ultraviolet) OR ""sea level rise"" OR ""soil salinization"" OR (""habitat shift*"" AND climate) OR (""habitat alteration"" AND climate) OR ((consumptive OR human OR agricultural) AND ""water stress""))) AND (((pollut* OR contamin* OR emission* OR spill-over* OR disposal* OR deposition* OR load* OR dump* OR discharge*) OR ((noise OR light OR gas* OR particle* OR particulate* OR nitrogen OR sulphur* OR phosphor* OR waste* OR garbage OR sewage OR pesticide* OR fertilizer* OR nutrient* OR ""oil spill*"" OR metal OR salinization OR salinisation OR acidification OR solid OR plastic OR mercury OR nutrient* OR pollutant*) AND (soil OR water OR ocean OR marine OR atmosphere OR air)) OR ((industrial OR military OR agricultur* OR forest*) AND effluent*)))",Species populations,Local species abundance,"((species OR assemblage*) AND abundance AND (local OR location* OR sample*)) AND (global OR world*) AND (""time series"" OR ""time -series"" OR temporal)","TS=((((species OR assemblage*) AND abundance AND (local OR location* OR sample*)) AND (global OR world*) AND (""time series"" OR ""time -series"" OR temporal)) AND (((""climat* change"" OR ""chang* climat*"" OR (""increase* temperature*"" OR ""thermal alteration"" OR ""global warming"") OR (chang* AND precipitation*) OR ((extreme OR severe) AND (weather OR temperature OR precipitation OR climat*)) OR heatwave* OR drought* OR storm* OR flood* OR (UV OR ultraviolet) OR ""sea level rise"" OR ""soil salinization"" OR (""habitat shift*"" AND climate) OR (""habitat alteration"" AND climate) OR ((consumptive OR human OR agricultural) AND ""water stress""))) AND (((pollut* OR contamin* OR emission* OR spill-over* OR disposal* OR deposition* OR load* OR dump* OR discharge*) OR ((noise OR light OR gas* OR particle* OR particulate* OR nitrogen OR sulphur* OR phosphor* OR waste* OR garbage OR sewage OR pesticide* OR fertilizer* OR nutrient* OR ""oil spill*"" OR metal OR salinization OR salinisation OR acidification OR solid OR plastic OR mercury OR nutrient* OR pollutant*) AND (soil OR water OR ocean OR marine OR atmosphere OR air)) OR ((industrial OR military OR agricultur* OR forest*) AND effluent*)))) AND (que*bec OR canada OR montr*al or Saint-Lawrence or Bas-Saint-Laurent or Saguenay or Lac-Saint-Jean  or Capitale-Nationale or Mauricie or Estrie or Outaouais or Abitibi-T*miscamingue or C*te-Nord or Nord-du-Qu*bec or Gasp*sie–*les-de-la-Madeleine or Chaudi*re-Appalaches or Laval or Lanaudi*re or Laurentides or Mont*r*gie or Centre-du-Qu*bec))"
Climate change,Pollution,"((""climat* change"" OR ""chang* climat*"" OR (""increase* temperature*"" OR ""thermal alteration"" OR ""global warming"") OR (chang* AND precipitation*) OR ((extreme OR severe) AND (weather OR temperature OR precipitation OR climat*)) OR heatwave* OR drought* OR storm* OR flood* OR (UV OR ultraviolet) OR ""sea level rise"" OR ""soil salinization"" OR (""habitat shift*"" AND climate) OR (""habitat alteration"" AND climate) OR ((consumptive OR human OR agricultural) AND ""water stress""))) AND (((pollut* OR contamin* OR emission* OR spill-over* OR disposal* OR deposition* OR load* OR dump* OR discharge*) OR ((noise OR light OR gas* OR particle* OR particulate* OR nitrogen OR sulphur* OR phosphor* OR waste* OR garbage OR sewage OR pesticide* OR fertilizer* OR nutrient* OR ""oil spill*"" OR metal OR salinization OR salinisation OR acidification OR solid OR plastic OR mercury OR nutrient* OR pollutant*) AND (soil OR water OR ocean OR marine OR atmosphere OR air)) OR ((industrial OR military OR agricultur* OR forest*) AND effluent*)))",Species populations,Predatory fish biomass,predator* AND fish* AND (biomass OR abundance),"TS=((predator* AND fish* AND (biomass OR abundance)) AND (((""climat* change"" OR ""chang* climat*"" OR (""increase* temperature*"" OR ""thermal alteration"" OR ""global warming"") OR (chang* AND precipitation*) OR ((extreme OR severe) AND (weather OR temperature OR precipitation OR climat*)) OR heatwave* OR drought* OR storm* OR flood* OR (UV OR ultraviolet) OR ""sea level rise"" OR ""soil salinization"" OR (""habitat shift*"" AND climate) OR (""habitat alteration"" AND climate) OR ((consumptive OR human OR agricultural) AND ""water stress""))) AND (((pollut* OR contamin* OR emission* OR spill-over* OR disposal* OR deposition* OR load* OR dump* OR discharge*) OR ((noise OR light OR gas* OR particle* OR particulate* OR nitrogen OR sulphur* OR phosphor* OR waste* OR garbage OR sewage OR pesticide* OR fertilizer* OR nutrient* OR ""oil spill*"" OR metal OR salinization OR salinisation OR acidification OR solid OR plastic OR mercury OR nutrient* OR pollutant*) AND (soil OR water OR ocean OR marine OR atmosphere OR air)) OR ((industrial OR military OR agricultur* OR forest*) AND effluent*)))) AND (que*bec OR canada OR montr*al or Saint-Lawrence or Bas-Saint-Laurent or Saguenay or Lac-Saint-Jean  or Capitale-Nationale or Mauricie or Estrie or Outaouais or Abitibi-T*miscamingue or C*te-Nord or Nord-du-Qu*bec or Gasp*sie–*les-de-la-Madeleine or Chaudi*re-Appalaches or Laval or Lanaudi*re or Laurentides or Mont*r*gie or Centre-du-Qu*bec))"
Climate change,Pollution,"((""climat* change"" OR ""chang* climat*"" OR (""increase* temperature*"" OR ""thermal alteration"" OR ""global warming"") OR (chang* AND precipitation*) OR ((extreme OR severe) AND (weather OR temperature OR precipitation OR climat*)) OR heatwave* OR drought* OR storm* OR flood* OR (UV OR ultraviolet) OR ""sea level rise"" OR ""soil salinization"" OR (""habitat shift*"" AND climate) OR (""habitat alteration"" AND climate) OR ((consumptive OR human OR agricultural) AND ""water stress""))) AND (((pollut* OR contamin* OR emission* OR spill-over* OR disposal* OR deposition* OR load* OR dump* OR discharge*) OR ((noise OR light OR gas* OR particle* OR particulate* OR nitrogen OR sulphur* OR phosphor* OR waste* OR garbage OR sewage OR pesticide* OR fertilizer* OR nutrient* OR ""oil spill*"" OR metal OR salinization OR salinisation OR acidification OR solid OR plastic OR mercury OR nutrient* OR pollutant*) AND (soil OR water OR ocean OR marine OR atmosphere OR air)) OR ((industrial OR military OR agricultur* OR forest*) AND effluent*)))",Species populations,Prey fish biomass,prey* AND fish* AND (biomass OR abundance),"TS=((prey* AND fish* AND (biomass OR abundance)) AND (((""climat* change"" OR ""chang* climat*"" OR (""increase* temperature*"" OR ""thermal alteration"" OR ""global warming"") OR (chang* AND precipitation*) OR ((extreme OR severe) AND (weather OR temperature OR precipitation OR climat*)) OR heatwave* OR drought* OR storm* OR flood* OR (UV OR ultraviolet) OR ""sea level rise"" OR ""soil salinization"" OR (""habitat shift*"" AND climate) OR (""habitat alteration"" AND climate) OR ((consumptive OR human OR agricultural) AND ""water stress""))) AND (((pollut* OR contamin* OR emission* OR spill-over* OR disposal* OR deposition* OR load* OR dump* OR discharge*) OR ((noise OR light OR gas* OR particle* OR particulate* OR nitrogen OR sulphur* OR phosphor* OR waste* OR garbage OR sewage OR pesticide* OR fertilizer* OR nutrient* OR ""oil spill*"" OR metal OR salinization OR salinisation OR acidification OR solid OR plastic OR mercury OR nutrient* OR pollutant*) AND (soil OR water OR ocean OR marine OR atmosphere OR air)) OR ((industrial OR military OR agricultur* OR forest*) AND effluent*)))) AND (que*bec OR canada OR montr*al or Saint-Lawrence or Bas-Saint-Laurent or Saguenay or Lac-Saint-Jean  or Capitale-Nationale or Mauricie or Estrie or Outaouais or Abitibi-T*miscamingue or C*te-Nord or Nord-du-Qu*bec or Gasp*sie–*les-de-la-Madeleine or Chaudi*re-Appalaches or Laval or Lanaudi*re or Laurentides or Mont*r*gie or Centre-du-Qu*bec))"
Climate change,Pollution,"((""climat* change"" OR ""chang* climat*"" OR (""increase* temperature*"" OR ""thermal alteration"" OR ""global warming"") OR (chang* AND precipitation*) OR ((extreme OR severe) AND (weather OR temperature OR precipitation OR climat*)) OR heatwave* OR drought* OR storm* OR flood* OR (UV OR ultraviolet) OR ""sea level rise"" OR ""soil salinization"" OR (""habitat shift*"" AND climate) OR (""habitat alteration"" AND climate) OR ((consumptive OR human OR agricultural) AND ""water stress""))) AND (((pollut* OR contamin* OR emission* OR spill-over* OR disposal* OR deposition* OR load* OR dump* OR discharge*) OR ((noise OR light OR gas* OR particle* OR particulate* OR nitrogen OR sulphur* OR phosphor* OR waste* OR garbage OR sewage OR pesticide* OR fertilizer* OR nutrient* OR ""oil spill*"" OR metal OR salinization OR salinisation OR acidification OR solid OR plastic OR mercury OR nutrient* OR pollutant*) AND (soil OR water OR ocean OR marine OR atmosphere OR air)) OR ((industrial OR military OR agricultur* OR forest*) AND effluent*)))",Species populations,Proportion of fish stocks within biologically sustainable levels,"fish* AND stock* AND (""sustainab*"" OR safe)","TS=((fish* AND stock* AND (""sustainab*"" OR safe)) AND (((""climat* change"" OR ""chang* climat*"" OR (""increase* temperature*"" OR ""thermal alteration"" OR ""global warming"") OR (chang* AND precipitation*) OR ((extreme OR severe) AND (weather OR temperature OR precipitation OR climat*)) OR heatwave* OR drought* OR storm* OR flood* OR (UV OR ultraviolet) OR ""sea level rise"" OR ""soil salinization"" OR (""habitat shift*"" AND climate) OR (""habitat alteration"" AND climate) OR ((consumptive OR human OR agricultural) AND ""water stress""))) AND (((pollut* OR contamin* OR emission* OR spill-over* OR disposal* OR deposition* OR load* OR dump* OR discharge*) OR ((noise OR light OR gas* OR particle* OR particulate* OR nitrogen OR sulphur* OR phosphor* OR waste* OR garbage OR sewage OR pesticide* OR fertilizer* OR nutrient* OR ""oil spill*"" OR metal OR salinization OR salinisation OR acidification OR solid OR plastic OR mercury OR nutrient* OR pollutant*) AND (soil OR water OR ocean OR marine OR atmosphere OR air)) OR ((industrial OR military OR agricultur* OR forest*) AND effluent*)))) AND (que*bec OR canada OR montr*al or Saint-Lawrence or Bas-Saint-Laurent or Saguenay or Lac-Saint-Jean  or Capitale-Nationale or Mauricie or Estrie or Outaouais or Abitibi-T*miscamingue or C*te-Nord or Nord-du-Qu*bec or Gasp*sie–*les-de-la-Madeleine or Chaudi*re-Appalaches or Laval or Lanaudi*re or Laurentides or Mont*r*gie or Centre-du-Qu*bec))"
Climate change,Pollution,"((""climat* change"" OR ""chang* climat*"" OR (""increase* temperature*"" OR ""thermal alteration"" OR ""global warming"") OR (chang* AND precipitation*) OR ((extreme OR severe) AND (weather OR temperature OR precipitation OR climat*)) OR heatwave* OR drought* OR storm* OR flood* OR (UV OR ultraviolet) OR ""sea level rise"" OR ""soil salinization"" OR (""habitat shift*"" AND climate) OR (""habitat alteration"" AND climate) OR ((consumptive OR human OR agricultural) AND ""water stress""))) AND (((pollut* OR contamin* OR emission* OR spill-over* OR disposal* OR deposition* OR load* OR dump* OR discharge*) OR ((noise OR light OR gas* OR particle* OR particulate* OR nitrogen OR sulphur* OR phosphor* OR waste* OR garbage OR sewage OR pesticide* OR fertilizer* OR nutrient* OR ""oil spill*"" OR metal OR salinization OR salinisation OR acidification OR solid OR plastic OR mercury OR nutrient* OR pollutant*) AND (soil OR water OR ocean OR marine OR atmosphere OR air)) OR ((industrial OR military OR agricultur* OR forest*) AND effluent*)))",Species populations,Red list index,"""red list ind*""","TS=((""red list ind*"") AND (((""climat* change"" OR ""chang* climat*"" OR (""increase* temperature*"" OR ""thermal alteration"" OR ""global warming"") OR (chang* AND precipitation*) OR ((extreme OR severe) AND (weather OR temperature OR precipitation OR climat*)) OR heatwave* OR drought* OR storm* OR flood* OR (UV OR ultraviolet) OR ""sea level rise"" OR ""soil salinization"" OR (""habitat shift*"" AND climate) OR (""habitat alteration"" AND climate) OR ((consumptive OR human OR agricultural) AND ""water stress""))) AND (((pollut* OR contamin* OR emission* OR spill-over* OR disposal* OR deposition* OR load* OR dump* OR discharge*) OR ((noise OR light OR gas* OR particle* OR particulate* OR nitrogen OR sulphur* OR phosphor* OR waste* OR garbage OR sewage OR pesticide* OR fertilizer* OR nutrient* OR ""oil spill*"" OR metal OR salinization OR salinisation OR acidification OR solid OR plastic OR mercury OR nutrient* OR pollutant*) AND (soil OR water OR ocean OR marine OR atmosphere OR air)) OR ((industrial OR military OR agricultur* OR forest*) AND effluent*)))) AND (que*bec OR canada OR montr*al or Saint-Lawrence or Bas-Saint-Laurent or Saguenay or Lac-Saint-Jean  or Capitale-Nationale or Mauricie or Estrie or Outaouais or Abitibi-T*miscamingue or C*te-Nord or Nord-du-Qu*bec or Gasp*sie–*les-de-la-Madeleine or Chaudi*re-Appalaches or Laval or Lanaudi*re or Laurentides or Mont*r*gie or Centre-du-Qu*bec))"
Climate change,Pollution,"((""climat* change"" OR ""chang* climat*"" OR (""increase* temperature*"" OR ""thermal alteration"" OR ""global warming"") OR (chang* AND precipitation*) OR ((extreme OR severe) AND (weather OR temperature OR precipitation OR climat*)) OR heatwave* OR drought* OR storm* OR flood* OR (UV OR ultraviolet) OR ""sea level rise"" OR ""soil salinization"" OR (""habitat shift*"" AND climate) OR (""habitat alteration"" AND climate) OR ((consumptive OR human OR agricultural) AND ""water stress""))) AND (((pollut* OR contamin* OR emission* OR spill-over* OR disposal* OR deposition* OR load* OR dump* OR discharge*) OR ((noise OR light OR gas* OR particle* OR particulate* OR nitrogen OR sulphur* OR phosphor* OR waste* OR garbage OR sewage OR pesticide* OR fertilizer* OR nutrient* OR ""oil spill*"" OR metal OR salinization OR salinisation OR acidification OR solid OR plastic OR mercury OR nutrient* OR pollutant*) AND (soil OR water OR ocean OR marine OR atmosphere OR air)) OR ((industrial OR military OR agricultur* OR forest*) AND effluent*)))",Species populations,Wild bird index,"""wild bird ind*""","TS=((""wild bird ind*"") AND (((""climat* change"" OR ""chang* climat*"" OR (""increase* temperature*"" OR ""thermal alteration"" OR ""global warming"") OR (chang* AND precipitation*) OR ((extreme OR severe) AND (weather OR temperature OR precipitation OR climat*)) OR heatwave* OR drought* OR storm* OR flood* OR (UV OR ultraviolet) OR ""sea level rise"" OR ""soil salinization"" OR (""habitat shift*"" AND climate) OR (""habitat alteration"" AND climate) OR ((consumptive OR human OR agricultural) AND ""water stress""))) AND (((pollut* OR contamin* OR emission* OR spill-over* OR disposal* OR deposition* OR load* OR dump* OR discharge*) OR ((noise OR light OR gas* OR particle* OR particulate* OR nitrogen OR sulphur* OR phosphor* OR waste* OR garbage OR sewage OR pesticide* OR fertilizer* OR nutrient* OR ""oil spill*"" OR metal OR salinization OR salinisation OR acidification OR solid OR plastic OR mercury OR nutrient* OR pollutant*) AND (soil OR water OR ocean OR marine OR atmosphere OR air)) OR ((industrial OR military OR agricultur* OR forest*) AND effluent*)))) AND (que*bec OR canada OR montr*al or Saint-Lawrence or Bas-Saint-Laurent or Saguenay or Lac-Saint-Jean  or Capitale-Nationale or Mauricie or Estrie or Outaouais or Abitibi-T*miscamingue or C*te-Nord or Nord-du-Qu*bec or Gasp*sie–*les-de-la-Madeleine or Chaudi*re-Appalaches or Laval or Lanaudi*re or Laurentides or Mont*r*gie or Centre-du-Qu*bec))"
Climate change,Pollution,"((""climat* change"" OR ""chang* climat*"" OR (""increase* temperature*"" OR ""thermal alteration"" OR ""global warming"") OR (chang* AND precipitation*) OR ((extreme OR severe) AND (weather OR temperature OR precipitation OR climat*)) OR heatwave* OR drought* OR storm* OR flood* OR (UV OR ultraviolet) OR ""sea level rise"" OR ""soil salinization"" OR (""habitat shift*"" AND climate) OR (""habitat alteration"" AND climate) OR ((consumptive OR human OR agricultural) AND ""water stress""))) AND (((pollut* OR contamin* OR emission* OR spill-over* OR disposal* OR deposition* OR load* OR dump* OR discharge*) OR ((noise OR light OR gas* OR particle* OR particulate* OR nitrogen OR sulphur* OR phosphor* OR waste* OR garbage OR sewage OR pesticide* OR fertilizer* OR nutrient* OR ""oil spill*"" OR metal OR salinization OR salinisation OR acidification OR solid OR plastic OR mercury OR nutrient* OR pollutant*) AND (soil OR water OR ocean OR marine OR atmosphere OR air)) OR ((industrial OR military OR agricultur* OR forest*) AND effluent*)))",Species traits,Mean length of fish,"(""mean length*"" OR ""average length*"") AND fish*","TS=(((""mean length*"" OR ""average length*"") AND fish*) AND (((""climat* change"" OR ""chang* climat*"" OR (""increase* temperature*"" OR ""thermal alteration"" OR ""global warming"") OR (chang* AND precipitation*) OR ((extreme OR severe) AND (weather OR temperature OR precipitation OR climat*)) OR heatwave* OR drought* OR storm* OR flood* OR (UV OR ultraviolet) OR ""sea level rise"" OR ""soil salinization"" OR (""habitat shift*"" AND climate) OR (""habitat alteration"" AND climate) OR ((consumptive OR human OR agricultural) AND ""water stress""))) AND (((pollut* OR contamin* OR emission* OR spill-over* OR disposal* OR deposition* OR load* OR dump* OR discharge*) OR ((noise OR light OR gas* OR particle* OR particulate* OR nitrogen OR sulphur* OR phosphor* OR waste* OR garbage OR sewage OR pesticide* OR fertilizer* OR nutrient* OR ""oil spill*"" OR metal OR salinization OR salinisation OR acidification OR solid OR plastic OR mercury OR nutrient* OR pollutant*) AND (soil OR water OR ocean OR marine OR atmosphere OR air)) OR ((industrial OR military OR agricultur* OR forest*) AND effluent*)))) AND (que*bec OR canada OR montr*al or Saint-Lawrence or Bas-Saint-Laurent or Saguenay or Lac-Saint-Jean  or Capitale-Nationale or Mauricie or Estrie or Outaouais or Abitibi-T*miscamingue or C*te-Nord or Nord-du-Qu*bec or Gasp*sie–*les-de-la-Madeleine or Chaudi*re-Appalaches or Laval or Lanaudi*re or Laurentides or Mont*r*gie or Centre-du-Qu*bec))"
Climate change,Pollution,"((""climat* change"" OR ""chang* climat*"" OR (""increase* temperature*"" OR ""thermal alteration"" OR ""global warming"") OR (chang* AND precipitation*) OR ((extreme OR severe) AND (weather OR temperature OR precipitation OR climat*)) OR heatwave* OR drought* OR storm* OR flood* OR (UV OR ultraviolet) OR ""sea level rise"" OR ""soil salinization"" OR (""habitat shift*"" AND climate) OR (""habitat alteration"" AND climate) OR ((consumptive OR human OR agricultural) AND ""water stress""))) AND (((pollut* OR contamin* OR emission* OR spill-over* OR disposal* OR deposition* OR load* OR dump* OR discharge*) OR ((noise OR light OR gas* OR particle* OR particulate* OR nitrogen OR sulphur* OR phosphor* OR waste* OR garbage OR sewage OR pesticide* OR fertilizer* OR nutrient* OR ""oil spill*"" OR metal OR salinization OR salinisation OR acidification OR solid OR plastic OR mercury OR nutrient* OR pollutant*) AND (soil OR water OR ocean OR marine OR atmosphere OR air)) OR ((industrial OR military OR agricultur* OR forest*) AND effluent*)))",Species traits,Proportion of predatory fish,"(proportion OR ratio OR percentage) AND ""predator* fish*""","TS=(((proportion OR ratio OR percentage) AND ""predator* fish*"") AND (((""climat* change"" OR ""chang* climat*"" OR (""increase* temperature*"" OR ""thermal alteration"" OR ""global warming"") OR (chang* AND precipitation*) OR ((extreme OR severe) AND (weather OR temperature OR precipitation OR climat*)) OR heatwave* OR drought* OR storm* OR flood* OR (UV OR ultraviolet) OR ""sea level rise"" OR ""soil salinization"" OR (""habitat shift*"" AND climate) OR (""habitat alteration"" AND climate) OR ((consumptive OR human OR agricultural) AND ""water stress""))) AND (((pollut* OR contamin* OR emission* OR spill-over* OR disposal* OR deposition* OR load* OR dump* OR discharge*) OR ((noise OR light OR gas* OR particle* OR particulate* OR nitrogen OR sulphur* OR phosphor* OR waste* OR garbage OR sewage OR pesticide* OR fertilizer* OR nutrient* OR ""oil spill*"" OR metal OR salinization OR salinisation OR acidification OR solid OR plastic OR mercury OR nutrient* OR pollutant*) AND (soil OR water OR ocean OR marine OR atmosphere OR air)) OR ((industrial OR military OR agricultur* OR forest*) AND effluent*)))) AND (que*bec OR canada OR montr*al or Saint-Lawrence or Bas-Saint-Laurent or Saguenay or Lac-Saint-Jean  or Capitale-Nationale or Mauricie or Estrie or Outaouais or Abitibi-T*miscamingue or C*te-Nord or Nord-du-Qu*bec or Gasp*sie–*les-de-la-Madeleine or Chaudi*re-Appalaches or Laval or Lanaudi*re or Laurentides or Mont*r*gie or Centre-du-Qu*bec))"
Climate change,Invasive alien species,"((""climat* change"" OR ""chang* climat*"" OR (""increase* temperature*"" OR ""thermal alteration"" OR ""global warming"") OR (chang* AND precipitation*) OR ((extreme OR severe) AND (weather OR temperature OR precipitation OR climat*)) OR heatwave* OR drought* OR storm* OR flood* OR (UV OR ultraviolet) OR ""sea level rise"" OR ""soil salinization"" OR (""habitat shift*"" AND climate) OR (""habitat alteration"" AND climate) OR ((consumptive OR human OR agricultural) AND ""water stress""))) AND ((((invasive OR invasion) AND (alien OR exotic OR non-native OR pest* OR disease) AND species) OR ""biological invasion*"" OR (introduc* AND (species OR material))))",Community composition,NA,"(((communit* OR assemblage* OR taxonom* OR species) AND (dominance* OR richness OR turnover OR diversit* OR composition OR similarit)) OR (""species interaction"" OR ""biotic interaction*""))","TS=(((((communit* OR assemblage* OR taxonom* OR species) AND (dominance* OR richness OR turnover OR diversit* OR composition OR similarit)) OR (""species interaction"" OR ""biotic interaction*""))) AND (((""climat* change"" OR ""chang* climat*"" OR (""increase* temperature*"" OR ""thermal alteration"" OR ""global warming"") OR (chang* AND precipitation*) OR ((extreme OR severe) AND (weather OR temperature OR precipitation OR climat*)) OR heatwave* OR drought* OR storm* OR flood* OR (UV OR ultraviolet) OR ""sea level rise"" OR ""soil salinization"" OR (""habitat shift*"" AND climate) OR (""habitat alteration"" AND climate) OR ((consumptive OR human OR agricultural) AND ""water stress""))) AND ((((invasive OR invasion) AND (alien OR exotic OR non-native OR pest* OR disease) AND species) OR ""biological invasion*"" OR (introduc* AND (species OR material))))) AND (que*bec OR canada OR montr*al or Saint-Lawrence or Bas-Saint-Laurent or Saguenay or Lac-Saint-Jean  or Capitale-Nationale or Mauricie or Estrie or Outaouais or Abitibi-T*miscamingue or C*te-Nord or Nord-du-Qu*bec or Gasp*sie–*les-de-la-Madeleine or Chaudi*re-Appalaches or Laval or Lanaudi*re or Laurentides or Mont*r*gie or Centre-du-Qu*bec))"
Climate change,Invasive alien species,"((""climat* change"" OR ""chang* climat*"" OR (""increase* temperature*"" OR ""thermal alteration"" OR ""global warming"") OR (chang* AND precipitation*) OR ((extreme OR severe) AND (weather OR temperature OR precipitation OR climat*)) OR heatwave* OR drought* OR storm* OR flood* OR (UV OR ultraviolet) OR ""sea level rise"" OR ""soil salinization"" OR (""habitat shift*"" AND climate) OR (""habitat alteration"" AND climate) OR ((consumptive OR human OR agricultural) AND ""water stress""))) AND ((((invasive OR invasion) AND (alien OR exotic OR non-native OR pest* OR disease) AND species) OR ""biological invasion*"" OR (introduc* AND (species OR material))))",Ecosystem function,NA,"(""ecosystem function"" OR ""net primary productivity"" OR ""secondary productivity"" OR ""nutrient retention"" OR ""disturbance regime"" OR ""carbon sequestration"")","TS=(((""ecosystem function"" OR ""net primary productivity"" OR ""secondary productivity"" OR ""nutrient retention"" OR ""disturbance regime"" OR ""carbon sequestration"")) AND (((""climat* change"" OR ""chang* climat*"" OR (""increase* temperature*"" OR ""thermal alteration"" OR ""global warming"") OR (chang* AND precipitation*) OR ((extreme OR severe) AND (weather OR temperature OR precipitation OR climat*)) OR heatwave* OR drought* OR storm* OR flood* OR (UV OR ultraviolet) OR ""sea level rise"" OR ""soil salinization"" OR (""habitat shift*"" AND climate) OR (""habitat alteration"" AND climate) OR ((consumptive OR human OR agricultural) AND ""water stress""))) AND ((((invasive OR invasion) AND (alien OR exotic OR non-native OR pest* OR disease) AND species) OR ""biological invasion*"" OR (introduc* AND (species OR material))))) AND (que*bec OR canada OR montr*al or Saint-Lawrence or Bas-Saint-Laurent or Saguenay or Lac-Saint-Jean  or Capitale-Nationale or Mauricie or Estrie or Outaouais or Abitibi-T*miscamingue or C*te-Nord or Nord-du-Qu*bec or Gasp*sie–*les-de-la-Madeleine or Chaudi*re-Appalaches or Laval or Lanaudi*re or Laurentides or Mont*r*gie or Centre-du-Qu*bec))"
Climate change,Invasive alien species,"((""climat* change"" OR ""chang* climat*"" OR (""increase* temperature*"" OR ""thermal alteration"" OR ""global warming"") OR (chang* AND precipitation*) OR ((extreme OR severe) AND (weather OR temperature OR precipitation OR climat*)) OR heatwave* OR drought* OR storm* OR flood* OR (UV OR ultraviolet) OR ""sea level rise"" OR ""soil salinization"" OR (""habitat shift*"" AND climate) OR (""habitat alteration"" AND climate) OR ((consumptive OR human OR agricultural) AND ""water stress""))) AND ((((invasive OR invasion) AND (alien OR exotic OR non-native OR pest* OR disease) AND species) OR ""biological invasion*"" OR (introduc* AND (species OR material))))",Ecosystem structure,NA,"(""ecosystem* structure"" OR ""habitat structure"" OR ((ecosystem OR habitat*) AND ((extent OR area OR coverage OR proportion) AND fragmentation)) OR ((ecosystem OR landscape) AND composition AND ""functional type""))","TS=(((""ecosystem* structure"" OR ""habitat structure"" OR ((ecosystem OR habitat*) AND ((extent OR area OR coverage OR proportion) AND fragmentation)) OR ((ecosystem OR landscape) AND composition AND ""functional type""))) AND (((""climat* change"" OR ""chang* climat*"" OR (""increase* temperature*"" OR ""thermal alteration"" OR ""global warming"") OR (chang* AND precipitation*) OR ((extreme OR severe) AND (weather OR temperature OR precipitation OR climat*)) OR heatwave* OR drought* OR storm* OR flood* OR (UV OR ultraviolet) OR ""sea level rise"" OR ""soil salinization"" OR (""habitat shift*"" AND climate) OR (""habitat alteration"" AND climate) OR ((consumptive OR human OR agricultural) AND ""water stress""))) AND ((((invasive OR invasion) AND (alien OR exotic OR non-native OR pest* OR disease) AND species) OR ""biological invasion*"" OR (introduc* AND (species OR material))))) AND (que*bec OR canada OR montr*al or Saint-Lawrence or Bas-Saint-Laurent or Saguenay or Lac-Saint-Jean  or Capitale-Nationale or Mauricie or Estrie or Outaouais or Abitibi-T*miscamingue or C*te-Nord or Nord-du-Qu*bec or Gasp*sie–*les-de-la-Madeleine or Chaudi*re-Appalaches or Laval or Lanaudi*re or Laurentides or Mont*r*gie or Centre-du-Qu*bec))"
Climate change,Invasive alien species,"((""climat* change"" OR ""chang* climat*"" OR (""increase* temperature*"" OR ""thermal alteration"" OR ""global warming"") OR (chang* AND precipitation*) OR ((extreme OR severe) AND (weather OR temperature OR precipitation OR climat*)) OR heatwave* OR drought* OR storm* OR flood* OR (UV OR ultraviolet) OR ""sea level rise"" OR ""soil salinization"" OR (""habitat shift*"" AND climate) OR (""habitat alteration"" AND climate) OR ((consumptive OR human OR agricultural) AND ""water stress""))) AND ((((invasive OR invasion) AND (alien OR exotic OR non-native OR pest* OR disease) AND species) OR ""biological invasion*"" OR (introduc* AND (species OR material))))",Genetic composition,NA,"(""genetic* composition"" OR (co-ancestr* OR coancestr) OR ""allel diversit"" OR ""phylogenetic diversit"" OR (""population diversit"" OR (population AND ""genetic differen"")) OR ((breed OR variet) AND diversit) OR ""intra-specific diversit"" OR ""genetic diversit"" OR ""genetic variation"")","TS=(((""genetic* composition"" OR (co-ancestr* OR coancestr) OR ""allel diversit"" OR ""phylogenetic diversit"" OR (""population diversit"" OR (population AND ""genetic differen"")) OR ((breed OR variet) AND diversit) OR ""intra-specific diversit"" OR ""genetic diversit"" OR ""genetic variation"")) AND (((""climat* change"" OR ""chang* climat*"" OR (""increase* temperature*"" OR ""thermal alteration"" OR ""global warming"") OR (chang* AND precipitation*) OR ((extreme OR severe) AND (weather OR temperature OR precipitation OR climat*)) OR heatwave* OR drought* OR storm* OR flood* OR (UV OR ultraviolet) OR ""sea level rise"" OR ""soil salinization"" OR (""habitat shift*"" AND climate) OR (""habitat alteration"" AND climate) OR ((consumptive OR human OR agricultural) AND ""water stress""))) AND ((((invasive OR invasion) AND (alien OR exotic OR non-native OR pest* OR disease) AND species) OR ""biological invasion*"" OR (introduc* AND (species OR material))))) AND (que*bec OR canada OR montr*al or Saint-Lawrence or Bas-Saint-Laurent or Saguenay or Lac-Saint-Jean  or Capitale-Nationale or Mauricie or Estrie or Outaouais or Abitibi-T*miscamingue or C*te-Nord or Nord-du-Qu*bec or Gasp*sie–*les-de-la-Madeleine or Chaudi*re-Appalaches or Laval or Lanaudi*re or Laurentides or Mont*r*gie or Centre-du-Qu*bec))"
Climate change,Invasive alien species,"((""climat* change"" OR ""chang* climat*"" OR (""increase* temperature*"" OR ""thermal alteration"" OR ""global warming"") OR (chang* AND precipitation*) OR ((extreme OR severe) AND (weather OR temperature OR precipitation OR climat*)) OR heatwave* OR drought* OR storm* OR flood* OR (UV OR ultraviolet) OR ""sea level rise"" OR ""soil salinization"" OR (""habitat shift*"" AND climate) OR (""habitat alteration"" AND climate) OR ((consumptive OR human OR agricultural) AND ""water stress""))) AND ((((invasive OR invasion) AND (alien OR exotic OR non-native OR pest* OR disease) AND species) OR ""biological invasion*"" OR (introduc* AND (species OR material))))",Species populations,NA,(species OR population) AND ((distribution OR range) OR (abundance OR size* OR densit* OR demograph* OR dynamic* OR reproduct* OR surviv* OR growth OR persistence OR viab*) OR (structure AND (age OR size))),"TS=(((species OR population) AND ((distribution OR range) OR (abundance OR size* OR densit* OR demograph* OR dynamic* OR reproduct* OR surviv* OR growth OR persistence OR viab*) OR (structure AND (age OR size)))) AND (((""climat* change"" OR ""chang* climat*"" OR (""increase* temperature*"" OR ""thermal alteration"" OR ""global warming"") OR (chang* AND precipitation*) OR ((extreme OR severe) AND (weather OR temperature OR precipitation OR climat*)) OR heatwave* OR drought* OR storm* OR flood* OR (UV OR ultraviolet) OR ""sea level rise"" OR ""soil salinization"" OR (""habitat shift*"" AND climate) OR (""habitat alteration"" AND climate) OR ((consumptive OR human OR agricultural) AND ""water stress""))) AND ((((invasive OR invasion) AND (alien OR exotic OR non-native OR pest* OR disease) AND species) OR ""biological invasion*"" OR (introduc* AND (species OR material))))) AND (que*bec OR canada OR montr*al or Saint-Lawrence or Bas-Saint-Laurent or Saguenay or Lac-Saint-Jean  or Capitale-Nationale or Mauricie or Estrie or Outaouais or Abitibi-T*miscamingue or C*te-Nord or Nord-du-Qu*bec or Gasp*sie–*les-de-la-Madeleine or Chaudi*re-Appalaches or Laval or Lanaudi*re or Laurentides or Mont*r*gie or Centre-du-Qu*bec))"
Climate change,Invasive alien species,"((""climat* change"" OR ""chang* climat*"" OR (""increase* temperature*"" OR ""thermal alteration"" OR ""global warming"") OR (chang* AND precipitation*) OR ((extreme OR severe) AND (weather OR temperature OR precipitation OR climat*)) OR heatwave* OR drought* OR storm* OR flood* OR (UV OR ultraviolet) OR ""sea level rise"" OR ""soil salinization"" OR (""habitat shift*"" AND climate) OR (""habitat alteration"" AND climate) OR ((consumptive OR human OR agricultural) AND ""water stress""))) AND ((((invasive OR invasion) AND (alien OR exotic OR non-native OR pest* OR disease) AND species) OR ""biological invasion*"" OR (introduc* AND (species OR material))))",Species traits,NA,"((""ecological trait"" OR ""biological trait"" OR ""species trait"") OR (""body mass"" OR ""body size"") OR ""natal dispers"" OR ((migrat* OR dispers* OR demograph* OR physiolog* OR life-history* OR phenolog) AND (trait OR behav* OR attribute OR feature)))","TS=((((""ecological trait"" OR ""biological trait"" OR ""species trait"") OR (""body mass"" OR ""body size"") OR ""natal dispers"" OR ((migrat* OR dispers* OR demograph* OR physiolog* OR life-history* OR phenolog) AND (trait OR behav* OR attribute OR feature)))) AND (((""climat* change"" OR ""chang* climat*"" OR (""increase* temperature*"" OR ""thermal alteration"" OR ""global warming"") OR (chang* AND precipitation*) OR ((extreme OR severe) AND (weather OR temperature OR precipitation OR climat*)) OR heatwave* OR drought* OR storm* OR flood* OR (UV OR ultraviolet) OR ""sea level rise"" OR ""soil salinization"" OR (""habitat shift*"" AND climate) OR (""habitat alteration"" AND climate) OR ((consumptive OR human OR agricultural) AND ""water stress""))) AND ((((invasive OR invasion) AND (alien OR exotic OR non-native OR pest* OR disease) AND species) OR ""biological invasion*"" OR (introduc* AND (species OR material))))) AND (que*bec OR canada OR montr*al or Saint-Lawrence or Bas-Saint-Laurent or Saguenay or Lac-Saint-Jean  or Capitale-Nationale or Mauricie or Estrie or Outaouais or Abitibi-T*miscamingue or C*te-Nord or Nord-du-Qu*bec or Gasp*sie–*les-de-la-Madeleine or Chaudi*re-Appalaches or Laval or Lanaudi*re or Laurentides or Mont*r*gie or Centre-du-Qu*bec))"
Climate change,Invasive alien species,"((""climat* change"" OR ""chang* climat*"" OR (""increase* temperature*"" OR ""thermal alteration"" OR ""global warming"") OR (chang* AND precipitation*) OR ((extreme OR severe) AND (weather OR temperature OR precipitation OR climat*)) OR heatwave* OR drought* OR storm* OR flood* OR (UV OR ultraviolet) OR ""sea level rise"" OR ""soil salinization"" OR (""habitat shift*"" AND climate) OR (""habitat alteration"" AND climate) OR ((consumptive OR human OR agricultural) AND ""water stress""))) AND ((((invasive OR invasion) AND (alien OR exotic OR non-native OR pest* OR disease) AND species) OR ""biological invasion*"" OR (introduc* AND (species OR material))))",Community composition,Global bird species richness,"(global OR world*) AND bird* AND ""species richness""","TS=(((global OR world*) AND bird* AND ""species richness"") AND (((""climat* change"" OR ""chang* climat*"" OR (""increase* temperature*"" OR ""thermal alteration"" OR ""global warming"") OR (chang* AND precipitation*) OR ((extreme OR severe) AND (weather OR temperature OR precipitation OR climat*)) OR heatwave* OR drought* OR storm* OR flood* OR (UV OR ultraviolet) OR ""sea level rise"" OR ""soil salinization"" OR (""habitat shift*"" AND climate) OR (""habitat alteration"" AND climate) OR ((consumptive OR human OR agricultural) AND ""water stress""))) AND ((((invasive OR invasion) AND (alien OR exotic OR non-native OR pest* OR disease) AND species) OR ""biological invasion*"" OR (introduc* AND (species OR material))))) AND (que*bec OR canada OR montr*al or Saint-Lawrence or Bas-Saint-Laurent or Saguenay or Lac-Saint-Jean  or Capitale-Nationale or Mauricie or Estrie or Outaouais or Abitibi-T*miscamingue or C*te-Nord or Nord-du-Qu*bec or Gasp*sie–*les-de-la-Madeleine or Chaudi*re-Appalaches or Laval or Lanaudi*re or Laurentides or Mont*r*gie or Centre-du-Qu*bec))"
Climate change,Invasive alien species,"((""climat* change"" OR ""chang* climat*"" OR (""increase* temperature*"" OR ""thermal alteration"" OR ""global warming"") OR (chang* AND precipitation*) OR ((extreme OR severe) AND (weather OR temperature OR precipitation OR climat*)) OR heatwave* OR drought* OR storm* OR flood* OR (UV OR ultraviolet) OR ""sea level rise"" OR ""soil salinization"" OR (""habitat shift*"" AND climate) OR (""habitat alteration"" AND climate) OR ((consumptive OR human OR agricultural) AND ""water stress""))) AND ((((invasive OR invasion) AND (alien OR exotic OR non-native OR pest* OR disease) AND species) OR ""biological invasion*"" OR (introduc* AND (species OR material))))",Community composition,Local species richness,"((species OR assemblage*) AND (richness OR diversit*) AND (local OR location* OR sample*)) AND (global OR world*) AND (""time series"" OR ""time-series"" OR temporal)","TS=((((species OR assemblage*) AND (richness OR diversit*) AND (local OR location* OR sample*)) AND (global OR world*) AND (""time series"" OR ""time-series"" OR temporal)) AND (((""climat* change"" OR ""chang* climat*"" OR (""increase* temperature*"" OR ""thermal alteration"" OR ""global warming"") OR (chang* AND precipitation*) OR ((extreme OR severe) AND (weather OR temperature OR precipitation OR climat*)) OR heatwave* OR drought* OR storm* OR flood* OR (UV OR ultraviolet) OR ""sea level rise"" OR ""soil salinization"" OR (""habitat shift*"" AND climate) OR (""habitat alteration"" AND climate) OR ((consumptive OR human OR agricultural) AND ""water stress""))) AND ((((invasive OR invasion) AND (alien OR exotic OR non-native OR pest* OR disease) AND species) OR ""biological invasion*"" OR (introduc* AND (species OR material))))) AND (que*bec OR canada OR montr*al or Saint-Lawrence or Bas-Saint-Laurent or Saguenay or Lac-Saint-Jean  or Capitale-Nationale or Mauricie or Estrie or Outaouais or Abitibi-T*miscamingue or C*te-Nord or Nord-du-Qu*bec or Gasp*sie–*les-de-la-Madeleine or Chaudi*re-Appalaches or Laval or Lanaudi*re or Laurentides or Mont*r*gie or Centre-du-Qu*bec))"
Climate change,Invasive alien species,"((""climat* change"" OR ""chang* climat*"" OR (""increase* temperature*"" OR ""thermal alteration"" OR ""global warming"") OR (chang* AND precipitation*) OR ((extreme OR severe) AND (weather OR temperature OR precipitation OR climat*)) OR heatwave* OR drought* OR storm* OR flood* OR (UV OR ultraviolet) OR ""sea level rise"" OR ""soil salinization"" OR (""habitat shift*"" AND climate) OR (""habitat alteration"" AND climate) OR ((consumptive OR human OR agricultural) AND ""water stress""))) AND ((((invasive OR invasion) AND (alien OR exotic OR non-native OR pest* OR disease) AND species) OR ""biological invasion*"" OR (introduc* AND (species OR material))))",Community composition,Local species turnover,"((species OR assemblage*) AND (turnover OR (composition* AND (change OR similarit*))) AND (local OR location* OR sample*)) AND (global OR world*) AND (""time series"" OR ""time-series"" OR temporal)","TS=((((species OR assemblage*) AND (turnover OR (composition* AND (change OR similarit*))) AND (local OR location* OR sample*)) AND (global OR world*) AND (""time series"" OR ""time-series"" OR temporal)) AND (((""climat* change"" OR ""chang* climat*"" OR (""increase* temperature*"" OR ""thermal alteration"" OR ""global warming"") OR (chang* AND precipitation*) OR ((extreme OR severe) AND (weather OR temperature OR precipitation OR climat*)) OR heatwave* OR drought* OR storm* OR flood* OR (UV OR ultraviolet) OR ""sea level rise"" OR ""soil salinization"" OR (""habitat shift*"" AND climate) OR (""habitat alteration"" AND climate) OR ((consumptive OR human OR agricultural) AND ""water stress""))) AND ((((invasive OR invasion) AND (alien OR exotic OR non-native OR pest* OR disease) AND species) OR ""biological invasion*"" OR (introduc* AND (species OR material))))) AND (que*bec OR canada OR montr*al or Saint-Lawrence or Bas-Saint-Laurent or Saguenay or Lac-Saint-Jean  or Capitale-Nationale or Mauricie or Estrie or Outaouais or Abitibi-T*miscamingue or C*te-Nord or Nord-du-Qu*bec or Gasp*sie–*les-de-la-Madeleine or Chaudi*re-Appalaches or Laval or Lanaudi*re or Laurentides or Mont*r*gie or Centre-du-Qu*bec))"
Climate change,Invasive alien species,"((""climat* change"" OR ""chang* climat*"" OR (""increase* temperature*"" OR ""thermal alteration"" OR ""global warming"") OR (chang* AND precipitation*) OR ((extreme OR severe) AND (weather OR temperature OR precipitation OR climat*)) OR heatwave* OR drought* OR storm* OR flood* OR (UV OR ultraviolet) OR ""sea level rise"" OR ""soil salinization"" OR (""habitat shift*"" AND climate) OR (""habitat alteration"" AND climate) OR ((consumptive OR human OR agricultural) AND ""water stress""))) AND ((((invasive OR invasion) AND (alien OR exotic OR non-native OR pest* OR disease) AND species) OR ""biological invasion*"" OR (introduc* AND (species OR material))))",Community composition,Mean species abundance,"""mean species abundance"" OR GLOBIO","TS=((""mean species abundance"" OR GLOBIO) AND (((""climat* change"" OR ""chang* climat*"" OR (""increase* temperature*"" OR ""thermal alteration"" OR ""global warming"") OR (chang* AND precipitation*) OR ((extreme OR severe) AND (weather OR temperature OR precipitation OR climat*)) OR heatwave* OR drought* OR storm* OR flood* OR (UV OR ultraviolet) OR ""sea level rise"" OR ""soil salinization"" OR (""habitat shift*"" AND climate) OR (""habitat alteration"" AND climate) OR ((consumptive OR human OR agricultural) AND ""water stress""))) AND ((((invasive OR invasion) AND (alien OR exotic OR non-native OR pest* OR disease) AND species) OR ""biological invasion*"" OR (introduc* AND (species OR material))))) AND (que*bec OR canada OR montr*al or Saint-Lawrence or Bas-Saint-Laurent or Saguenay or Lac-Saint-Jean  or Capitale-Nationale or Mauricie or Estrie or Outaouais or Abitibi-T*miscamingue or C*te-Nord or Nord-du-Qu*bec or Gasp*sie–*les-de-la-Madeleine or Chaudi*re-Appalaches or Laval or Lanaudi*re or Laurentides or Mont*r*gie or Centre-du-Qu*bec))"
Climate change,Invasive alien species,"((""climat* change"" OR ""chang* climat*"" OR (""increase* temperature*"" OR ""thermal alteration"" OR ""global warming"") OR (chang* AND precipitation*) OR ((extreme OR severe) AND (weather OR temperature OR precipitation OR climat*)) OR heatwave* OR drought* OR storm* OR flood* OR (UV OR ultraviolet) OR ""sea level rise"" OR ""soil salinization"" OR (""habitat shift*"" AND climate) OR (""habitat alteration"" AND climate) OR ((consumptive OR human OR agricultural) AND ""water stress""))) AND ((((invasive OR invasion) AND (alien OR exotic OR non-native OR pest* OR disease) AND species) OR ""biological invasion*"" OR (introduc* AND (species OR material))))",Ecosystem function,Net primary productivity,"""net primary product*""","TS=((""net primary product*"") AND (((""climat* change"" OR ""chang* climat*"" OR (""increase* temperature*"" OR ""thermal alteration"" OR ""global warming"") OR (chang* AND precipitation*) OR ((extreme OR severe) AND (weather OR temperature OR precipitation OR climat*)) OR heatwave* OR drought* OR storm* OR flood* OR (UV OR ultraviolet) OR ""sea level rise"" OR ""soil salinization"" OR (""habitat shift*"" AND climate) OR (""habitat alteration"" AND climate) OR ((consumptive OR human OR agricultural) AND ""water stress""))) AND ((((invasive OR invasion) AND (alien OR exotic OR non-native OR pest* OR disease) AND species) OR ""biological invasion*"" OR (introduc* AND (species OR material))))) AND (que*bec OR canada OR montr*al or Saint-Lawrence or Bas-Saint-Laurent or Saguenay or Lac-Saint-Jean  or Capitale-Nationale or Mauricie or Estrie or Outaouais or Abitibi-T*miscamingue or C*te-Nord or Nord-du-Qu*bec or Gasp*sie–*les-de-la-Madeleine or Chaudi*re-Appalaches or Laval or Lanaudi*re or Laurentides or Mont*r*gie or Centre-du-Qu*bec))"
Climate change,Invasive alien species,"((""climat* change"" OR ""chang* climat*"" OR (""increase* temperature*"" OR ""thermal alteration"" OR ""global warming"") OR (chang* AND precipitation*) OR ((extreme OR severe) AND (weather OR temperature OR precipitation OR climat*)) OR heatwave* OR drought* OR storm* OR flood* OR (UV OR ultraviolet) OR ""sea level rise"" OR ""soil salinization"" OR (""habitat shift*"" AND climate) OR (""habitat alteration"" AND climate) OR ((consumptive OR human OR agricultural) AND ""water stress""))) AND ((((invasive OR invasion) AND (alien OR exotic OR non-native OR pest* OR disease) AND species) OR ""biological invasion*"" OR (introduc* AND (species OR material))))",Ecosystem structure,Area of mangrove forest cover,(extent OR area OR cover* OR proportion OR percentage OR land OR landscape) AND mangrove* AND forest*,"TS=(((extent OR area OR cover* OR proportion OR percentage OR land OR landscape) AND mangrove* AND forest*) AND (((""climat* change"" OR ""chang* climat*"" OR (""increase* temperature*"" OR ""thermal alteration"" OR ""global warming"") OR (chang* AND precipitation*) OR ((extreme OR severe) AND (weather OR temperature OR precipitation OR climat*)) OR heatwave* OR drought* OR storm* OR flood* OR (UV OR ultraviolet) OR ""sea level rise"" OR ""soil salinization"" OR (""habitat shift*"" AND climate) OR (""habitat alteration"" AND climate) OR ((consumptive OR human OR agricultural) AND ""water stress""))) AND ((((invasive OR invasion) AND (alien OR exotic OR non-native OR pest* OR disease) AND species) OR ""biological invasion*"" OR (introduc* AND (species OR material))))) AND (que*bec OR canada OR montr*al or Saint-Lawrence or Bas-Saint-Laurent or Saguenay or Lac-Saint-Jean  or Capitale-Nationale or Mauricie or Estrie or Outaouais or Abitibi-T*miscamingue or C*te-Nord or Nord-du-Qu*bec or Gasp*sie–*les-de-la-Madeleine or Chaudi*re-Appalaches or Laval or Lanaudi*re or Laurentides or Mont*r*gie or Centre-du-Qu*bec))"
Climate change,Invasive alien species,"((""climat* change"" OR ""chang* climat*"" OR (""increase* temperature*"" OR ""thermal alteration"" OR ""global warming"") OR (chang* AND precipitation*) OR ((extreme OR severe) AND (weather OR temperature OR precipitation OR climat*)) OR heatwave* OR drought* OR storm* OR flood* OR (UV OR ultraviolet) OR ""sea level rise"" OR ""soil salinization"" OR (""habitat shift*"" AND climate) OR (""habitat alteration"" AND climate) OR ((consumptive OR human OR agricultural) AND ""water stress""))) AND ((((invasive OR invasion) AND (alien OR exotic OR non-native OR pest* OR disease) AND species) OR ""biological invasion*"" OR (introduc* AND (species OR material))))",Ecosystem structure,Extent of intact forest landscapes,(extent OR area OR cover* OR proportion OR percentage OR land OR landscape) AND intact* AND forest*,"TS=(((extent OR area OR cover* OR proportion OR percentage OR land OR landscape) AND intact* AND forest*) AND (((""climat* change"" OR ""chang* climat*"" OR (""increase* temperature*"" OR ""thermal alteration"" OR ""global warming"") OR (chang* AND precipitation*) OR ((extreme OR severe) AND (weather OR temperature OR precipitation OR climat*)) OR heatwave* OR drought* OR storm* OR flood* OR (UV OR ultraviolet) OR ""sea level rise"" OR ""soil salinization"" OR (""habitat shift*"" AND climate) OR (""habitat alteration"" AND climate) OR ((consumptive OR human OR agricultural) AND ""water stress""))) AND ((((invasive OR invasion) AND (alien OR exotic OR non-native OR pest* OR disease) AND species) OR ""biological invasion*"" OR (introduc* AND (species OR material))))) AND (que*bec OR canada OR montr*al or Saint-Lawrence or Bas-Saint-Laurent or Saguenay or Lac-Saint-Jean  or Capitale-Nationale or Mauricie or Estrie or Outaouais or Abitibi-T*miscamingue or C*te-Nord or Nord-du-Qu*bec or Gasp*sie–*les-de-la-Madeleine or Chaudi*re-Appalaches or Laval or Lanaudi*re or Laurentides or Mont*r*gie or Centre-du-Qu*bec))"
Climate change,Invasive alien species,"((""climat* change"" OR ""chang* climat*"" OR (""increase* temperature*"" OR ""thermal alteration"" OR ""global warming"") OR (chang* AND precipitation*) OR ((extreme OR severe) AND (weather OR temperature OR precipitation OR climat*)) OR heatwave* OR drought* OR storm* OR flood* OR (UV OR ultraviolet) OR ""sea level rise"" OR ""soil salinization"" OR (""habitat shift*"" AND climate) OR (""habitat alteration"" AND climate) OR ((consumptive OR human OR agricultural) AND ""water stress""))) AND ((((invasive OR invasion) AND (alien OR exotic OR non-native OR pest* OR disease) AND species) OR ""biological invasion*"" OR (introduc* AND (species OR material))))",Ecosystem structure,Extent of remaining primary vegetation,(extent OR area OR cover* OR proportion OR percentage) AND (primary OR natural) AND vegetation,"TS=(((extent OR area OR cover* OR proportion OR percentage) AND (primary OR natural) AND vegetation) AND (((""climat* change"" OR ""chang* climat*"" OR (""increase* temperature*"" OR ""thermal alteration"" OR ""global warming"") OR (chang* AND precipitation*) OR ((extreme OR severe) AND (weather OR temperature OR precipitation OR climat*)) OR heatwave* OR drought* OR storm* OR flood* OR (UV OR ultraviolet) OR ""sea level rise"" OR ""soil salinization"" OR (""habitat shift*"" AND climate) OR (""habitat alteration"" AND climate) OR ((consumptive OR human OR agricultural) AND ""water stress""))) AND ((((invasive OR invasion) AND (alien OR exotic OR non-native OR pest* OR disease) AND species) OR ""biological invasion*"" OR (introduc* AND (species OR material))))) AND (que*bec OR canada OR montr*al or Saint-Lawrence or Bas-Saint-Laurent or Saguenay or Lac-Saint-Jean  or Capitale-Nationale or Mauricie or Estrie or Outaouais or Abitibi-T*miscamingue or C*te-Nord or Nord-du-Qu*bec or Gasp*sie–*les-de-la-Madeleine or Chaudi*re-Appalaches or Laval or Lanaudi*re or Laurentides or Mont*r*gie or Centre-du-Qu*bec))"
Climate change,Invasive alien species,"((""climat* change"" OR ""chang* climat*"" OR (""increase* temperature*"" OR ""thermal alteration"" OR ""global warming"") OR (chang* AND precipitation*) OR ((extreme OR severe) AND (weather OR temperature OR precipitation OR climat*)) OR heatwave* OR drought* OR storm* OR flood* OR (UV OR ultraviolet) OR ""sea level rise"" OR ""soil salinization"" OR (""habitat shift*"" AND climate) OR (""habitat alteration"" AND climate) OR ((consumptive OR human OR agricultural) AND ""water stress""))) AND ((((invasive OR invasion) AND (alien OR exotic OR non-native OR pest* OR disease) AND species) OR ""biological invasion*"" OR (introduc* AND (species OR material))))",Ecosystem structure,Extent of remaining wilderness,(extent OR area OR cover* OR proportion OR percentage OR land OR landscape) AND wilderness*,"TS=(((extent OR area OR cover* OR proportion OR percentage OR land OR landscape) AND wilderness*) AND (((""climat* change"" OR ""chang* climat*"" OR (""increase* temperature*"" OR ""thermal alteration"" OR ""global warming"") OR (chang* AND precipitation*) OR ((extreme OR severe) AND (weather OR temperature OR precipitation OR climat*)) OR heatwave* OR drought* OR storm* OR flood* OR (UV OR ultraviolet) OR ""sea level rise"" OR ""soil salinization"" OR (""habitat shift*"" AND climate) OR (""habitat alteration"" AND climate) OR ((consumptive OR human OR agricultural) AND ""water stress""))) AND ((((invasive OR invasion) AND (alien OR exotic OR non-native OR pest* OR disease) AND species) OR ""biological invasion*"" OR (introduc* AND (species OR material))))) AND (que*bec OR canada OR montr*al or Saint-Lawrence or Bas-Saint-Laurent or Saguenay or Lac-Saint-Jean  or Capitale-Nationale or Mauricie or Estrie or Outaouais or Abitibi-T*miscamingue or C*te-Nord or Nord-du-Qu*bec or Gasp*sie–*les-de-la-Madeleine or Chaudi*re-Appalaches or Laval or Lanaudi*re or Laurentides or Mont*r*gie or Centre-du-Qu*bec))"
Climate change,Invasive alien species,"((""climat* change"" OR ""chang* climat*"" OR (""increase* temperature*"" OR ""thermal alteration"" OR ""global warming"") OR (chang* AND precipitation*) OR ((extreme OR severe) AND (weather OR temperature OR precipitation OR climat*)) OR heatwave* OR drought* OR storm* OR flood* OR (UV OR ultraviolet) OR ""sea level rise"" OR ""soil salinization"" OR (""habitat shift*"" AND climate) OR (""habitat alteration"" AND climate) OR ((consumptive OR human OR agricultural) AND ""water stress""))) AND ((((invasive OR invasion) AND (alien OR exotic OR non-native OR pest* OR disease) AND species) OR ""biological invasion*"" OR (introduc* AND (species OR material))))",Ecosystem structure,Leaf area index,"""leaf area ind*""","TS=((""leaf area ind*"") AND (((""climat* change"" OR ""chang* climat*"" OR (""increase* temperature*"" OR ""thermal alteration"" OR ""global warming"") OR (chang* AND precipitation*) OR ((extreme OR severe) AND (weather OR temperature OR precipitation OR climat*)) OR heatwave* OR drought* OR storm* OR flood* OR (UV OR ultraviolet) OR ""sea level rise"" OR ""soil salinization"" OR (""habitat shift*"" AND climate) OR (""habitat alteration"" AND climate) OR ((consumptive OR human OR agricultural) AND ""water stress""))) AND ((((invasive OR invasion) AND (alien OR exotic OR non-native OR pest* OR disease) AND species) OR ""biological invasion*"" OR (introduc* AND (species OR material))))) AND (que*bec OR canada OR montr*al or Saint-Lawrence or Bas-Saint-Laurent or Saguenay or Lac-Saint-Jean  or Capitale-Nationale or Mauricie or Estrie or Outaouais or Abitibi-T*miscamingue or C*te-Nord or Nord-du-Qu*bec or Gasp*sie–*les-de-la-Madeleine or Chaudi*re-Appalaches or Laval or Lanaudi*re or Laurentides or Mont*r*gie or Centre-du-Qu*bec))"
Climate change,Invasive alien species,"((""climat* change"" OR ""chang* climat*"" OR (""increase* temperature*"" OR ""thermal alteration"" OR ""global warming"") OR (chang* AND precipitation*) OR ((extreme OR severe) AND (weather OR temperature OR precipitation OR climat*)) OR heatwave* OR drought* OR storm* OR flood* OR (UV OR ultraviolet) OR ""sea level rise"" OR ""soil salinization"" OR (""habitat shift*"" AND climate) OR (""habitat alteration"" AND climate) OR ((consumptive OR human OR agricultural) AND ""water stress""))) AND ((((invasive OR invasion) AND (alien OR exotic OR non-native OR pest* OR disease) AND species) OR ""biological invasion*"" OR (introduc* AND (species OR material))))",Ecosystem structure,Percentage of live coral cover,(extent OR area OR cover* OR proportion OR percentage) AND coral AND live,"TS=(((extent OR area OR cover* OR proportion OR percentage) AND coral AND live) AND (((""climat* change"" OR ""chang* climat*"" OR (""increase* temperature*"" OR ""thermal alteration"" OR ""global warming"") OR (chang* AND precipitation*) OR ((extreme OR severe) AND (weather OR temperature OR precipitation OR climat*)) OR heatwave* OR drought* OR storm* OR flood* OR (UV OR ultraviolet) OR ""sea level rise"" OR ""soil salinization"" OR (""habitat shift*"" AND climate) OR (""habitat alteration"" AND climate) OR ((consumptive OR human OR agricultural) AND ""water stress""))) AND ((((invasive OR invasion) AND (alien OR exotic OR non-native OR pest* OR disease) AND species) OR ""biological invasion*"" OR (introduc* AND (species OR material))))) AND (que*bec OR canada OR montr*al or Saint-Lawrence or Bas-Saint-Laurent or Saguenay or Lac-Saint-Jean  or Capitale-Nationale or Mauricie or Estrie or Outaouais or Abitibi-T*miscamingue or C*te-Nord or Nord-du-Qu*bec or Gasp*sie–*les-de-la-Madeleine or Chaudi*re-Appalaches or Laval or Lanaudi*re or Laurentides or Mont*r*gie or Centre-du-Qu*bec))"
Climate change,Invasive alien species,"((""climat* change"" OR ""chang* climat*"" OR (""increase* temperature*"" OR ""thermal alteration"" OR ""global warming"") OR (chang* AND precipitation*) OR ((extreme OR severe) AND (weather OR temperature OR precipitation OR climat*)) OR heatwave* OR drought* OR storm* OR flood* OR (UV OR ultraviolet) OR ""sea level rise"" OR ""soil salinization"" OR (""habitat shift*"" AND climate) OR (""habitat alteration"" AND climate) OR ((consumptive OR human OR agricultural) AND ""water stress""))) AND ((((invasive OR invasion) AND (alien OR exotic OR non-native OR pest* OR disease) AND species) OR ""biological invasion*"" OR (introduc* AND (species OR material))))",Genetic composition,Proportion of local breeds at risk/not at risk/unknown,"""local breed*"" AND (livestock* OR (domestic AND animal*)) AND (risk OR extinct* OR threat*)","TS=((""local breed*"" AND (livestock* OR (domestic AND animal*)) AND (risk OR extinct* OR threat*)) AND (((""climat* change"" OR ""chang* climat*"" OR (""increase* temperature*"" OR ""thermal alteration"" OR ""global warming"") OR (chang* AND precipitation*) OR ((extreme OR severe) AND (weather OR temperature OR precipitation OR climat*)) OR heatwave* OR drought* OR storm* OR flood* OR (UV OR ultraviolet) OR ""sea level rise"" OR ""soil salinization"" OR (""habitat shift*"" AND climate) OR (""habitat alteration"" AND climate) OR ((consumptive OR human OR agricultural) AND ""water stress""))) AND ((((invasive OR invasion) AND (alien OR exotic OR non-native OR pest* OR disease) AND species) OR ""biological invasion*"" OR (introduc* AND (species OR material))))) AND (que*bec OR canada OR montr*al or Saint-Lawrence or Bas-Saint-Laurent or Saguenay or Lac-Saint-Jean  or Capitale-Nationale or Mauricie or Estrie or Outaouais or Abitibi-T*miscamingue or C*te-Nord or Nord-du-Qu*bec or Gasp*sie–*les-de-la-Madeleine or Chaudi*re-Appalaches or Laval or Lanaudi*re or Laurentides or Mont*r*gie or Centre-du-Qu*bec))"
Climate change,Invasive alien species,"((""climat* change"" OR ""chang* climat*"" OR (""increase* temperature*"" OR ""thermal alteration"" OR ""global warming"") OR (chang* AND precipitation*) OR ((extreme OR severe) AND (weather OR temperature OR precipitation OR climat*)) OR heatwave* OR drought* OR storm* OR flood* OR (UV OR ultraviolet) OR ""sea level rise"" OR ""soil salinization"" OR (""habitat shift*"" AND climate) OR (""habitat alteration"" AND climate) OR ((consumptive OR human OR agricultural) AND ""water stress""))) AND ((((invasive OR invasion) AND (alien OR exotic OR non-native OR pest* OR disease) AND species) OR ""biological invasion*"" OR (introduc* AND (species OR material))))",Species populations,IUCN red list of threatened species,"(IUCN OR ""red list"") AND (threat* OR extinct*) AND species NOT ""red list ind*""","TS=(((IUCN OR ""red list"") AND (threat* OR extinct*) AND species NOT ""red list ind*"") AND (((""climat* change"" OR ""chang* climat*"" OR (""increase* temperature*"" OR ""thermal alteration"" OR ""global warming"") OR (chang* AND precipitation*) OR ((extreme OR severe) AND (weather OR temperature OR precipitation OR climat*)) OR heatwave* OR drought* OR storm* OR flood* OR (UV OR ultraviolet) OR ""sea level rise"" OR ""soil salinization"" OR (""habitat shift*"" AND climate) OR (""habitat alteration"" AND climate) OR ((consumptive OR human OR agricultural) AND ""water stress""))) AND ((((invasive OR invasion) AND (alien OR exotic OR non-native OR pest* OR disease) AND species) OR ""biological invasion*"" OR (introduc* AND (species OR material))))) AND (que*bec OR canada OR montr*al or Saint-Lawrence or Bas-Saint-Laurent or Saguenay or Lac-Saint-Jean  or Capitale-Nationale or Mauricie or Estrie or Outaouais or Abitibi-T*miscamingue or C*te-Nord or Nord-du-Qu*bec or Gasp*sie–*les-de-la-Madeleine or Chaudi*re-Appalaches or Laval or Lanaudi*re or Laurentides or Mont*r*gie or Centre-du-Qu*bec))"
Climate change,Invasive alien species,"((""climat* change"" OR ""chang* climat*"" OR (""increase* temperature*"" OR ""thermal alteration"" OR ""global warming"") OR (chang* AND precipitation*) OR ((extreme OR severe) AND (weather OR temperature OR precipitation OR climat*)) OR heatwave* OR drought* OR storm* OR flood* OR (UV OR ultraviolet) OR ""sea level rise"" OR ""soil salinization"" OR (""habitat shift*"" AND climate) OR (""habitat alteration"" AND climate) OR ((consumptive OR human OR agricultural) AND ""water stress""))) AND ((((invasive OR invasion) AND (alien OR exotic OR non-native OR pest* OR disease) AND species) OR ""biological invasion*"" OR (introduc* AND (species OR material))))",Species populations,Living planet index,"""living planet ind*"" OR ""living planet report*""","TS=((""living planet ind*"" OR ""living planet report*"") AND (((""climat* change"" OR ""chang* climat*"" OR (""increase* temperature*"" OR ""thermal alteration"" OR ""global warming"") OR (chang* AND precipitation*) OR ((extreme OR severe) AND (weather OR temperature OR precipitation OR climat*)) OR heatwave* OR drought* OR storm* OR flood* OR (UV OR ultraviolet) OR ""sea level rise"" OR ""soil salinization"" OR (""habitat shift*"" AND climate) OR (""habitat alteration"" AND climate) OR ((consumptive OR human OR agricultural) AND ""water stress""))) AND ((((invasive OR invasion) AND (alien OR exotic OR non-native OR pest* OR disease) AND species) OR ""biological invasion*"" OR (introduc* AND (species OR material))))) AND (que*bec OR canada OR montr*al or Saint-Lawrence or Bas-Saint-Laurent or Saguenay or Lac-Saint-Jean  or Capitale-Nationale or Mauricie or Estrie or Outaouais or Abitibi-T*miscamingue or C*te-Nord or Nord-du-Qu*bec or Gasp*sie–*les-de-la-Madeleine or Chaudi*re-Appalaches or Laval or Lanaudi*re or Laurentides or Mont*r*gie or Centre-du-Qu*bec))"
Climate change,Invasive alien species,"((""climat* change"" OR ""chang* climat*"" OR (""increase* temperature*"" OR ""thermal alteration"" OR ""global warming"") OR (chang* AND precipitation*) OR ((extreme OR severe) AND (weather OR temperature OR precipitation OR climat*)) OR heatwave* OR drought* OR storm* OR flood* OR (UV OR ultraviolet) OR ""sea level rise"" OR ""soil salinization"" OR (""habitat shift*"" AND climate) OR (""habitat alteration"" AND climate) OR ((consumptive OR human OR agricultural) AND ""water stress""))) AND ((((invasive OR invasion) AND (alien OR exotic OR non-native OR pest* OR disease) AND species) OR ""biological invasion*"" OR (introduc* AND (species OR material))))",Species populations,Local species abundance,"((species OR assemblage*) AND abundance AND (local OR location* OR sample*)) AND (global OR world*) AND (""time series"" OR ""time -series"" OR temporal)","TS=((((species OR assemblage*) AND abundance AND (local OR location* OR sample*)) AND (global OR world*) AND (""time series"" OR ""time -series"" OR temporal)) AND (((""climat* change"" OR ""chang* climat*"" OR (""increase* temperature*"" OR ""thermal alteration"" OR ""global warming"") OR (chang* AND precipitation*) OR ((extreme OR severe) AND (weather OR temperature OR precipitation OR climat*)) OR heatwave* OR drought* OR storm* OR flood* OR (UV OR ultraviolet) OR ""sea level rise"" OR ""soil salinization"" OR (""habitat shift*"" AND climate) OR (""habitat alteration"" AND climate) OR ((consumptive OR human OR agricultural) AND ""water stress""))) AND ((((invasive OR invasion) AND (alien OR exotic OR non-native OR pest* OR disease) AND species) OR ""biological invasion*"" OR (introduc* AND (species OR material))))) AND (que*bec OR canada OR montr*al or Saint-Lawrence or Bas-Saint-Laurent or Saguenay or Lac-Saint-Jean  or Capitale-Nationale or Mauricie or Estrie or Outaouais or Abitibi-T*miscamingue or C*te-Nord or Nord-du-Qu*bec or Gasp*sie–*les-de-la-Madeleine or Chaudi*re-Appalaches or Laval or Lanaudi*re or Laurentides or Mont*r*gie or Centre-du-Qu*bec))"
Climate change,Invasive alien species,"((""climat* change"" OR ""chang* climat*"" OR (""increase* temperature*"" OR ""thermal alteration"" OR ""global warming"") OR (chang* AND precipitation*) OR ((extreme OR severe) AND (weather OR temperature OR precipitation OR climat*)) OR heatwave* OR drought* OR storm* OR flood* OR (UV OR ultraviolet) OR ""sea level rise"" OR ""soil salinization"" OR (""habitat shift*"" AND climate) OR (""habitat alteration"" AND climate) OR ((consumptive OR human OR agricultural) AND ""water stress""))) AND ((((invasive OR invasion) AND (alien OR exotic OR non-native OR pest* OR disease) AND species) OR ""biological invasion*"" OR (introduc* AND (species OR material))))",Species populations,Predatory fish biomass,predator* AND fish* AND (biomass OR abundance),"TS=((predator* AND fish* AND (biomass OR abundance)) AND (((""climat* change"" OR ""chang* climat*"" OR (""increase* temperature*"" OR ""thermal alteration"" OR ""global warming"") OR (chang* AND precipitation*) OR ((extreme OR severe) AND (weather OR temperature OR precipitation OR climat*)) OR heatwave* OR drought* OR storm* OR flood* OR (UV OR ultraviolet) OR ""sea level rise"" OR ""soil salinization"" OR (""habitat shift*"" AND climate) OR (""habitat alteration"" AND climate) OR ((consumptive OR human OR agricultural) AND ""water stress""))) AND ((((invasive OR invasion) AND (alien OR exotic OR non-native OR pest* OR disease) AND species) OR ""biological invasion*"" OR (introduc* AND (species OR material))))) AND (que*bec OR canada OR montr*al or Saint-Lawrence or Bas-Saint-Laurent or Saguenay or Lac-Saint-Jean  or Capitale-Nationale or Mauricie or Estrie or Outaouais or Abitibi-T*miscamingue or C*te-Nord or Nord-du-Qu*bec or Gasp*sie–*les-de-la-Madeleine or Chaudi*re-Appalaches or Laval or Lanaudi*re or Laurentides or Mont*r*gie or Centre-du-Qu*bec))"
Climate change,Invasive alien species,"((""climat* change"" OR ""chang* climat*"" OR (""increase* temperature*"" OR ""thermal alteration"" OR ""global warming"") OR (chang* AND precipitation*) OR ((extreme OR severe) AND (weather OR temperature OR precipitation OR climat*)) OR heatwave* OR drought* OR storm* OR flood* OR (UV OR ultraviolet) OR ""sea level rise"" OR ""soil salinization"" OR (""habitat shift*"" AND climate) OR (""habitat alteration"" AND climate) OR ((consumptive OR human OR agricultural) AND ""water stress""))) AND ((((invasive OR invasion) AND (alien OR exotic OR non-native OR pest* OR disease) AND species) OR ""biological invasion*"" OR (introduc* AND (species OR material))))",Species populations,Prey fish biomass,prey* AND fish* AND (biomass OR abundance),"TS=((prey* AND fish* AND (biomass OR abundance)) AND (((""climat* change"" OR ""chang* climat*"" OR (""increase* temperature*"" OR ""thermal alteration"" OR ""global warming"") OR (chang* AND precipitation*) OR ((extreme OR severe) AND (weather OR temperature OR precipitation OR climat*)) OR heatwave* OR drought* OR storm* OR flood* OR (UV OR ultraviolet) OR ""sea level rise"" OR ""soil salinization"" OR (""habitat shift*"" AND climate) OR (""habitat alteration"" AND climate) OR ((consumptive OR human OR agricultural) AND ""water stress""))) AND ((((invasive OR invasion) AND (alien OR exotic OR non-native OR pest* OR disease) AND species) OR ""biological invasion*"" OR (introduc* AND (species OR material))))) AND (que*bec OR canada OR montr*al or Saint-Lawrence or Bas-Saint-Laurent or Saguenay or Lac-Saint-Jean  or Capitale-Nationale or Mauricie or Estrie or Outaouais or Abitibi-T*miscamingue or C*te-Nord or Nord-du-Qu*bec or Gasp*sie–*les-de-la-Madeleine or Chaudi*re-Appalaches or Laval or Lanaudi*re or Laurentides or Mont*r*gie or Centre-du-Qu*bec))"
Climate change,Invasive alien species,"((""climat* change"" OR ""chang* climat*"" OR (""increase* temperature*"" OR ""thermal alteration"" OR ""global warming"") OR (chang* AND precipitation*) OR ((extreme OR severe) AND (weather OR temperature OR precipitation OR climat*)) OR heatwave* OR drought* OR storm* OR flood* OR (UV OR ultraviolet) OR ""sea level rise"" OR ""soil salinization"" OR (""habitat shift*"" AND climate) OR (""habitat alteration"" AND climate) OR ((consumptive OR human OR agricultural) AND ""water stress""))) AND ((((invasive OR invasion) AND (alien OR exotic OR non-native OR pest* OR disease) AND species) OR ""biological invasion*"" OR (introduc* AND (species OR material))))",Species populations,Proportion of fish stocks within biologically sustainable levels,"fish* AND stock* AND (""sustainab*"" OR safe)","TS=((fish* AND stock* AND (""sustainab*"" OR safe)) AND (((""climat* change"" OR ""chang* climat*"" OR (""increase* temperature*"" OR ""thermal alteration"" OR ""global warming"") OR (chang* AND precipitation*) OR ((extreme OR severe) AND (weather OR temperature OR precipitation OR climat*)) OR heatwave* OR drought* OR storm* OR flood* OR (UV OR ultraviolet) OR ""sea level rise"" OR ""soil salinization"" OR (""habitat shift*"" AND climate) OR (""habitat alteration"" AND climate) OR ((consumptive OR human OR agricultural) AND ""water stress""))) AND ((((invasive OR invasion) AND (alien OR exotic OR non-native OR pest* OR disease) AND species) OR ""biological invasion*"" OR (introduc* AND (species OR material))))) AND (que*bec OR canada OR montr*al or Saint-Lawrence or Bas-Saint-Laurent or Saguenay or Lac-Saint-Jean  or Capitale-Nationale or Mauricie or Estrie or Outaouais or Abitibi-T*miscamingue or C*te-Nord or Nord-du-Qu*bec or Gasp*sie–*les-de-la-Madeleine or Chaudi*re-Appalaches or Laval or Lanaudi*re or Laurentides or Mont*r*gie or Centre-du-Qu*bec))"
Climate change,Invasive alien species,"((""climat* change"" OR ""chang* climat*"" OR (""increase* temperature*"" OR ""thermal alteration"" OR ""global warming"") OR (chang* AND precipitation*) OR ((extreme OR severe) AND (weather OR temperature OR precipitation OR climat*)) OR heatwave* OR drought* OR storm* OR flood* OR (UV OR ultraviolet) OR ""sea level rise"" OR ""soil salinization"" OR (""habitat shift*"" AND climate) OR (""habitat alteration"" AND climate) OR ((consumptive OR human OR agricultural) AND ""water stress""))) AND ((((invasive OR invasion) AND (alien OR exotic OR non-native OR pest* OR disease) AND species) OR ""biological invasion*"" OR (introduc* AND (species OR material))))",Species populations,Red list index,"""red list ind*""","TS=((""red list ind*"") AND (((""climat* change"" OR ""chang* climat*"" OR (""increase* temperature*"" OR ""thermal alteration"" OR ""global warming"") OR (chang* AND precipitation*) OR ((extreme OR severe) AND (weather OR temperature OR precipitation OR climat*)) OR heatwave* OR drought* OR storm* OR flood* OR (UV OR ultraviolet) OR ""sea level rise"" OR ""soil salinization"" OR (""habitat shift*"" AND climate) OR (""habitat alteration"" AND climate) OR ((consumptive OR human OR agricultural) AND ""water stress""))) AND ((((invasive OR invasion) AND (alien OR exotic OR non-native OR pest* OR disease) AND species) OR ""biological invasion*"" OR (introduc* AND (species OR material))))) AND (que*bec OR canada OR montr*al or Saint-Lawrence or Bas-Saint-Laurent or Saguenay or Lac-Saint-Jean  or Capitale-Nationale or Mauricie or Estrie or Outaouais or Abitibi-T*miscamingue or C*te-Nord or Nord-du-Qu*bec or Gasp*sie–*les-de-la-Madeleine or Chaudi*re-Appalaches or Laval or Lanaudi*re or Laurentides or Mont*r*gie or Centre-du-Qu*bec))"
Climate change,Invasive alien species,"((""climat* change"" OR ""chang* climat*"" OR (""increase* temperature*"" OR ""thermal alteration"" OR ""global warming"") OR (chang* AND precipitation*) OR ((extreme OR severe) AND (weather OR temperature OR precipitation OR climat*)) OR heatwave* OR drought* OR storm* OR flood* OR (UV OR ultraviolet) OR ""sea level rise"" OR ""soil salinization"" OR (""habitat shift*"" AND climate) OR (""habitat alteration"" AND climate) OR ((consumptive OR human OR agricultural) AND ""water stress""))) AND ((((invasive OR invasion) AND (alien OR exotic OR non-native OR pest* OR disease) AND species) OR ""biological invasion*"" OR (introduc* AND (species OR material))))",Species populations,Wild bird index,"""wild bird ind*""","TS=((""wild bird ind*"") AND (((""climat* change"" OR ""chang* climat*"" OR (""increase* temperature*"" OR ""thermal alteration"" OR ""global warming"") OR (chang* AND precipitation*) OR ((extreme OR severe) AND (weather OR temperature OR precipitation OR climat*)) OR heatwave* OR drought* OR storm* OR flood* OR (UV OR ultraviolet) OR ""sea level rise"" OR ""soil salinization"" OR (""habitat shift*"" AND climate) OR (""habitat alteration"" AND climate) OR ((consumptive OR human OR agricultural) AND ""water stress""))) AND ((((invasive OR invasion) AND (alien OR exotic OR non-native OR pest* OR disease) AND species) OR ""biological invasion*"" OR (introduc* AND (species OR material))))) AND (que*bec OR canada OR montr*al or Saint-Lawrence or Bas-Saint-Laurent or Saguenay or Lac-Saint-Jean  or Capitale-Nationale or Mauricie or Estrie or Outaouais or Abitibi-T*miscamingue or C*te-Nord or Nord-du-Qu*bec or Gasp*sie–*les-de-la-Madeleine or Chaudi*re-Appalaches or Laval or Lanaudi*re or Laurentides or Mont*r*gie or Centre-du-Qu*bec))"
Climate change,Invasive alien species,"((""climat* change"" OR ""chang* climat*"" OR (""increase* temperature*"" OR ""thermal alteration"" OR ""global warming"") OR (chang* AND precipitation*) OR ((extreme OR severe) AND (weather OR temperature OR precipitation OR climat*)) OR heatwave* OR drought* OR storm* OR flood* OR (UV OR ultraviolet) OR ""sea level rise"" OR ""soil salinization"" OR (""habitat shift*"" AND climate) OR (""habitat alteration"" AND climate) OR ((consumptive OR human OR agricultural) AND ""water stress""))) AND ((((invasive OR invasion) AND (alien OR exotic OR non-native OR pest* OR disease) AND species) OR ""biological invasion*"" OR (introduc* AND (species OR material))))",Species traits,Mean length of fish,"(""mean length*"" OR ""average length*"") AND fish*","TS=(((""mean length*"" OR ""average length*"") AND fish*) AND (((""climat* change"" OR ""chang* climat*"" OR (""increase* temperature*"" OR ""thermal alteration"" OR ""global warming"") OR (chang* AND precipitation*) OR ((extreme OR severe) AND (weather OR temperature OR precipitation OR climat*)) OR heatwave* OR drought* OR storm* OR flood* OR (UV OR ultraviolet) OR ""sea level rise"" OR ""soil salinization"" OR (""habitat shift*"" AND climate) OR (""habitat alteration"" AND climate) OR ((consumptive OR human OR agricultural) AND ""water stress""))) AND ((((invasive OR invasion) AND (alien OR exotic OR non-native OR pest* OR disease) AND species) OR ""biological invasion*"" OR (introduc* AND (species OR material))))) AND (que*bec OR canada OR montr*al or Saint-Lawrence or Bas-Saint-Laurent or Saguenay or Lac-Saint-Jean  or Capitale-Nationale or Mauricie or Estrie or Outaouais or Abitibi-T*miscamingue or C*te-Nord or Nord-du-Qu*bec or Gasp*sie–*les-de-la-Madeleine or Chaudi*re-Appalaches or Laval or Lanaudi*re or Laurentides or Mont*r*gie or Centre-du-Qu*bec))"
Climate change,Invasive alien species,"((""climat* change"" OR ""chang* climat*"" OR (""increase* temperature*"" OR ""thermal alteration"" OR ""global warming"") OR (chang* AND precipitation*) OR ((extreme OR severe) AND (weather OR temperature OR precipitation OR climat*)) OR heatwave* OR drought* OR storm* OR flood* OR (UV OR ultraviolet) OR ""sea level rise"" OR ""soil salinization"" OR (""habitat shift*"" AND climate) OR (""habitat alteration"" AND climate) OR ((consumptive OR human OR agricultural) AND ""water stress""))) AND ((((invasive OR invasion) AND (alien OR exotic OR non-native OR pest* OR disease) AND species) OR ""biological invasion*"" OR (introduc* AND (species OR material))))",Species traits,Proportion of predatory fish,"(proportion OR ratio OR percentage) AND ""predator* fish*""","TS=(((proportion OR ratio OR percentage) AND ""predator* fish*"") AND (((""climat* change"" OR ""chang* climat*"" OR (""increase* temperature*"" OR ""thermal alteration"" OR ""global warming"") OR (chang* AND precipitation*) OR ((extreme OR severe) AND (weather OR temperature OR precipitation OR climat*)) OR heatwave* OR drought* OR storm* OR flood* OR (UV OR ultraviolet) OR ""sea level rise"" OR ""soil salinization"" OR (""habitat shift*"" AND climate) OR (""habitat alteration"" AND climate) OR ((consumptive OR human OR agricultural) AND ""water stress""))) AND ((((invasive OR invasion) AND (alien OR exotic OR non-native OR pest* OR disease) AND species) OR ""biological invasion*"" OR (introduc* AND (species OR material))))) AND (que*bec OR canada OR montr*al or Saint-Lawrence or Bas-Saint-Laurent or Saguenay or Lac-Saint-Jean  or Capitale-Nationale or Mauricie or Estrie or Outaouais or Abitibi-T*miscamingue or C*te-Nord or Nord-du-Qu*bec or Gasp*sie–*les-de-la-Madeleine or Chaudi*re-Appalaches or Laval or Lanaudi*re or Laurentides or Mont*r*gie or Centre-du-Qu*bec))"
Pollution,Invasive alien species,"(((pollut* OR contamin* OR emission* OR spill-over* OR disposal* OR deposition* OR load* OR dump* OR discharge*) OR ((noise OR light OR gas* OR particle* OR particulate* OR nitrogen OR sulphur* OR phosphor* OR waste* OR garbage OR sewage OR pesticide* OR fertilizer* OR nutrient* OR ""oil spill*"" OR metal OR salinization OR salinisation OR acidification OR solid OR plastic OR mercury OR nutrient* OR pollutant*) AND (soil OR water OR ocean OR marine OR atmosphere OR air)) OR ((industrial OR military OR agricultur* OR forest*) AND effluent*))) AND ((((invasive OR invasion) AND (alien OR exotic OR non-native OR pest* OR disease) AND species) OR ""biological invasion*"" OR (introduc* AND (species OR material))))",Community composition,NA,"(((communit* OR assemblage* OR taxonom* OR species) AND (dominance* OR richness OR turnover OR diversit* OR composition OR similarit)) OR (""species interaction"" OR ""biotic interaction*""))","TS=(((((communit* OR assemblage* OR taxonom* OR species) AND (dominance* OR richness OR turnover OR diversit* OR composition OR similarit)) OR (""species interaction"" OR ""biotic interaction*""))) AND ((((pollut* OR contamin* OR emission* OR spill-over* OR disposal* OR deposition* OR load* OR dump* OR discharge*) OR ((noise OR light OR gas* OR particle* OR particulate* OR nitrogen OR sulphur* OR phosphor* OR waste* OR garbage OR sewage OR pesticide* OR fertilizer* OR nutrient* OR ""oil spill*"" OR metal OR salinization OR salinisation OR acidification OR solid OR plastic OR mercury OR nutrient* OR pollutant*) AND (soil OR water OR ocean OR marine OR atmosphere OR air)) OR ((industrial OR military OR agricultur* OR forest*) AND effluent*))) AND ((((invasive OR invasion) AND (alien OR exotic OR non-native OR pest* OR disease) AND species) OR ""biological invasion*"" OR (introduc* AND (species OR material))))) AND (que*bec OR canada OR montr*al or Saint-Lawrence or Bas-Saint-Laurent or Saguenay or Lac-Saint-Jean  or Capitale-Nationale or Mauricie or Estrie or Outaouais or Abitibi-T*miscamingue or C*te-Nord or Nord-du-Qu*bec or Gasp*sie–*les-de-la-Madeleine or Chaudi*re-Appalaches or Laval or Lanaudi*re or Laurentides or Mont*r*gie or Centre-du-Qu*bec))"
Pollution,Invasive alien species,"(((pollut* OR contamin* OR emission* OR spill-over* OR disposal* OR deposition* OR load* OR dump* OR discharge*) OR ((noise OR light OR gas* OR particle* OR particulate* OR nitrogen OR sulphur* OR phosphor* OR waste* OR garbage OR sewage OR pesticide* OR fertilizer* OR nutrient* OR ""oil spill*"" OR metal OR salinization OR salinisation OR acidification OR solid OR plastic OR mercury OR nutrient* OR pollutant*) AND (soil OR water OR ocean OR marine OR atmosphere OR air)) OR ((industrial OR military OR agricultur* OR forest*) AND effluent*))) AND ((((invasive OR invasion) AND (alien OR exotic OR non-native OR pest* OR disease) AND species) OR ""biological invasion*"" OR (introduc* AND (species OR material))))",Ecosystem function,NA,"(""ecosystem function"" OR ""net primary productivity"" OR ""secondary productivity"" OR ""nutrient retention"" OR ""disturbance regime"" OR ""carbon sequestration"")","TS=(((""ecosystem function"" OR ""net primary productivity"" OR ""secondary productivity"" OR ""nutrient retention"" OR ""disturbance regime"" OR ""carbon sequestration"")) AND ((((pollut* OR contamin* OR emission* OR spill-over* OR disposal* OR deposition* OR load* OR dump* OR discharge*) OR ((noise OR light OR gas* OR particle* OR particulate* OR nitrogen OR sulphur* OR phosphor* OR waste* OR garbage OR sewage OR pesticide* OR fertilizer* OR nutrient* OR ""oil spill*"" OR metal OR salinization OR salinisation OR acidification OR solid OR plastic OR mercury OR nutrient* OR pollutant*) AND (soil OR water OR ocean OR marine OR atmosphere OR air)) OR ((industrial OR military OR agricultur* OR forest*) AND effluent*))) AND ((((invasive OR invasion) AND (alien OR exotic OR non-native OR pest* OR disease) AND species) OR ""biological invasion*"" OR (introduc* AND (species OR material))))) AND (que*bec OR canada OR montr*al or Saint-Lawrence or Bas-Saint-Laurent or Saguenay or Lac-Saint-Jean  or Capitale-Nationale or Mauricie or Estrie or Outaouais or Abitibi-T*miscamingue or C*te-Nord or Nord-du-Qu*bec or Gasp*sie–*les-de-la-Madeleine or Chaudi*re-Appalaches or Laval or Lanaudi*re or Laurentides or Mont*r*gie or Centre-du-Qu*bec))"
Pollution,Invasive alien species,"(((pollut* OR contamin* OR emission* OR spill-over* OR disposal* OR deposition* OR load* OR dump* OR discharge*) OR ((noise OR light OR gas* OR particle* OR particulate* OR nitrogen OR sulphur* OR phosphor* OR waste* OR garbage OR sewage OR pesticide* OR fertilizer* OR nutrient* OR ""oil spill*"" OR metal OR salinization OR salinisation OR acidification OR solid OR plastic OR mercury OR nutrient* OR pollutant*) AND (soil OR water OR ocean OR marine OR atmosphere OR air)) OR ((industrial OR military OR agricultur* OR forest*) AND effluent*))) AND ((((invasive OR invasion) AND (alien OR exotic OR non-native OR pest* OR disease) AND species) OR ""biological invasion*"" OR (introduc* AND (species OR material))))",Ecosystem structure,NA,"(""ecosystem* structure"" OR ""habitat structure"" OR ((ecosystem OR habitat*) AND ((extent OR area OR coverage OR proportion) AND fragmentation)) OR ((ecosystem OR landscape) AND composition AND ""functional type""))","TS=(((""ecosystem* structure"" OR ""habitat structure"" OR ((ecosystem OR habitat*) AND ((extent OR area OR coverage OR proportion) AND fragmentation)) OR ((ecosystem OR landscape) AND composition AND ""functional type""))) AND ((((pollut* OR contamin* OR emission* OR spill-over* OR disposal* OR deposition* OR load* OR dump* OR discharge*) OR ((noise OR light OR gas* OR particle* OR particulate* OR nitrogen OR sulphur* OR phosphor* OR waste* OR garbage OR sewage OR pesticide* OR fertilizer* OR nutrient* OR ""oil spill*"" OR metal OR salinization OR salinisation OR acidification OR solid OR plastic OR mercury OR nutrient* OR pollutant*) AND (soil OR water OR ocean OR marine OR atmosphere OR air)) OR ((industrial OR military OR agricultur* OR forest*) AND effluent*))) AND ((((invasive OR invasion) AND (alien OR exotic OR non-native OR pest* OR disease) AND species) OR ""biological invasion*"" OR (introduc* AND (species OR material))))) AND (que*bec OR canada OR montr*al or Saint-Lawrence or Bas-Saint-Laurent or Saguenay or Lac-Saint-Jean  or Capitale-Nationale or Mauricie or Estrie or Outaouais or Abitibi-T*miscamingue or C*te-Nord or Nord-du-Qu*bec or Gasp*sie–*les-de-la-Madeleine or Chaudi*re-Appalaches or Laval or Lanaudi*re or Laurentides or Mont*r*gie or Centre-du-Qu*bec))"
Pollution,Invasive alien species,"(((pollut* OR contamin* OR emission* OR spill-over* OR disposal* OR deposition* OR load* OR dump* OR discharge*) OR ((noise OR light OR gas* OR particle* OR particulate* OR nitrogen OR sulphur* OR phosphor* OR waste* OR garbage OR sewage OR pesticide* OR fertilizer* OR nutrient* OR ""oil spill*"" OR metal OR salinization OR salinisation OR acidification OR solid OR plastic OR mercury OR nutrient* OR pollutant*) AND (soil OR water OR ocean OR marine OR atmosphere OR air)) OR ((industrial OR military OR agricultur* OR forest*) AND effluent*))) AND ((((invasive OR invasion) AND (alien OR exotic OR non-native OR pest* OR disease) AND species) OR ""biological invasion*"" OR (introduc* AND (species OR material))))",Genetic composition,NA,"(""genetic* composition"" OR (co-ancestr* OR coancestr) OR ""allel diversit"" OR ""phylogenetic diversit"" OR (""population diversit"" OR (population AND ""genetic differen"")) OR ((breed OR variet) AND diversit) OR ""intra-specific diversit"" OR ""genetic diversit"" OR ""genetic variation"")","TS=(((""genetic* composition"" OR (co-ancestr* OR coancestr) OR ""allel diversit"" OR ""phylogenetic diversit"" OR (""population diversit"" OR (population AND ""genetic differen"")) OR ((breed OR variet) AND diversit) OR ""intra-specific diversit"" OR ""genetic diversit"" OR ""genetic variation"")) AND ((((pollut* OR contamin* OR emission* OR spill-over* OR disposal* OR deposition* OR load* OR dump* OR discharge*) OR ((noise OR light OR gas* OR particle* OR particulate* OR nitrogen OR sulphur* OR phosphor* OR waste* OR garbage OR sewage OR pesticide* OR fertilizer* OR nutrient* OR ""oil spill*"" OR metal OR salinization OR salinisation OR acidification OR solid OR plastic OR mercury OR nutrient* OR pollutant*) AND (soil OR water OR ocean OR marine OR atmosphere OR air)) OR ((industrial OR military OR agricultur* OR forest*) AND effluent*))) AND ((((invasive OR invasion) AND (alien OR exotic OR non-native OR pest* OR disease) AND species) OR ""biological invasion*"" OR (introduc* AND (species OR material))))) AND (que*bec OR canada OR montr*al or Saint-Lawrence or Bas-Saint-Laurent or Saguenay or Lac-Saint-Jean  or Capitale-Nationale or Mauricie or Estrie or Outaouais or Abitibi-T*miscamingue or C*te-Nord or Nord-du-Qu*bec or Gasp*sie–*les-de-la-Madeleine or Chaudi*re-Appalaches or Laval or Lanaudi*re or Laurentides or Mont*r*gie or Centre-du-Qu*bec))"
Pollution,Invasive alien species,"(((pollut* OR contamin* OR emission* OR spill-over* OR disposal* OR deposition* OR load* OR dump* OR discharge*) OR ((noise OR light OR gas* OR particle* OR particulate* OR nitrogen OR sulphur* OR phosphor* OR waste* OR garbage OR sewage OR pesticide* OR fertilizer* OR nutrient* OR ""oil spill*"" OR metal OR salinization OR salinisation OR acidification OR solid OR plastic OR mercury OR nutrient* OR pollutant*) AND (soil OR water OR ocean OR marine OR atmosphere OR air)) OR ((industrial OR military OR agricultur* OR forest*) AND effluent*))) AND ((((invasive OR invasion) AND (alien OR exotic OR non-native OR pest* OR disease) AND species) OR ""biological invasion*"" OR (introduc* AND (species OR material))))",Species populations,NA,(species OR population) AND ((distribution OR range) OR (abundance OR size* OR densit* OR demograph* OR dynamic* OR reproduct* OR surviv* OR growth OR persistence OR viab*) OR (structure AND (age OR size))),"TS=(((species OR population) AND ((distribution OR range) OR (abundance OR size* OR densit* OR demograph* OR dynamic* OR reproduct* OR surviv* OR growth OR persistence OR viab*) OR (structure AND (age OR size)))) AND ((((pollut* OR contamin* OR emission* OR spill-over* OR disposal* OR deposition* OR load* OR dump* OR discharge*) OR ((noise OR light OR gas* OR particle* OR particulate* OR nitrogen OR sulphur* OR phosphor* OR waste* OR garbage OR sewage OR pesticide* OR fertilizer* OR nutrient* OR ""oil spill*"" OR metal OR salinization OR salinisation OR acidification OR solid OR plastic OR mercury OR nutrient* OR pollutant*) AND (soil OR water OR ocean OR marine OR atmosphere OR air)) OR ((industrial OR military OR agricultur* OR forest*) AND effluent*))) AND ((((invasive OR invasion) AND (alien OR exotic OR non-native OR pest* OR disease) AND species) OR ""biological invasion*"" OR (introduc* AND (species OR material))))) AND (que*bec OR canada OR montr*al or Saint-Lawrence or Bas-Saint-Laurent or Saguenay or Lac-Saint-Jean  or Capitale-Nationale or Mauricie or Estrie or Outaouais or Abitibi-T*miscamingue or C*te-Nord or Nord-du-Qu*bec or Gasp*sie–*les-de-la-Madeleine or Chaudi*re-Appalaches or Laval or Lanaudi*re or Laurentides or Mont*r*gie or Centre-du-Qu*bec))"
Pollution,Invasive alien species,"(((pollut* OR contamin* OR emission* OR spill-over* OR disposal* OR deposition* OR load* OR dump* OR discharge*) OR ((noise OR light OR gas* OR particle* OR particulate* OR nitrogen OR sulphur* OR phosphor* OR waste* OR garbage OR sewage OR pesticide* OR fertilizer* OR nutrient* OR ""oil spill*"" OR metal OR salinization OR salinisation OR acidification OR solid OR plastic OR mercury OR nutrient* OR pollutant*) AND (soil OR water OR ocean OR marine OR atmosphere OR air)) OR ((industrial OR military OR agricultur* OR forest*) AND effluent*))) AND ((((invasive OR invasion) AND (alien OR exotic OR non-native OR pest* OR disease) AND species) OR ""biological invasion*"" OR (introduc* AND (species OR material))))",Species traits,NA,"((""ecological trait"" OR ""biological trait"" OR ""species trait"") OR (""body mass"" OR ""body size"") OR ""natal dispers"" OR ((migrat* OR dispers* OR demograph* OR physiolog* OR life-history* OR phenolog) AND (trait OR behav* OR attribute OR feature)))","TS=((((""ecological trait"" OR ""biological trait"" OR ""species trait"") OR (""body mass"" OR ""body size"") OR ""natal dispers"" OR ((migrat* OR dispers* OR demograph* OR physiolog* OR life-history* OR phenolog) AND (trait OR behav* OR attribute OR feature)))) AND ((((pollut* OR contamin* OR emission* OR spill-over* OR disposal* OR deposition* OR load* OR dump* OR discharge*) OR ((noise OR light OR gas* OR particle* OR particulate* OR nitrogen OR sulphur* OR phosphor* OR waste* OR garbage OR sewage OR pesticide* OR fertilizer* OR nutrient* OR ""oil spill*"" OR metal OR salinization OR salinisation OR acidification OR solid OR plastic OR mercury OR nutrient* OR pollutant*) AND (soil OR water OR ocean OR marine OR atmosphere OR air)) OR ((industrial OR military OR agricultur* OR forest*) AND effluent*))) AND ((((invasive OR invasion) AND (alien OR exotic OR non-native OR pest* OR disease) AND species) OR ""biological invasion*"" OR (introduc* AND (species OR material))))) AND (que*bec OR canada OR montr*al or Saint-Lawrence or Bas-Saint-Laurent or Saguenay or Lac-Saint-Jean  or Capitale-Nationale or Mauricie or Estrie or Outaouais or Abitibi-T*miscamingue or C*te-Nord or Nord-du-Qu*bec or Gasp*sie–*les-de-la-Madeleine or Chaudi*re-Appalaches or Laval or Lanaudi*re or Laurentides or Mont*r*gie or Centre-du-Qu*bec))"
Pollution,Invasive alien species,"(((pollut* OR contamin* OR emission* OR spill-over* OR disposal* OR deposition* OR load* OR dump* OR discharge*) OR ((noise OR light OR gas* OR particle* OR particulate* OR nitrogen OR sulphur* OR phosphor* OR waste* OR garbage OR sewage OR pesticide* OR fertilizer* OR nutrient* OR ""oil spill*"" OR metal OR salinization OR salinisation OR acidification OR solid OR plastic OR mercury OR nutrient* OR pollutant*) AND (soil OR water OR ocean OR marine OR atmosphere OR air)) OR ((industrial OR military OR agricultur* OR forest*) AND effluent*))) AND ((((invasive OR invasion) AND (alien OR exotic OR non-native OR pest* OR disease) AND species) OR ""biological invasion*"" OR (introduc* AND (species OR material))))",Community composition,Global bird species richness,"(global OR world*) AND bird* AND ""species richness""","TS=(((global OR world*) AND bird* AND ""species richness"") AND ((((pollut* OR contamin* OR emission* OR spill-over* OR disposal* OR deposition* OR load* OR dump* OR discharge*) OR ((noise OR light OR gas* OR particle* OR particulate* OR nitrogen OR sulphur* OR phosphor* OR waste* OR garbage OR sewage OR pesticide* OR fertilizer* OR nutrient* OR ""oil spill*"" OR metal OR salinization OR salinisation OR acidification OR solid OR plastic OR mercury OR nutrient* OR pollutant*) AND (soil OR water OR ocean OR marine OR atmosphere OR air)) OR ((industrial OR military OR agricultur* OR forest*) AND effluent*))) AND ((((invasive OR invasion) AND (alien OR exotic OR non-native OR pest* OR disease) AND species) OR ""biological invasion*"" OR (introduc* AND (species OR material))))) AND (que*bec OR canada OR montr*al or Saint-Lawrence or Bas-Saint-Laurent or Saguenay or Lac-Saint-Jean  or Capitale-Nationale or Mauricie or Estrie or Outaouais or Abitibi-T*miscamingue or C*te-Nord or Nord-du-Qu*bec or Gasp*sie–*les-de-la-Madeleine or Chaudi*re-Appalaches or Laval or Lanaudi*re or Laurentides or Mont*r*gie or Centre-du-Qu*bec))"
Pollution,Invasive alien species,"(((pollut* OR contamin* OR emission* OR spill-over* OR disposal* OR deposition* OR load* OR dump* OR discharge*) OR ((noise OR light OR gas* OR particle* OR particulate* OR nitrogen OR sulphur* OR phosphor* OR waste* OR garbage OR sewage OR pesticide* OR fertilizer* OR nutrient* OR ""oil spill*"" OR metal OR salinization OR salinisation OR acidification OR solid OR plastic OR mercury OR nutrient* OR pollutant*) AND (soil OR water OR ocean OR marine OR atmosphere OR air)) OR ((industrial OR military OR agricultur* OR forest*) AND effluent*))) AND ((((invasive OR invasion) AND (alien OR exotic OR non-native OR pest* OR disease) AND species) OR ""biological invasion*"" OR (introduc* AND (species OR material))))",Community composition,Local species richness,"((species OR assemblage*) AND (richness OR diversit*) AND (local OR location* OR sample*)) AND (global OR world*) AND (""time series"" OR ""time-series"" OR temporal)","TS=((((species OR assemblage*) AND (richness OR diversit*) AND (local OR location* OR sample*)) AND (global OR world*) AND (""time series"" OR ""time-series"" OR temporal)) AND ((((pollut* OR contamin* OR emission* OR spill-over* OR disposal* OR deposition* OR load* OR dump* OR discharge*) OR ((noise OR light OR gas* OR particle* OR particulate* OR nitrogen OR sulphur* OR phosphor* OR waste* OR garbage OR sewage OR pesticide* OR fertilizer* OR nutrient* OR ""oil spill*"" OR metal OR salinization OR salinisation OR acidification OR solid OR plastic OR mercury OR nutrient* OR pollutant*) AND (soil OR water OR ocean OR marine OR atmosphere OR air)) OR ((industrial OR military OR agricultur* OR forest*) AND effluent*))) AND ((((invasive OR invasion) AND (alien OR exotic OR non-native OR pest* OR disease) AND species) OR ""biological invasion*"" OR (introduc* AND (species OR material))))) AND (que*bec OR canada OR montr*al or Saint-Lawrence or Bas-Saint-Laurent or Saguenay or Lac-Saint-Jean  or Capitale-Nationale or Mauricie or Estrie or Outaouais or Abitibi-T*miscamingue or C*te-Nord or Nord-du-Qu*bec or Gasp*sie–*les-de-la-Madeleine or Chaudi*re-Appalaches or Laval or Lanaudi*re or Laurentides or Mont*r*gie or Centre-du-Qu*bec))"
Pollution,Invasive alien species,"(((pollut* OR contamin* OR emission* OR spill-over* OR disposal* OR deposition* OR load* OR dump* OR discharge*) OR ((noise OR light OR gas* OR particle* OR particulate* OR nitrogen OR sulphur* OR phosphor* OR waste* OR garbage OR sewage OR pesticide* OR fertilizer* OR nutrient* OR ""oil spill*"" OR metal OR salinization OR salinisation OR acidification OR solid OR plastic OR mercury OR nutrient* OR pollutant*) AND (soil OR water OR ocean OR marine OR atmosphere OR air)) OR ((industrial OR military OR agricultur* OR forest*) AND effluent*))) AND ((((invasive OR invasion) AND (alien OR exotic OR non-native OR pest* OR disease) AND species) OR ""biological invasion*"" OR (introduc* AND (species OR material))))",Community composition,Local species turnover,"((species OR assemblage*) AND (turnover OR (composition* AND (change OR similarit*))) AND (local OR location* OR sample*)) AND (global OR world*) AND (""time series"" OR ""time-series"" OR temporal)","TS=((((species OR assemblage*) AND (turnover OR (composition* AND (change OR similarit*))) AND (local OR location* OR sample*)) AND (global OR world*) AND (""time series"" OR ""time-series"" OR temporal)) AND ((((pollut* OR contamin* OR emission* OR spill-over* OR disposal* OR deposition* OR load* OR dump* OR discharge*) OR ((noise OR light OR gas* OR particle* OR particulate* OR nitrogen OR sulphur* OR phosphor* OR waste* OR garbage OR sewage OR pesticide* OR fertilizer* OR nutrient* OR ""oil spill*"" OR metal OR salinization OR salinisation OR acidification OR solid OR plastic OR mercury OR nutrient* OR pollutant*) AND (soil OR water OR ocean OR marine OR atmosphere OR air)) OR ((industrial OR military OR agricultur* OR forest*) AND effluent*))) AND ((((invasive OR invasion) AND (alien OR exotic OR non-native OR pest* OR disease) AND species) OR ""biological invasion*"" OR (introduc* AND (species OR material))))) AND (que*bec OR canada OR montr*al or Saint-Lawrence or Bas-Saint-Laurent or Saguenay or Lac-Saint-Jean  or Capitale-Nationale or Mauricie or Estrie or Outaouais or Abitibi-T*miscamingue or C*te-Nord or Nord-du-Qu*bec or Gasp*sie–*les-de-la-Madeleine or Chaudi*re-Appalaches or Laval or Lanaudi*re or Laurentides or Mont*r*gie or Centre-du-Qu*bec))"
Pollution,Invasive alien species,"(((pollut* OR contamin* OR emission* OR spill-over* OR disposal* OR deposition* OR load* OR dump* OR discharge*) OR ((noise OR light OR gas* OR particle* OR particulate* OR nitrogen OR sulphur* OR phosphor* OR waste* OR garbage OR sewage OR pesticide* OR fertilizer* OR nutrient* OR ""oil spill*"" OR metal OR salinization OR salinisation OR acidification OR solid OR plastic OR mercury OR nutrient* OR pollutant*) AND (soil OR water OR ocean OR marine OR atmosphere OR air)) OR ((industrial OR military OR agricultur* OR forest*) AND effluent*))) AND ((((invasive OR invasion) AND (alien OR exotic OR non-native OR pest* OR disease) AND species) OR ""biological invasion*"" OR (introduc* AND (species OR material))))",Community composition,Mean species abundance,"""mean species abundance"" OR GLOBIO","TS=((""mean species abundance"" OR GLOBIO) AND ((((pollut* OR contamin* OR emission* OR spill-over* OR disposal* OR deposition* OR load* OR dump* OR discharge*) OR ((noise OR light OR gas* OR particle* OR particulate* OR nitrogen OR sulphur* OR phosphor* OR waste* OR garbage OR sewage OR pesticide* OR fertilizer* OR nutrient* OR ""oil spill*"" OR metal OR salinization OR salinisation OR acidification OR solid OR plastic OR mercury OR nutrient* OR pollutant*) AND (soil OR water OR ocean OR marine OR atmosphere OR air)) OR ((industrial OR military OR agricultur* OR forest*) AND effluent*))) AND ((((invasive OR invasion) AND (alien OR exotic OR non-native OR pest* OR disease) AND species) OR ""biological invasion*"" OR (introduc* AND (species OR material))))) AND (que*bec OR canada OR montr*al or Saint-Lawrence or Bas-Saint-Laurent or Saguenay or Lac-Saint-Jean  or Capitale-Nationale or Mauricie or Estrie or Outaouais or Abitibi-T*miscamingue or C*te-Nord or Nord-du-Qu*bec or Gasp*sie–*les-de-la-Madeleine or Chaudi*re-Appalaches or Laval or Lanaudi*re or Laurentides or Mont*r*gie or Centre-du-Qu*bec))"
Pollution,Invasive alien species,"(((pollut* OR contamin* OR emission* OR spill-over* OR disposal* OR deposition* OR load* OR dump* OR discharge*) OR ((noise OR light OR gas* OR particle* OR particulate* OR nitrogen OR sulphur* OR phosphor* OR waste* OR garbage OR sewage OR pesticide* OR fertilizer* OR nutrient* OR ""oil spill*"" OR metal OR salinization OR salinisation OR acidification OR solid OR plastic OR mercury OR nutrient* OR pollutant*) AND (soil OR water OR ocean OR marine OR atmosphere OR air)) OR ((industrial OR military OR agricultur* OR forest*) AND effluent*))) AND ((((invasive OR invasion) AND (alien OR exotic OR non-native OR pest* OR disease) AND species) OR ""biological invasion*"" OR (introduc* AND (species OR material))))",Ecosystem function,Net primary productivity,"""net primary product*""","TS=((""net primary product*"") AND ((((pollut* OR contamin* OR emission* OR spill-over* OR disposal* OR deposition* OR load* OR dump* OR discharge*) OR ((noise OR light OR gas* OR particle* OR particulate* OR nitrogen OR sulphur* OR phosphor* OR waste* OR garbage OR sewage OR pesticide* OR fertilizer* OR nutrient* OR ""oil spill*"" OR metal OR salinization OR salinisation OR acidification OR solid OR plastic OR mercury OR nutrient* OR pollutant*) AND (soil OR water OR ocean OR marine OR atmosphere OR air)) OR ((industrial OR military OR agricultur* OR forest*) AND effluent*))) AND ((((invasive OR invasion) AND (alien OR exotic OR non-native OR pest* OR disease) AND species) OR ""biological invasion*"" OR (introduc* AND (species OR material))))) AND (que*bec OR canada OR montr*al or Saint-Lawrence or Bas-Saint-Laurent or Saguenay or Lac-Saint-Jean  or Capitale-Nationale or Mauricie or Estrie or Outaouais or Abitibi-T*miscamingue or C*te-Nord or Nord-du-Qu*bec or Gasp*sie–*les-de-la-Madeleine or Chaudi*re-Appalaches or Laval or Lanaudi*re or Laurentides or Mont*r*gie or Centre-du-Qu*bec))"
Pollution,Invasive alien species,"(((pollut* OR contamin* OR emission* OR spill-over* OR disposal* OR deposition* OR load* OR dump* OR discharge*) OR ((noise OR light OR gas* OR particle* OR particulate* OR nitrogen OR sulphur* OR phosphor* OR waste* OR garbage OR sewage OR pesticide* OR fertilizer* OR nutrient* OR ""oil spill*"" OR metal OR salinization OR salinisation OR acidification OR solid OR plastic OR mercury OR nutrient* OR pollutant*) AND (soil OR water OR ocean OR marine OR atmosphere OR air)) OR ((industrial OR military OR agricultur* OR forest*) AND effluent*))) AND ((((invasive OR invasion) AND (alien OR exotic OR non-native OR pest* OR disease) AND species) OR ""biological invasion*"" OR (introduc* AND (species OR material))))",Ecosystem structure,Area of mangrove forest cover,(extent OR area OR cover* OR proportion OR percentage OR land OR landscape) AND mangrove* AND forest*,"TS=(((extent OR area OR cover* OR proportion OR percentage OR land OR landscape) AND mangrove* AND forest*) AND ((((pollut* OR contamin* OR emission* OR spill-over* OR disposal* OR deposition* OR load* OR dump* OR discharge*) OR ((noise OR light OR gas* OR particle* OR particulate* OR nitrogen OR sulphur* OR phosphor* OR waste* OR garbage OR sewage OR pesticide* OR fertilizer* OR nutrient* OR ""oil spill*"" OR metal OR salinization OR salinisation OR acidification OR solid OR plastic OR mercury OR nutrient* OR pollutant*) AND (soil OR water OR ocean OR marine OR atmosphere OR air)) OR ((industrial OR military OR agricultur* OR forest*) AND effluent*))) AND ((((invasive OR invasion) AND (alien OR exotic OR non-native OR pest* OR disease) AND species) OR ""biological invasion*"" OR (introduc* AND (species OR material))))) AND (que*bec OR canada OR montr*al or Saint-Lawrence or Bas-Saint-Laurent or Saguenay or Lac-Saint-Jean  or Capitale-Nationale or Mauricie or Estrie or Outaouais or Abitibi-T*miscamingue or C*te-Nord or Nord-du-Qu*bec or Gasp*sie–*les-de-la-Madeleine or Chaudi*re-Appalaches or Laval or Lanaudi*re or Laurentides or Mont*r*gie or Centre-du-Qu*bec))"
Pollution,Invasive alien species,"(((pollut* OR contamin* OR emission* OR spill-over* OR disposal* OR deposition* OR load* OR dump* OR discharge*) OR ((noise OR light OR gas* OR particle* OR particulate* OR nitrogen OR sulphur* OR phosphor* OR waste* OR garbage OR sewage OR pesticide* OR fertilizer* OR nutrient* OR ""oil spill*"" OR metal OR salinization OR salinisation OR acidification OR solid OR plastic OR mercury OR nutrient* OR pollutant*) AND (soil OR water OR ocean OR marine OR atmosphere OR air)) OR ((industrial OR military OR agricultur* OR forest*) AND effluent*))) AND ((((invasive OR invasion) AND (alien OR exotic OR non-native OR pest* OR disease) AND species) OR ""biological invasion*"" OR (introduc* AND (species OR material))))",Ecosystem structure,Extent of intact forest landscapes,(extent OR area OR cover* OR proportion OR percentage OR land OR landscape) AND intact* AND forest*,"TS=(((extent OR area OR cover* OR proportion OR percentage OR land OR landscape) AND intact* AND forest*) AND ((((pollut* OR contamin* OR emission* OR spill-over* OR disposal* OR deposition* OR load* OR dump* OR discharge*) OR ((noise OR light OR gas* OR particle* OR particulate* OR nitrogen OR sulphur* OR phosphor* OR waste* OR garbage OR sewage OR pesticide* OR fertilizer* OR nutrient* OR ""oil spill*"" OR metal OR salinization OR salinisation OR acidification OR solid OR plastic OR mercury OR nutrient* OR pollutant*) AND (soil OR water OR ocean OR marine OR atmosphere OR air)) OR ((industrial OR military OR agricultur* OR forest*) AND effluent*))) AND ((((invasive OR invasion) AND (alien OR exotic OR non-native OR pest* OR disease) AND species) OR ""biological invasion*"" OR (introduc* AND (species OR material))))) AND (que*bec OR canada OR montr*al or Saint-Lawrence or Bas-Saint-Laurent or Saguenay or Lac-Saint-Jean  or Capitale-Nationale or Mauricie or Estrie or Outaouais or Abitibi-T*miscamingue or C*te-Nord or Nord-du-Qu*bec or Gasp*sie–*les-de-la-Madeleine or Chaudi*re-Appalaches or Laval or Lanaudi*re or Laurentides or Mont*r*gie or Centre-du-Qu*bec))"
Pollution,Invasive alien species,"(((pollut* OR contamin* OR emission* OR spill-over* OR disposal* OR deposition* OR load* OR dump* OR discharge*) OR ((noise OR light OR gas* OR particle* OR particulate* OR nitrogen OR sulphur* OR phosphor* OR waste* OR garbage OR sewage OR pesticide* OR fertilizer* OR nutrient* OR ""oil spill*"" OR metal OR salinization OR salinisation OR acidification OR solid OR plastic OR mercury OR nutrient* OR pollutant*) AND (soil OR water OR ocean OR marine OR atmosphere OR air)) OR ((industrial OR military OR agricultur* OR forest*) AND effluent*))) AND ((((invasive OR invasion) AND (alien OR exotic OR non-native OR pest* OR disease) AND species) OR ""biological invasion*"" OR (introduc* AND (species OR material))))",Ecosystem structure,Extent of remaining primary vegetation,(extent OR area OR cover* OR proportion OR percentage) AND (primary OR natural) AND vegetation,"TS=(((extent OR area OR cover* OR proportion OR percentage) AND (primary OR natural) AND vegetation) AND ((((pollut* OR contamin* OR emission* OR spill-over* OR disposal* OR deposition* OR load* OR dump* OR discharge*) OR ((noise OR light OR gas* OR particle* OR particulate* OR nitrogen OR sulphur* OR phosphor* OR waste* OR garbage OR sewage OR pesticide* OR fertilizer* OR nutrient* OR ""oil spill*"" OR metal OR salinization OR salinisation OR acidification OR solid OR plastic OR mercury OR nutrient* OR pollutant*) AND (soil OR water OR ocean OR marine OR atmosphere OR air)) OR ((industrial OR military OR agricultur* OR forest*) AND effluent*))) AND ((((invasive OR invasion) AND (alien OR exotic OR non-native OR pest* OR disease) AND species) OR ""biological invasion*"" OR (introduc* AND (species OR material))))) AND (que*bec OR canada OR montr*al or Saint-Lawrence or Bas-Saint-Laurent or Saguenay or Lac-Saint-Jean  or Capitale-Nationale or Mauricie or Estrie or Outaouais or Abitibi-T*miscamingue or C*te-Nord or Nord-du-Qu*bec or Gasp*sie–*les-de-la-Madeleine or Chaudi*re-Appalaches or Laval or Lanaudi*re or Laurentides or Mont*r*gie or Centre-du-Qu*bec))"
Pollution,Invasive alien species,"(((pollut* OR contamin* OR emission* OR spill-over* OR disposal* OR deposition* OR load* OR dump* OR discharge*) OR ((noise OR light OR gas* OR particle* OR particulate* OR nitrogen OR sulphur* OR phosphor* OR waste* OR garbage OR sewage OR pesticide* OR fertilizer* OR nutrient* OR ""oil spill*"" OR metal OR salinization OR salinisation OR acidification OR solid OR plastic OR mercury OR nutrient* OR pollutant*) AND (soil OR water OR ocean OR marine OR atmosphere OR air)) OR ((industrial OR military OR agricultur* OR forest*) AND effluent*))) AND ((((invasive OR invasion) AND (alien OR exotic OR non-native OR pest* OR disease) AND species) OR ""biological invasion*"" OR (introduc* AND (species OR material))))",Ecosystem structure,Extent of remaining wilderness,(extent OR area OR cover* OR proportion OR percentage OR land OR landscape) AND wilderness*,"TS=(((extent OR area OR cover* OR proportion OR percentage OR land OR landscape) AND wilderness*) AND ((((pollut* OR contamin* OR emission* OR spill-over* OR disposal* OR deposition* OR load* OR dump* OR discharge*) OR ((noise OR light OR gas* OR particle* OR particulate* OR nitrogen OR sulphur* OR phosphor* OR waste* OR garbage OR sewage OR pesticide* OR fertilizer* OR nutrient* OR ""oil spill*"" OR metal OR salinization OR salinisation OR acidification OR solid OR plastic OR mercury OR nutrient* OR pollutant*) AND (soil OR water OR ocean OR marine OR atmosphere OR air)) OR ((industrial OR military OR agricultur* OR forest*) AND effluent*))) AND ((((invasive OR invasion) AND (alien OR exotic OR non-native OR pest* OR disease) AND species) OR ""biological invasion*"" OR (introduc* AND (species OR material))))) AND (que*bec OR canada OR montr*al or Saint-Lawrence or Bas-Saint-Laurent or Saguenay or Lac-Saint-Jean  or Capitale-Nationale or Mauricie or Estrie or Outaouais or Abitibi-T*miscamingue or C*te-Nord or Nord-du-Qu*bec or Gasp*sie–*les-de-la-Madeleine or Chaudi*re-Appalaches or Laval or Lanaudi*re or Laurentides or Mont*r*gie or Centre-du-Qu*bec))"
Pollution,Invasive alien species,"(((pollut* OR contamin* OR emission* OR spill-over* OR disposal* OR deposition* OR load* OR dump* OR discharge*) OR ((noise OR light OR gas* OR particle* OR particulate* OR nitrogen OR sulphur* OR phosphor* OR waste* OR garbage OR sewage OR pesticide* OR fertilizer* OR nutrient* OR ""oil spill*"" OR metal OR salinization OR salinisation OR acidification OR solid OR plastic OR mercury OR nutrient* OR pollutant*) AND (soil OR water OR ocean OR marine OR atmosphere OR air)) OR ((industrial OR military OR agricultur* OR forest*) AND effluent*))) AND ((((invasive OR invasion) AND (alien OR exotic OR non-native OR pest* OR disease) AND species) OR ""biological invasion*"" OR (introduc* AND (species OR material))))",Ecosystem structure,Leaf area index,"""leaf area ind*""","TS=((""leaf area ind*"") AND ((((pollut* OR contamin* OR emission* OR spill-over* OR disposal* OR deposition* OR load* OR dump* OR discharge*) OR ((noise OR light OR gas* OR particle* OR particulate* OR nitrogen OR sulphur* OR phosphor* OR waste* OR garbage OR sewage OR pesticide* OR fertilizer* OR nutrient* OR ""oil spill*"" OR metal OR salinization OR salinisation OR acidification OR solid OR plastic OR mercury OR nutrient* OR pollutant*) AND (soil OR water OR ocean OR marine OR atmosphere OR air)) OR ((industrial OR military OR agricultur* OR forest*) AND effluent*))) AND ((((invasive OR invasion) AND (alien OR exotic OR non-native OR pest* OR disease) AND species) OR ""biological invasion*"" OR (introduc* AND (species OR material))))) AND (que*bec OR canada OR montr*al or Saint-Lawrence or Bas-Saint-Laurent or Saguenay or Lac-Saint-Jean  or Capitale-Nationale or Mauricie or Estrie or Outaouais or Abitibi-T*miscamingue or C*te-Nord or Nord-du-Qu*bec or Gasp*sie–*les-de-la-Madeleine or Chaudi*re-Appalaches or Laval or Lanaudi*re or Laurentides or Mont*r*gie or Centre-du-Qu*bec))"
Pollution,Invasive alien species,"(((pollut* OR contamin* OR emission* OR spill-over* OR disposal* OR deposition* OR load* OR dump* OR discharge*) OR ((noise OR light OR gas* OR particle* OR particulate* OR nitrogen OR sulphur* OR phosphor* OR waste* OR garbage OR sewage OR pesticide* OR fertilizer* OR nutrient* OR ""oil spill*"" OR metal OR salinization OR salinisation OR acidification OR solid OR plastic OR mercury OR nutrient* OR pollutant*) AND (soil OR water OR ocean OR marine OR atmosphere OR air)) OR ((industrial OR military OR agricultur* OR forest*) AND effluent*))) AND ((((invasive OR invasion) AND (alien OR exotic OR non-native OR pest* OR disease) AND species) OR ""biological invasion*"" OR (introduc* AND (species OR material))))",Ecosystem structure,Percentage of live coral cover,(extent OR area OR cover* OR proportion OR percentage) AND coral AND live,"TS=(((extent OR area OR cover* OR proportion OR percentage) AND coral AND live) AND ((((pollut* OR contamin* OR emission* OR spill-over* OR disposal* OR deposition* OR load* OR dump* OR discharge*) OR ((noise OR light OR gas* OR particle* OR particulate* OR nitrogen OR sulphur* OR phosphor* OR waste* OR garbage OR sewage OR pesticide* OR fertilizer* OR nutrient* OR ""oil spill*"" OR metal OR salinization OR salinisation OR acidification OR solid OR plastic OR mercury OR nutrient* OR pollutant*) AND (soil OR water OR ocean OR marine OR atmosphere OR air)) OR ((industrial OR military OR agricultur* OR forest*) AND effluent*))) AND ((((invasive OR invasion) AND (alien OR exotic OR non-native OR pest* OR disease) AND species) OR ""biological invasion*"" OR (introduc* AND (species OR material))))) AND (que*bec OR canada OR montr*al or Saint-Lawrence or Bas-Saint-Laurent or Saguenay or Lac-Saint-Jean  or Capitale-Nationale or Mauricie or Estrie or Outaouais or Abitibi-T*miscamingue or C*te-Nord or Nord-du-Qu*bec or Gasp*sie–*les-de-la-Madeleine or Chaudi*re-Appalaches or Laval or Lanaudi*re or Laurentides or Mont*r*gie or Centre-du-Qu*bec))"
Pollution,Invasive alien species,"(((pollut* OR contamin* OR emission* OR spill-over* OR disposal* OR deposition* OR load* OR dump* OR discharge*) OR ((noise OR light OR gas* OR particle* OR particulate* OR nitrogen OR sulphur* OR phosphor* OR waste* OR garbage OR sewage OR pesticide* OR fertilizer* OR nutrient* OR ""oil spill*"" OR metal OR salinization OR salinisation OR acidification OR solid OR plastic OR mercury OR nutrient* OR pollutant*) AND (soil OR water OR ocean OR marine OR atmosphere OR air)) OR ((industrial OR military OR agricultur* OR forest*) AND effluent*))) AND ((((invasive OR invasion) AND (alien OR exotic OR non-native OR pest* OR disease) AND species) OR ""biological invasion*"" OR (introduc* AND (species OR material))))",Genetic composition,Proportion of local breeds at risk/not at risk/unknown,"""local breed*"" AND (livestock* OR (domestic AND animal*)) AND (risk OR extinct* OR threat*)","TS=((""local breed*"" AND (livestock* OR (domestic AND animal*)) AND (risk OR extinct* OR threat*)) AND ((((pollut* OR contamin* OR emission* OR spill-over* OR disposal* OR deposition* OR load* OR dump* OR discharge*) OR ((noise OR light OR gas* OR particle* OR particulate* OR nitrogen OR sulphur* OR phosphor* OR waste* OR garbage OR sewage OR pesticide* OR fertilizer* OR nutrient* OR ""oil spill*"" OR metal OR salinization OR salinisation OR acidification OR solid OR plastic OR mercury OR nutrient* OR pollutant*) AND (soil OR water OR ocean OR marine OR atmosphere OR air)) OR ((industrial OR military OR agricultur* OR forest*) AND effluent*))) AND ((((invasive OR invasion) AND (alien OR exotic OR non-native OR pest* OR disease) AND species) OR ""biological invasion*"" OR (introduc* AND (species OR material))))) AND (que*bec OR canada OR montr*al or Saint-Lawrence or Bas-Saint-Laurent or Saguenay or Lac-Saint-Jean  or Capitale-Nationale or Mauricie or Estrie or Outaouais or Abitibi-T*miscamingue or C*te-Nord or Nord-du-Qu*bec or Gasp*sie–*les-de-la-Madeleine or Chaudi*re-Appalaches or Laval or Lanaudi*re or Laurentides or Mont*r*gie or Centre-du-Qu*bec))"
Pollution,Invasive alien species,"(((pollut* OR contamin* OR emission* OR spill-over* OR disposal* OR deposition* OR load* OR dump* OR discharge*) OR ((noise OR light OR gas* OR particle* OR particulate* OR nitrogen OR sulphur* OR phosphor* OR waste* OR garbage OR sewage OR pesticide* OR fertilizer* OR nutrient* OR ""oil spill*"" OR metal OR salinization OR salinisation OR acidification OR solid OR plastic OR mercury OR nutrient* OR pollutant*) AND (soil OR water OR ocean OR marine OR atmosphere OR air)) OR ((industrial OR military OR agricultur* OR forest*) AND effluent*))) AND ((((invasive OR invasion) AND (alien OR exotic OR non-native OR pest* OR disease) AND species) OR ""biological invasion*"" OR (introduc* AND (species OR material))))",Species populations,IUCN red list of threatened species,"(IUCN OR ""red list"") AND (threat* OR extinct*) AND species NOT ""red list ind*""","TS=(((IUCN OR ""red list"") AND (threat* OR extinct*) AND species NOT ""red list ind*"") AND ((((pollut* OR contamin* OR emission* OR spill-over* OR disposal* OR deposition* OR load* OR dump* OR discharge*) OR ((noise OR light OR gas* OR particle* OR particulate* OR nitrogen OR sulphur* OR phosphor* OR waste* OR garbage OR sewage OR pesticide* OR fertilizer* OR nutrient* OR ""oil spill*"" OR metal OR salinization OR salinisation OR acidification OR solid OR plastic OR mercury OR nutrient* OR pollutant*) AND (soil OR water OR ocean OR marine OR atmosphere OR air)) OR ((industrial OR military OR agricultur* OR forest*) AND effluent*))) AND ((((invasive OR invasion) AND (alien OR exotic OR non-native OR pest* OR disease) AND species) OR ""biological invasion*"" OR (introduc* AND (species OR material))))) AND (que*bec OR canada OR montr*al or Saint-Lawrence or Bas-Saint-Laurent or Saguenay or Lac-Saint-Jean  or Capitale-Nationale or Mauricie or Estrie or Outaouais or Abitibi-T*miscamingue or C*te-Nord or Nord-du-Qu*bec or Gasp*sie–*les-de-la-Madeleine or Chaudi*re-Appalaches or Laval or Lanaudi*re or Laurentides or Mont*r*gie or Centre-du-Qu*bec))"
Pollution,Invasive alien species,"(((pollut* OR contamin* OR emission* OR spill-over* OR disposal* OR deposition* OR load* OR dump* OR discharge*) OR ((noise OR light OR gas* OR particle* OR particulate* OR nitrogen OR sulphur* OR phosphor* OR waste* OR garbage OR sewage OR pesticide* OR fertilizer* OR nutrient* OR ""oil spill*"" OR metal OR salinization OR salinisation OR acidification OR solid OR plastic OR mercury OR nutrient* OR pollutant*) AND (soil OR water OR ocean OR marine OR atmosphere OR air)) OR ((industrial OR military OR agricultur* OR forest*) AND effluent*))) AND ((((invasive OR invasion) AND (alien OR exotic OR non-native OR pest* OR disease) AND species) OR ""biological invasion*"" OR (introduc* AND (species OR material))))",Species populations,Living planet index,"""living planet ind*"" OR ""living planet report*""","TS=((""living planet ind*"" OR ""living planet report*"") AND ((((pollut* OR contamin* OR emission* OR spill-over* OR disposal* OR deposition* OR load* OR dump* OR discharge*) OR ((noise OR light OR gas* OR particle* OR particulate* OR nitrogen OR sulphur* OR phosphor* OR waste* OR garbage OR sewage OR pesticide* OR fertilizer* OR nutrient* OR ""oil spill*"" OR metal OR salinization OR salinisation OR acidification OR solid OR plastic OR mercury OR nutrient* OR pollutant*) AND (soil OR water OR ocean OR marine OR atmosphere OR air)) OR ((industrial OR military OR agricultur* OR forest*) AND effluent*))) AND ((((invasive OR invasion) AND (alien OR exotic OR non-native OR pest* OR disease) AND species) OR ""biological invasion*"" OR (introduc* AND (species OR material))))) AND (que*bec OR canada OR montr*al or Saint-Lawrence or Bas-Saint-Laurent or Saguenay or Lac-Saint-Jean  or Capitale-Nationale or Mauricie or Estrie or Outaouais or Abitibi-T*miscamingue or C*te-Nord or Nord-du-Qu*bec or Gasp*sie–*les-de-la-Madeleine or Chaudi*re-Appalaches or Laval or Lanaudi*re or Laurentides or Mont*r*gie or Centre-du-Qu*bec))"
Pollution,Invasive alien species,"(((pollut* OR contamin* OR emission* OR spill-over* OR disposal* OR deposition* OR load* OR dump* OR discharge*) OR ((noise OR light OR gas* OR particle* OR particulate* OR nitrogen OR sulphur* OR phosphor* OR waste* OR garbage OR sewage OR pesticide* OR fertilizer* OR nutrient* OR ""oil spill*"" OR metal OR salinization OR salinisation OR acidification OR solid OR plastic OR mercury OR nutrient* OR pollutant*) AND (soil OR water OR ocean OR marine OR atmosphere OR air)) OR ((industrial OR military OR agricultur* OR forest*) AND effluent*))) AND ((((invasive OR invasion) AND (alien OR exotic OR non-native OR pest* OR disease) AND species) OR ""biological invasion*"" OR (introduc* AND (species OR material))))",Species populations,Local species abundance,"((species OR assemblage*) AND abundance AND (local OR location* OR sample*)) AND (global OR world*) AND (""time series"" OR ""time -series"" OR temporal)","TS=((((species OR assemblage*) AND abundance AND (local OR location* OR sample*)) AND (global OR world*) AND (""time series"" OR ""time -series"" OR temporal)) AND ((((pollut* OR contamin* OR emission* OR spill-over* OR disposal* OR deposition* OR load* OR dump* OR discharge*) OR ((noise OR light OR gas* OR particle* OR particulate* OR nitrogen OR sulphur* OR phosphor* OR waste* OR garbage OR sewage OR pesticide* OR fertilizer* OR nutrient* OR ""oil spill*"" OR metal OR salinization OR salinisation OR acidification OR solid OR plastic OR mercury OR nutrient* OR pollutant*) AND (soil OR water OR ocean OR marine OR atmosphere OR air)) OR ((industrial OR military OR agricultur* OR forest*) AND effluent*))) AND ((((invasive OR invasion) AND (alien OR exotic OR non-native OR pest* OR disease) AND species) OR ""biological invasion*"" OR (introduc* AND (species OR material))))) AND (que*bec OR canada OR montr*al or Saint-Lawrence or Bas-Saint-Laurent or Saguenay or Lac-Saint-Jean  or Capitale-Nationale or Mauricie or Estrie or Outaouais or Abitibi-T*miscamingue or C*te-Nord or Nord-du-Qu*bec or Gasp*sie–*les-de-la-Madeleine or Chaudi*re-Appalaches or Laval or Lanaudi*re or Laurentides or Mont*r*gie or Centre-du-Qu*bec))"
Pollution,Invasive alien species,"(((pollut* OR contamin* OR emission* OR spill-over* OR disposal* OR deposition* OR load* OR dump* OR discharge*) OR ((noise OR light OR gas* OR particle* OR particulate* OR nitrogen OR sulphur* OR phosphor* OR waste* OR garbage OR sewage OR pesticide* OR fertilizer* OR nutrient* OR ""oil spill*"" OR metal OR salinization OR salinisation OR acidification OR solid OR plastic OR mercury OR nutrient* OR pollutant*) AND (soil OR water OR ocean OR marine OR atmosphere OR air)) OR ((industrial OR military OR agricultur* OR forest*) AND effluent*))) AND ((((invasive OR invasion) AND (alien OR exotic OR non-native OR pest* OR disease) AND species) OR ""biological invasion*"" OR (introduc* AND (species OR material))))",Species populations,Predatory fish biomass,predator* AND fish* AND (biomass OR abundance),"TS=((predator* AND fish* AND (biomass OR abundance)) AND ((((pollut* OR contamin* OR emission* OR spill-over* OR disposal* OR deposition* OR load* OR dump* OR discharge*) OR ((noise OR light OR gas* OR particle* OR particulate* OR nitrogen OR sulphur* OR phosphor* OR waste* OR garbage OR sewage OR pesticide* OR fertilizer* OR nutrient* OR ""oil spill*"" OR metal OR salinization OR salinisation OR acidification OR solid OR plastic OR mercury OR nutrient* OR pollutant*) AND (soil OR water OR ocean OR marine OR atmosphere OR air)) OR ((industrial OR military OR agricultur* OR forest*) AND effluent*))) AND ((((invasive OR invasion) AND (alien OR exotic OR non-native OR pest* OR disease) AND species) OR ""biological invasion*"" OR (introduc* AND (species OR material))))) AND (que*bec OR canada OR montr*al or Saint-Lawrence or Bas-Saint-Laurent or Saguenay or Lac-Saint-Jean  or Capitale-Nationale or Mauricie or Estrie or Outaouais or Abitibi-T*miscamingue or C*te-Nord or Nord-du-Qu*bec or Gasp*sie–*les-de-la-Madeleine or Chaudi*re-Appalaches or Laval or Lanaudi*re or Laurentides or Mont*r*gie or Centre-du-Qu*bec))"
Pollution,Invasive alien species,"(((pollut* OR contamin* OR emission* OR spill-over* OR disposal* OR deposition* OR load* OR dump* OR discharge*) OR ((noise OR light OR gas* OR particle* OR particulate* OR nitrogen OR sulphur* OR phosphor* OR waste* OR garbage OR sewage OR pesticide* OR fertilizer* OR nutrient* OR ""oil spill*"" OR metal OR salinization OR salinisation OR acidification OR solid OR plastic OR mercury OR nutrient* OR pollutant*) AND (soil OR water OR ocean OR marine OR atmosphere OR air)) OR ((industrial OR military OR agricultur* OR forest*) AND effluent*))) AND ((((invasive OR invasion) AND (alien OR exotic OR non-native OR pest* OR disease) AND species) OR ""biological invasion*"" OR (introduc* AND (species OR material))))",Species populations,Prey fish biomass,prey* AND fish* AND (biomass OR abundance),"TS=((prey* AND fish* AND (biomass OR abundance)) AND ((((pollut* OR contamin* OR emission* OR spill-over* OR disposal* OR deposition* OR load* OR dump* OR discharge*) OR ((noise OR light OR gas* OR particle* OR particulate* OR nitrogen OR sulphur* OR phosphor* OR waste* OR garbage OR sewage OR pesticide* OR fertilizer* OR nutrient* OR ""oil spill*"" OR metal OR salinization OR salinisation OR acidification OR solid OR plastic OR mercury OR nutrient* OR pollutant*) AND (soil OR water OR ocean OR marine OR atmosphere OR air)) OR ((industrial OR military OR agricultur* OR forest*) AND effluent*))) AND ((((invasive OR invasion) AND (alien OR exotic OR non-native OR pest* OR disease) AND species) OR ""biological invasion*"" OR (introduc* AND (species OR material))))) AND (que*bec OR canada OR montr*al or Saint-Lawrence or Bas-Saint-Laurent or Saguenay or Lac-Saint-Jean  or Capitale-Nationale or Mauricie or Estrie or Outaouais or Abitibi-T*miscamingue or C*te-Nord or Nord-du-Qu*bec or Gasp*sie–*les-de-la-Madeleine or Chaudi*re-Appalaches or Laval or Lanaudi*re or Laurentides or Mont*r*gie or Centre-du-Qu*bec))"
Pollution,Invasive alien species,"(((pollut* OR contamin* OR emission* OR spill-over* OR disposal* OR deposition* OR load* OR dump* OR discharge*) OR ((noise OR light OR gas* OR particle* OR particulate* OR nitrogen OR sulphur* OR phosphor* OR waste* OR garbage OR sewage OR pesticide* OR fertilizer* OR nutrient* OR ""oil spill*"" OR metal OR salinization OR salinisation OR acidification OR solid OR plastic OR mercury OR nutrient* OR pollutant*) AND (soil OR water OR ocean OR marine OR atmosphere OR air)) OR ((industrial OR military OR agricultur* OR forest*) AND effluent*))) AND ((((invasive OR invasion) AND (alien OR exotic OR non-native OR pest* OR disease) AND species) OR ""biological invasion*"" OR (introduc* AND (species OR material))))",Species populations,Proportion of fish stocks within biologically sustainable levels,"fish* AND stock* AND (""sustainab*"" OR safe)","TS=((fish* AND stock* AND (""sustainab*"" OR safe)) AND ((((pollut* OR contamin* OR emission* OR spill-over* OR disposal* OR deposition* OR load* OR dump* OR discharge*) OR ((noise OR light OR gas* OR particle* OR particulate* OR nitrogen OR sulphur* OR phosphor* OR waste* OR garbage OR sewage OR pesticide* OR fertilizer* OR nutrient* OR ""oil spill*"" OR metal OR salinization OR salinisation OR acidification OR solid OR plastic OR mercury OR nutrient* OR pollutant*) AND (soil OR water OR ocean OR marine OR atmosphere OR air)) OR ((industrial OR military OR agricultur* OR forest*) AND effluent*))) AND ((((invasive OR invasion) AND (alien OR exotic OR non-native OR pest* OR disease) AND species) OR ""biological invasion*"" OR (introduc* AND (species OR material))))) AND (que*bec OR canada OR montr*al or Saint-Lawrence or Bas-Saint-Laurent or Saguenay or Lac-Saint-Jean  or Capitale-Nationale or Mauricie or Estrie or Outaouais or Abitibi-T*miscamingue or C*te-Nord or Nord-du-Qu*bec or Gasp*sie–*les-de-la-Madeleine or Chaudi*re-Appalaches or Laval or Lanaudi*re or Laurentides or Mont*r*gie or Centre-du-Qu*bec))"
Pollution,Invasive alien species,"(((pollut* OR contamin* OR emission* OR spill-over* OR disposal* OR deposition* OR load* OR dump* OR discharge*) OR ((noise OR light OR gas* OR particle* OR particulate* OR nitrogen OR sulphur* OR phosphor* OR waste* OR garbage OR sewage OR pesticide* OR fertilizer* OR nutrient* OR ""oil spill*"" OR metal OR salinization OR salinisation OR acidification OR solid OR plastic OR mercury OR nutrient* OR pollutant*) AND (soil OR water OR ocean OR marine OR atmosphere OR air)) OR ((industrial OR military OR agricultur* OR forest*) AND effluent*))) AND ((((invasive OR invasion) AND (alien OR exotic OR non-native OR pest* OR disease) AND species) OR ""biological invasion*"" OR (introduc* AND (species OR material))))",Species populations,Red list index,"""red list ind*""","TS=((""red list ind*"") AND ((((pollut* OR contamin* OR emission* OR spill-over* OR disposal* OR deposition* OR load* OR dump* OR discharge*) OR ((noise OR light OR gas* OR particle* OR particulate* OR nitrogen OR sulphur* OR phosphor* OR waste* OR garbage OR sewage OR pesticide* OR fertilizer* OR nutrient* OR ""oil spill*"" OR metal OR salinization OR salinisation OR acidification OR solid OR plastic OR mercury OR nutrient* OR pollutant*) AND (soil OR water OR ocean OR marine OR atmosphere OR air)) OR ((industrial OR military OR agricultur* OR forest*) AND effluent*))) AND ((((invasive OR invasion) AND (alien OR exotic OR non-native OR pest* OR disease) AND species) OR ""biological invasion*"" OR (introduc* AND (species OR material))))) AND (que*bec OR canada OR montr*al or Saint-Lawrence or Bas-Saint-Laurent or Saguenay or Lac-Saint-Jean  or Capitale-Nationale or Mauricie or Estrie or Outaouais or Abitibi-T*miscamingue or C*te-Nord or Nord-du-Qu*bec or Gasp*sie–*les-de-la-Madeleine or Chaudi*re-Appalaches or Laval or Lanaudi*re or Laurentides or Mont*r*gie or Centre-du-Qu*bec))"
Pollution,Invasive alien species,"(((pollut* OR contamin* OR emission* OR spill-over* OR disposal* OR deposition* OR load* OR dump* OR discharge*) OR ((noise OR light OR gas* OR particle* OR particulate* OR nitrogen OR sulphur* OR phosphor* OR waste* OR garbage OR sewage OR pesticide* OR fertilizer* OR nutrient* OR ""oil spill*"" OR metal OR salinization OR salinisation OR acidification OR solid OR plastic OR mercury OR nutrient* OR pollutant*) AND (soil OR water OR ocean OR marine OR atmosphere OR air)) OR ((industrial OR military OR agricultur* OR forest*) AND effluent*))) AND ((((invasive OR invasion) AND (alien OR exotic OR non-native OR pest* OR disease) AND species) OR ""biological invasion*"" OR (introduc* AND (species OR material))))",Species populations,Wild bird index,"""wild bird ind*""","TS=((""wild bird ind*"") AND ((((pollut* OR contamin* OR emission* OR spill-over* OR disposal* OR deposition* OR load* OR dump* OR discharge*) OR ((noise OR light OR gas* OR particle* OR particulate* OR nitrogen OR sulphur* OR phosphor* OR waste* OR garbage OR sewage OR pesticide* OR fertilizer* OR nutrient* OR ""oil spill*"" OR metal OR salinization OR salinisation OR acidification OR solid OR plastic OR mercury OR nutrient* OR pollutant*) AND (soil OR water OR ocean OR marine OR atmosphere OR air)) OR ((industrial OR military OR agricultur* OR forest*) AND effluent*))) AND ((((invasive OR invasion) AND (alien OR exotic OR non-native OR pest* OR disease) AND species) OR ""biological invasion*"" OR (introduc* AND (species OR material))))) AND (que*bec OR canada OR montr*al or Saint-Lawrence or Bas-Saint-Laurent or Saguenay or Lac-Saint-Jean  or Capitale-Nationale or Mauricie or Estrie or Outaouais or Abitibi-T*miscamingue or C*te-Nord or Nord-du-Qu*bec or Gasp*sie–*les-de-la-Madeleine or Chaudi*re-Appalaches or Laval or Lanaudi*re or Laurentides or Mont*r*gie or Centre-du-Qu*bec))"
Pollution,Invasive alien species,"(((pollut* OR contamin* OR emission* OR spill-over* OR disposal* OR deposition* OR load* OR dump* OR discharge*) OR ((noise OR light OR gas* OR particle* OR particulate* OR nitrogen OR sulphur* OR phosphor* OR waste* OR garbage OR sewage OR pesticide* OR fertilizer* OR nutrient* OR ""oil spill*"" OR metal OR salinization OR salinisation OR acidification OR solid OR plastic OR mercury OR nutrient* OR pollutant*) AND (soil OR water OR ocean OR marine OR atmosphere OR air)) OR ((industrial OR military OR agricultur* OR forest*) AND effluent*))) AND ((((invasive OR invasion) AND (alien OR exotic OR non-native OR pest* OR disease) AND species) OR ""biological invasion*"" OR (introduc* AND (species OR material))))",Species traits,Mean length of fish,"(""mean length*"" OR ""average length*"") AND fish*","TS=(((""mean length*"" OR ""average length*"") AND fish*) AND ((((pollut* OR contamin* OR emission* OR spill-over* OR disposal* OR deposition* OR load* OR dump* OR discharge*) OR ((noise OR light OR gas* OR particle* OR particulate* OR nitrogen OR sulphur* OR phosphor* OR waste* OR garbage OR sewage OR pesticide* OR fertilizer* OR nutrient* OR ""oil spill*"" OR metal OR salinization OR salinisation OR acidification OR solid OR plastic OR mercury OR nutrient* OR pollutant*) AND (soil OR water OR ocean OR marine OR atmosphere OR air)) OR ((industrial OR military OR agricultur* OR forest*) AND effluent*))) AND ((((invasive OR invasion) AND (alien OR exotic OR non-native OR pest* OR disease) AND species) OR ""biological invasion*"" OR (introduc* AND (species OR material))))) AND (que*bec OR canada OR montr*al or Saint-Lawrence or Bas-Saint-Laurent or Saguenay or Lac-Saint-Jean  or Capitale-Nationale or Mauricie or Estrie or Outaouais or Abitibi-T*miscamingue or C*te-Nord or Nord-du-Qu*bec or Gasp*sie–*les-de-la-Madeleine or Chaudi*re-Appalaches or Laval or Lanaudi*re or Laurentides or Mont*r*gie or Centre-du-Qu*bec))"
Pollution,Invasive alien species,"(((pollut* OR contamin* OR emission* OR spill-over* OR disposal* OR deposition* OR load* OR dump* OR discharge*) OR ((noise OR light OR gas* OR particle* OR particulate* OR nitrogen OR sulphur* OR phosphor* OR waste* OR garbage OR sewage OR pesticide* OR fertilizer* OR nutrient* OR ""oil spill*"" OR metal OR salinization OR salinisation OR acidification OR solid OR plastic OR mercury OR nutrient* OR pollutant*) AND (soil OR water OR ocean OR marine OR atmosphere OR air)) OR ((industrial OR military OR agricultur* OR forest*) AND effluent*))) AND ((((invasive OR invasion) AND (alien OR exotic OR non-native OR pest* OR disease) AND species) OR ""biological invasion*"" OR (introduc* AND (species OR material))))",Species traits,Proportion of predatory fish,"(proportion OR ratio OR percentage) AND ""predator* fish*""","TS=(((proportion OR ratio OR percentage) AND ""predator* fish*"") AND ((((pollut* OR contamin* OR emission* OR spill-over* OR disposal* OR deposition* OR load* OR dump* OR discharge*) OR ((noise OR light OR gas* OR particle* OR particulate* OR nitrogen OR sulphur* OR phosphor* OR waste* OR garbage OR sewage OR pesticide* OR fertilizer* OR nutrient* OR ""oil spill*"" OR metal OR salinization OR salinisation OR acidification OR solid OR plastic OR mercury OR nutrient* OR pollutant*) AND (soil OR water OR ocean OR marine OR atmosphere OR air)) OR ((industrial OR military OR agricultur* OR forest*) AND effluent*))) AND ((((invasive OR invasion) AND (alien OR exotic OR non-native OR pest* OR disease) AND species) OR ""biological invasion*"" OR (introduc* AND (species OR material))))) AND (que*bec OR canada OR montr*al or Saint-Lawrence or Bas-Saint-Laurent or Saguenay or Lac-Saint-Jean  or Capitale-Nationale or Mauricie or Estrie or Outaouais or Abitibi-T*miscamingue or C*te-Nord or Nord-du-Qu*bec or Gasp*sie–*les-de-la-Madeleine or Chaudi*re-Appalaches or Laval or Lanaudi*re or Laurentides or Mont*r*gie or Centre-du-Qu*bec))"
General,NA,"(driver* OR factor* OR determinant* OR ""driving force*"" OR threat* OR ""proximate cause*"" OR pressure* OR stressor* OR risk* OR ""global change"") AND (multi* OR quantif* OR compar* OR partition* OR rank* OR order* OR relative OR interact* OR interplay* OR synerg* OR magnitude* OR rate* OR effect* OR impact* OR influe* OR pace* OR extent OR importan*)",Community composition,NA,"(((communit* OR assemblage* OR taxonom* OR species) AND (dominance* OR richness OR turnover OR diversit* OR composition OR similarit)) OR (""species interaction"" OR ""biotic interaction*""))","TS=(((((communit* OR assemblage* OR taxonom* OR species) AND (dominance* OR richness OR turnover OR diversit* OR composition OR similarit)) OR (""species interaction"" OR ""biotic interaction*""))) AND ((driver* OR factor* OR determinant* OR ""driving force*"" OR threat* OR ""proximate cause*"" OR pressure* OR stressor* OR risk* OR ""global change"") AND (multi* OR quantif* OR compar* OR partition* OR rank* OR order* OR relative OR interact* OR interplay* OR synerg* OR magnitude* OR rate* OR effect* OR impact* OR influe* OR pace* OR extent OR importan*)) AND (que*bec OR canada OR montr*al or Saint-Lawrence or Bas-Saint-Laurent or Saguenay or Lac-Saint-Jean  or Capitale-Nationale or Mauricie or Estrie or Outaouais or Abitibi-T*miscamingue or C*te-Nord or Nord-du-Qu*bec or Gasp*sie–*les-de-la-Madeleine or Chaudi*re-Appalaches or Laval or Lanaudi*re or Laurentides or Mont*r*gie or Centre-du-Qu*bec))"
General,NA,"(driver* OR factor* OR determinant* OR ""driving force*"" OR threat* OR ""proximate cause*"" OR pressure* OR stressor* OR risk* OR ""global change"") AND (multi* OR quantif* OR compar* OR partition* OR rank* OR order* OR relative OR interact* OR interplay* OR synerg* OR magnitude* OR rate* OR effect* OR impact* OR influe* OR pace* OR extent OR importan*)",Ecosystem function,NA,"(""ecosystem function"" OR ""net primary productivity"" OR ""secondary productivity"" OR ""nutrient retention"" OR ""disturbance regime"" OR ""carbon sequestration"")","TS=(((""ecosystem function"" OR ""net primary productivity"" OR ""secondary productivity"" OR ""nutrient retention"" OR ""disturbance regime"" OR ""carbon sequestration"")) AND ((driver* OR factor* OR determinant* OR ""driving force*"" OR threat* OR ""proximate cause*"" OR pressure* OR stressor* OR risk* OR ""global change"") AND (multi* OR quantif* OR compar* OR partition* OR rank* OR order* OR relative OR interact* OR interplay* OR synerg* OR magnitude* OR rate* OR effect* OR impact* OR influe* OR pace* OR extent OR importan*)) AND (que*bec OR canada OR montr*al or Saint-Lawrence or Bas-Saint-Laurent or Saguenay or Lac-Saint-Jean  or Capitale-Nationale or Mauricie or Estrie or Outaouais or Abitibi-T*miscamingue or C*te-Nord or Nord-du-Qu*bec or Gasp*sie–*les-de-la-Madeleine or Chaudi*re-Appalaches or Laval or Lanaudi*re or Laurentides or Mont*r*gie or Centre-du-Qu*bec))"
General,NA,"(driver* OR factor* OR determinant* OR ""driving force*"" OR threat* OR ""proximate cause*"" OR pressure* OR stressor* OR risk* OR ""global change"") AND (multi* OR quantif* OR compar* OR partition* OR rank* OR order* OR relative OR interact* OR interplay* OR synerg* OR magnitude* OR rate* OR effect* OR impact* OR influe* OR pace* OR extent OR importan*)",Ecosystem structure,NA,"(""ecosystem* structure"" OR ""habitat structure"" OR ((ecosystem OR habitat*) AND ((extent OR area OR coverage OR proportion) AND fragmentation)) OR ((ecosystem OR landscape) AND composition AND ""functional type""))","TS=(((""ecosystem* structure"" OR ""habitat structure"" OR ((ecosystem OR habitat*) AND ((extent OR area OR coverage OR proportion) AND fragmentation)) OR ((ecosystem OR landscape) AND composition AND ""functional type""))) AND ((driver* OR factor* OR determinant* OR ""driving force*"" OR threat* OR ""proximate cause*"" OR pressure* OR stressor* OR risk* OR ""global change"") AND (multi* OR quantif* OR compar* OR partition* OR rank* OR order* OR relative OR interact* OR interplay* OR synerg* OR magnitude* OR rate* OR effect* OR impact* OR influe* OR pace* OR extent OR importan*)) AND (que*bec OR canada OR montr*al or Saint-Lawrence or Bas-Saint-Laurent or Saguenay or Lac-Saint-Jean  or Capitale-Nationale or Mauricie or Estrie or Outaouais or Abitibi-T*miscamingue or C*te-Nord or Nord-du-Qu*bec or Gasp*sie–*les-de-la-Madeleine or Chaudi*re-Appalaches or Laval or Lanaudi*re or Laurentides or Mont*r*gie or Centre-du-Qu*bec))"
General,NA,"(driver* OR factor* OR determinant* OR ""driving force*"" OR threat* OR ""proximate cause*"" OR pressure* OR stressor* OR risk* OR ""global change"") AND (multi* OR quantif* OR compar* OR partition* OR rank* OR order* OR relative OR interact* OR interplay* OR synerg* OR magnitude* OR rate* OR effect* OR impact* OR influe* OR pace* OR extent OR importan*)",Genetic composition,NA,"(""genetic* composition"" OR (co-ancestr* OR coancestr) OR ""allel diversit"" OR ""phylogenetic diversit"" OR (""population diversit"" OR (population AND ""genetic differen"")) OR ((breed OR variet) AND diversit) OR ""intra-specific diversit"" OR ""genetic diversit"" OR ""genetic variation"")","TS=(((""genetic* composition"" OR (co-ancestr* OR coancestr) OR ""allel diversit"" OR ""phylogenetic diversit"" OR (""population diversit"" OR (population AND ""genetic differen"")) OR ((breed OR variet) AND diversit) OR ""intra-specific diversit"" OR ""genetic diversit"" OR ""genetic variation"")) AND ((driver* OR factor* OR determinant* OR ""driving force*"" OR threat* OR ""proximate cause*"" OR pressure* OR stressor* OR risk* OR ""global change"") AND (multi* OR quantif* OR compar* OR partition* OR rank* OR order* OR relative OR interact* OR interplay* OR synerg* OR magnitude* OR rate* OR effect* OR impact* OR influe* OR pace* OR extent OR importan*)) AND (que*bec OR canada OR montr*al or Saint-Lawrence or Bas-Saint-Laurent or Saguenay or Lac-Saint-Jean  or Capitale-Nationale or Mauricie or Estrie or Outaouais or Abitibi-T*miscamingue or C*te-Nord or Nord-du-Qu*bec or Gasp*sie–*les-de-la-Madeleine or Chaudi*re-Appalaches or Laval or Lanaudi*re or Laurentides or Mont*r*gie or Centre-du-Qu*bec))"
General,NA,"(driver* OR factor* OR determinant* OR ""driving force*"" OR threat* OR ""proximate cause*"" OR pressure* OR stressor* OR risk* OR ""global change"") AND (multi* OR quantif* OR compar* OR partition* OR rank* OR order* OR relative OR interact* OR interplay* OR synerg* OR magnitude* OR rate* OR effect* OR impact* OR influe* OR pace* OR extent OR importan*)",Species populations,NA,(species OR population) AND ((distribution OR range) OR (abundance OR size* OR densit* OR demograph* OR dynamic* OR reproduct* OR surviv* OR growth OR persistence OR viab*) OR (structure AND (age OR size))),"TS=(((species OR population) AND ((distribution OR range) OR (abundance OR size* OR densit* OR demograph* OR dynamic* OR reproduct* OR surviv* OR growth OR persistence OR viab*) OR (structure AND (age OR size)))) AND ((driver* OR factor* OR determinant* OR ""driving force*"" OR threat* OR ""proximate cause*"" OR pressure* OR stressor* OR risk* OR ""global change"") AND (multi* OR quantif* OR compar* OR partition* OR rank* OR order* OR relative OR interact* OR interplay* OR synerg* OR magnitude* OR rate* OR effect* OR impact* OR influe* OR pace* OR extent OR importan*)) AND (que*bec OR canada OR montr*al or Saint-Lawrence or Bas-Saint-Laurent or Saguenay or Lac-Saint-Jean  or Capitale-Nationale or Mauricie or Estrie or Outaouais or Abitibi-T*miscamingue or C*te-Nord or Nord-du-Qu*bec or Gasp*sie–*les-de-la-Madeleine or Chaudi*re-Appalaches or Laval or Lanaudi*re or Laurentides or Mont*r*gie or Centre-du-Qu*bec))"
General,NA,"(driver* OR factor* OR determinant* OR ""driving force*"" OR threat* OR ""proximate cause*"" OR pressure* OR stressor* OR risk* OR ""global change"") AND (multi* OR quantif* OR compar* OR partition* OR rank* OR order* OR relative OR interact* OR interplay* OR synerg* OR magnitude* OR rate* OR effect* OR impact* OR influe* OR pace* OR extent OR importan*)",Species traits,NA,"((""ecological trait"" OR ""biological trait"" OR ""species trait"") OR (""body mass"" OR ""body size"") OR ""natal dispers"" OR ((migrat* OR dispers* OR demograph* OR physiolog* OR life-history* OR phenolog) AND (trait OR behav* OR attribute OR feature)))","TS=((((""ecological trait"" OR ""biological trait"" OR ""species trait"") OR (""body mass"" OR ""body size"") OR ""natal dispers"" OR ((migrat* OR dispers* OR demograph* OR physiolog* OR life-history* OR phenolog) AND (trait OR behav* OR attribute OR feature)))) AND ((driver* OR factor* OR determinant* OR ""driving force*"" OR threat* OR ""proximate cause*"" OR pressure* OR stressor* OR risk* OR ""global change"") AND (multi* OR quantif* OR compar* OR partition* OR rank* OR order* OR relative OR interact* OR interplay* OR synerg* OR magnitude* OR rate* OR effect* OR impact* OR influe* OR pace* OR extent OR importan*)) AND (que*bec OR canada OR montr*al or Saint-Lawrence or Bas-Saint-Laurent or Saguenay or Lac-Saint-Jean  or Capitale-Nationale or Mauricie or Estrie or Outaouais or Abitibi-T*miscamingue or C*te-Nord or Nord-du-Qu*bec or Gasp*sie–*les-de-la-Madeleine or Chaudi*re-Appalaches or Laval or Lanaudi*re or Laurentides or Mont*r*gie or Centre-du-Qu*bec))"
General,NA,"(driver* OR factor* OR determinant* OR ""driving force*"" OR threat* OR ""proximate cause*"" OR pressure* OR stressor* OR risk* OR ""global change"") AND (multi* OR quantif* OR compar* OR partition* OR rank* OR order* OR relative OR interact* OR interplay* OR synerg* OR magnitude* OR rate* OR effect* OR impact* OR influe* OR pace* OR extent OR importan*)",Community composition,Global bird species richness,"(global OR world*) AND bird* AND ""species richness""","TS=(((global OR world*) AND bird* AND ""species richness"") AND ((driver* OR factor* OR determinant* OR ""driving force*"" OR threat* OR ""proximate cause*"" OR pressure* OR stressor* OR risk* OR ""global change"") AND (multi* OR quantif* OR compar* OR partition* OR rank* OR order* OR relative OR interact* OR interplay* OR synerg* OR magnitude* OR rate* OR effect* OR impact* OR influe* OR pace* OR extent OR importan*)) AND (que*bec OR canada OR montr*al or Saint-Lawrence or Bas-Saint-Laurent or Saguenay or Lac-Saint-Jean  or Capitale-Nationale or Mauricie or Estrie or Outaouais or Abitibi-T*miscamingue or C*te-Nord or Nord-du-Qu*bec or Gasp*sie–*les-de-la-Madeleine or Chaudi*re-Appalaches or Laval or Lanaudi*re or Laurentides or Mont*r*gie or Centre-du-Qu*bec))"
General,NA,"(driver* OR factor* OR determinant* OR ""driving force*"" OR threat* OR ""proximate cause*"" OR pressure* OR stressor* OR risk* OR ""global change"") AND (multi* OR quantif* OR compar* OR partition* OR rank* OR order* OR relative OR interact* OR interplay* OR synerg* OR magnitude* OR rate* OR effect* OR impact* OR influe* OR pace* OR extent OR importan*)",Community composition,Local species richness,"((species OR assemblage*) AND (richness OR diversit*) AND (local OR location* OR sample*)) AND (global OR world*) AND (""time series"" OR ""time-series"" OR temporal)","TS=((((species OR assemblage*) AND (richness OR diversit*) AND (local OR location* OR sample*)) AND (global OR world*) AND (""time series"" OR ""time-series"" OR temporal)) AND ((driver* OR factor* OR determinant* OR ""driving force*"" OR threat* OR ""proximate cause*"" OR pressure* OR stressor* OR risk* OR ""global change"") AND (multi* OR quantif* OR compar* OR partition* OR rank* OR order* OR relative OR interact* OR interplay* OR synerg* OR magnitude* OR rate* OR effect* OR impact* OR influe* OR pace* OR extent OR importan*)) AND (que*bec OR canada OR montr*al or Saint-Lawrence or Bas-Saint-Laurent or Saguenay or Lac-Saint-Jean  or Capitale-Nationale or Mauricie or Estrie or Outaouais or Abitibi-T*miscamingue or C*te-Nord or Nord-du-Qu*bec or Gasp*sie–*les-de-la-Madeleine or Chaudi*re-Appalaches or Laval or Lanaudi*re or Laurentides or Mont*r*gie or Centre-du-Qu*bec))"
General,NA,"(driver* OR factor* OR determinant* OR ""driving force*"" OR threat* OR ""proximate cause*"" OR pressure* OR stressor* OR risk* OR ""global change"") AND (multi* OR quantif* OR compar* OR partition* OR rank* OR order* OR relative OR interact* OR interplay* OR synerg* OR magnitude* OR rate* OR effect* OR impact* OR influe* OR pace* OR extent OR importan*)",Community composition,Local species turnover,"((species OR assemblage*) AND (turnover OR (composition* AND (change OR similarit*))) AND (local OR location* OR sample*)) AND (global OR world*) AND (""time series"" OR ""time-series"" OR temporal)","TS=((((species OR assemblage*) AND (turnover OR (composition* AND (change OR similarit*))) AND (local OR location* OR sample*)) AND (global OR world*) AND (""time series"" OR ""time-series"" OR temporal)) AND ((driver* OR factor* OR determinant* OR ""driving force*"" OR threat* OR ""proximate cause*"" OR pressure* OR stressor* OR risk* OR ""global change"") AND (multi* OR quantif* OR compar* OR partition* OR rank* OR order* OR relative OR interact* OR interplay* OR synerg* OR magnitude* OR rate* OR effect* OR impact* OR influe* OR pace* OR extent OR importan*)) AND (que*bec OR canada OR montr*al or Saint-Lawrence or Bas-Saint-Laurent or Saguenay or Lac-Saint-Jean  or Capitale-Nationale or Mauricie or Estrie or Outaouais or Abitibi-T*miscamingue or C*te-Nord or Nord-du-Qu*bec or Gasp*sie–*les-de-la-Madeleine or Chaudi*re-Appalaches or Laval or Lanaudi*re or Laurentides or Mont*r*gie or Centre-du-Qu*bec))"
General,NA,"(driver* OR factor* OR determinant* OR ""driving force*"" OR threat* OR ""proximate cause*"" OR pressure* OR stressor* OR risk* OR ""global change"") AND (multi* OR quantif* OR compar* OR partition* OR rank* OR order* OR relative OR interact* OR interplay* OR synerg* OR magnitude* OR rate* OR effect* OR impact* OR influe* OR pace* OR extent OR importan*)",Community composition,Mean species abundance,"""mean species abundance"" OR GLOBIO","TS=((""mean species abundance"" OR GLOBIO) AND ((driver* OR factor* OR determinant* OR ""driving force*"" OR threat* OR ""proximate cause*"" OR pressure* OR stressor* OR risk* OR ""global change"") AND (multi* OR quantif* OR compar* OR partition* OR rank* OR order* OR relative OR interact* OR interplay* OR synerg* OR magnitude* OR rate* OR effect* OR impact* OR influe* OR pace* OR extent OR importan*)) AND (que*bec OR canada OR montr*al or Saint-Lawrence or Bas-Saint-Laurent or Saguenay or Lac-Saint-Jean  or Capitale-Nationale or Mauricie or Estrie or Outaouais or Abitibi-T*miscamingue or C*te-Nord or Nord-du-Qu*bec or Gasp*sie–*les-de-la-Madeleine or Chaudi*re-Appalaches or Laval or Lanaudi*re or Laurentides or Mont*r*gie or Centre-du-Qu*bec))"
General,NA,"(driver* OR factor* OR determinant* OR ""driving force*"" OR threat* OR ""proximate cause*"" OR pressure* OR stressor* OR risk* OR ""global change"") AND (multi* OR quantif* OR compar* OR partition* OR rank* OR order* OR relative OR interact* OR interplay* OR synerg* OR magnitude* OR rate* OR effect* OR impact* OR influe* OR pace* OR extent OR importan*)",Ecosystem function,Net primary productivity,"""net primary product*""","TS=((""net primary product*"") AND ((driver* OR factor* OR determinant* OR ""driving force*"" OR threat* OR ""proximate cause*"" OR pressure* OR stressor* OR risk* OR ""global change"") AND (multi* OR quantif* OR compar* OR partition* OR rank* OR order* OR relative OR interact* OR interplay* OR synerg* OR magnitude* OR rate* OR effect* OR impact* OR influe* OR pace* OR extent OR importan*)) AND (que*bec OR canada OR montr*al or Saint-Lawrence or Bas-Saint-Laurent or Saguenay or Lac-Saint-Jean  or Capitale-Nationale or Mauricie or Estrie or Outaouais or Abitibi-T*miscamingue or C*te-Nord or Nord-du-Qu*bec or Gasp*sie–*les-de-la-Madeleine or Chaudi*re-Appalaches or Laval or Lanaudi*re or Laurentides or Mont*r*gie or Centre-du-Qu*bec))"
General,NA,"(driver* OR factor* OR determinant* OR ""driving force*"" OR threat* OR ""proximate cause*"" OR pressure* OR stressor* OR risk* OR ""global change"") AND (multi* OR quantif* OR compar* OR partition* OR rank* OR order* OR relative OR interact* OR interplay* OR synerg* OR magnitude* OR rate* OR effect* OR impact* OR influe* OR pace* OR extent OR importan*)",Ecosystem structure,Area of mangrove forest cover,(extent OR area OR cover* OR proportion OR percentage OR land OR landscape) AND mangrove* AND forest*,"TS=(((extent OR area OR cover* OR proportion OR percentage OR land OR landscape) AND mangrove* AND forest*) AND ((driver* OR factor* OR determinant* OR ""driving force*"" OR threat* OR ""proximate cause*"" OR pressure* OR stressor* OR risk* OR ""global change"") AND (multi* OR quantif* OR compar* OR partition* OR rank* OR order* OR relative OR interact* OR interplay* OR synerg* OR magnitude* OR rate* OR effect* OR impact* OR influe* OR pace* OR extent OR importan*)) AND (que*bec OR canada OR montr*al or Saint-Lawrence or Bas-Saint-Laurent or Saguenay or Lac-Saint-Jean  or Capitale-Nationale or Mauricie or Estrie or Outaouais or Abitibi-T*miscamingue or C*te-Nord or Nord-du-Qu*bec or Gasp*sie–*les-de-la-Madeleine or Chaudi*re-Appalaches or Laval or Lanaudi*re or Laurentides or Mont*r*gie or Centre-du-Qu*bec))"
General,NA,"(driver* OR factor* OR determinant* OR ""driving force*"" OR threat* OR ""proximate cause*"" OR pressure* OR stressor* OR risk* OR ""global change"") AND (multi* OR quantif* OR compar* OR partition* OR rank* OR order* OR relative OR interact* OR interplay* OR synerg* OR magnitude* OR rate* OR effect* OR impact* OR influe* OR pace* OR extent OR importan*)",Ecosystem structure,Extent of intact forest landscapes,(extent OR area OR cover* OR proportion OR percentage OR land OR landscape) AND intact* AND forest*,"TS=(((extent OR area OR cover* OR proportion OR percentage OR land OR landscape) AND intact* AND forest*) AND ((driver* OR factor* OR determinant* OR ""driving force*"" OR threat* OR ""proximate cause*"" OR pressure* OR stressor* OR risk* OR ""global change"") AND (multi* OR quantif* OR compar* OR partition* OR rank* OR order* OR relative OR interact* OR interplay* OR synerg* OR magnitude* OR rate* OR effect* OR impact* OR influe* OR pace* OR extent OR importan*)) AND (que*bec OR canada OR montr*al or Saint-Lawrence or Bas-Saint-Laurent or Saguenay or Lac-Saint-Jean  or Capitale-Nationale or Mauricie or Estrie or Outaouais or Abitibi-T*miscamingue or C*te-Nord or Nord-du-Qu*bec or Gasp*sie–*les-de-la-Madeleine or Chaudi*re-Appalaches or Laval or Lanaudi*re or Laurentides or Mont*r*gie or Centre-du-Qu*bec))"
General,NA,"(driver* OR factor* OR determinant* OR ""driving force*"" OR threat* OR ""proximate cause*"" OR pressure* OR stressor* OR risk* OR ""global change"") AND (multi* OR quantif* OR compar* OR partition* OR rank* OR order* OR relative OR interact* OR interplay* OR synerg* OR magnitude* OR rate* OR effect* OR impact* OR influe* OR pace* OR extent OR importan*)",Ecosystem structure,Extent of remaining primary vegetation,(extent OR area OR cover* OR proportion OR percentage) AND (primary OR natural) AND vegetation,"TS=(((extent OR area OR cover* OR proportion OR percentage) AND (primary OR natural) AND vegetation) AND ((driver* OR factor* OR determinant* OR ""driving force*"" OR threat* OR ""proximate cause*"" OR pressure* OR stressor* OR risk* OR ""global change"") AND (multi* OR quantif* OR compar* OR partition* OR rank* OR order* OR relative OR interact* OR interplay* OR synerg* OR magnitude* OR rate* OR effect* OR impact* OR influe* OR pace* OR extent OR importan*)) AND (que*bec OR canada OR montr*al or Saint-Lawrence or Bas-Saint-Laurent or Saguenay or Lac-Saint-Jean  or Capitale-Nationale or Mauricie or Estrie or Outaouais or Abitibi-T*miscamingue or C*te-Nord or Nord-du-Qu*bec or Gasp*sie–*les-de-la-Madeleine or Chaudi*re-Appalaches or Laval or Lanaudi*re or Laurentides or Mont*r*gie or Centre-du-Qu*bec))"
General,NA,"(driver* OR factor* OR determinant* OR ""driving force*"" OR threat* OR ""proximate cause*"" OR pressure* OR stressor* OR risk* OR ""global change"") AND (multi* OR quantif* OR compar* OR partition* OR rank* OR order* OR relative OR interact* OR interplay* OR synerg* OR magnitude* OR rate* OR effect* OR impact* OR influe* OR pace* OR extent OR importan*)",Ecosystem structure,Extent of remaining wilderness,(extent OR area OR cover* OR proportion OR percentage OR land OR landscape) AND wilderness*,"TS=(((extent OR area OR cover* OR proportion OR percentage OR land OR landscape) AND wilderness*) AND ((driver* OR factor* OR determinant* OR ""driving force*"" OR threat* OR ""proximate cause*"" OR pressure* OR stressor* OR risk* OR ""global change"") AND (multi* OR quantif* OR compar* OR partition* OR rank* OR order* OR relative OR interact* OR interplay* OR synerg* OR magnitude* OR rate* OR effect* OR impact* OR influe* OR pace* OR extent OR importan*)) AND (que*bec OR canada OR montr*al or Saint-Lawrence or Bas-Saint-Laurent or Saguenay or Lac-Saint-Jean  or Capitale-Nationale or Mauricie or Estrie or Outaouais or Abitibi-T*miscamingue or C*te-Nord or Nord-du-Qu*bec or Gasp*sie–*les-de-la-Madeleine or Chaudi*re-Appalaches or Laval or Lanaudi*re or Laurentides or Mont*r*gie or Centre-du-Qu*bec))"
General,NA,"(driver* OR factor* OR determinant* OR ""driving force*"" OR threat* OR ""proximate cause*"" OR pressure* OR stressor* OR risk* OR ""global change"") AND (multi* OR quantif* OR compar* OR partition* OR rank* OR order* OR relative OR interact* OR interplay* OR synerg* OR magnitude* OR rate* OR effect* OR impact* OR influe* OR pace* OR extent OR importan*)",Ecosystem structure,Leaf area index,"""leaf area ind*""","TS=((""leaf area ind*"") AND ((driver* OR factor* OR determinant* OR ""driving force*"" OR threat* OR ""proximate cause*"" OR pressure* OR stressor* OR risk* OR ""global change"") AND (multi* OR quantif* OR compar* OR partition* OR rank* OR order* OR relative OR interact* OR interplay* OR synerg* OR magnitude* OR rate* OR effect* OR impact* OR influe* OR pace* OR extent OR importan*)) AND (que*bec OR canada OR montr*al or Saint-Lawrence or Bas-Saint-Laurent or Saguenay or Lac-Saint-Jean  or Capitale-Nationale or Mauricie or Estrie or Outaouais or Abitibi-T*miscamingue or C*te-Nord or Nord-du-Qu*bec or Gasp*sie–*les-de-la-Madeleine or Chaudi*re-Appalaches or Laval or Lanaudi*re or Laurentides or Mont*r*gie or Centre-du-Qu*bec))"
General,NA,"(driver* OR factor* OR determinant* OR ""driving force*"" OR threat* OR ""proximate cause*"" OR pressure* OR stressor* OR risk* OR ""global change"") AND (multi* OR quantif* OR compar* OR partition* OR rank* OR order* OR relative OR interact* OR interplay* OR synerg* OR magnitude* OR rate* OR effect* OR impact* OR influe* OR pace* OR extent OR importan*)",Ecosystem structure,Percentage of live coral cover,(extent OR area OR cover* OR proportion OR percentage) AND coral AND live,"TS=(((extent OR area OR cover* OR proportion OR percentage) AND coral AND live) AND ((driver* OR factor* OR determinant* OR ""driving force*"" OR threat* OR ""proximate cause*"" OR pressure* OR stressor* OR risk* OR ""global change"") AND (multi* OR quantif* OR compar* OR partition* OR rank* OR order* OR relative OR interact* OR interplay* OR synerg* OR magnitude* OR rate* OR effect* OR impact* OR influe* OR pace* OR extent OR importan*)) AND (que*bec OR canada OR montr*al or Saint-Lawrence or Bas-Saint-Laurent or Saguenay or Lac-Saint-Jean  or Capitale-Nationale or Mauricie or Estrie or Outaouais or Abitibi-T*miscamingue or C*te-Nord or Nord-du-Qu*bec or Gasp*sie–*les-de-la-Madeleine or Chaudi*re-Appalaches or Laval or Lanaudi*re or Laurentides or Mont*r*gie or Centre-du-Qu*bec))"
General,NA,"(driver* OR factor* OR determinant* OR ""driving force*"" OR threat* OR ""proximate cause*"" OR pressure* OR stressor* OR risk* OR ""global change"") AND (multi* OR quantif* OR compar* OR partition* OR rank* OR order* OR relative OR interact* OR interplay* OR synerg* OR magnitude* OR rate* OR effect* OR impact* OR influe* OR pace* OR extent OR importan*)",Genetic composition,Proportion of local breeds at risk/not at risk/unknown,"""local breed*"" AND (livestock* OR (domestic AND animal*)) AND (risk OR extinct* OR threat*)","TS=((""local breed*"" AND (livestock* OR (domestic AND animal*)) AND (risk OR extinct* OR threat*)) AND ((driver* OR factor* OR determinant* OR ""driving force*"" OR threat* OR ""proximate cause*"" OR pressure* OR stressor* OR risk* OR ""global change"") AND (multi* OR quantif* OR compar* OR partition* OR rank* OR order* OR relative OR interact* OR interplay* OR synerg* OR magnitude* OR rate* OR effect* OR impact* OR influe* OR pace* OR extent OR importan*)) AND (que*bec OR canada OR montr*al or Saint-Lawrence or Bas-Saint-Laurent or Saguenay or Lac-Saint-Jean  or Capitale-Nationale or Mauricie or Estrie or Outaouais or Abitibi-T*miscamingue or C*te-Nord or Nord-du-Qu*bec or Gasp*sie–*les-de-la-Madeleine or Chaudi*re-Appalaches or Laval or Lanaudi*re or Laurentides or Mont*r*gie or Centre-du-Qu*bec))"
General,NA,"(driver* OR factor* OR determinant* OR ""driving force*"" OR threat* OR ""proximate cause*"" OR pressure* OR stressor* OR risk* OR ""global change"") AND (multi* OR quantif* OR compar* OR partition* OR rank* OR order* OR relative OR interact* OR interplay* OR synerg* OR magnitude* OR rate* OR effect* OR impact* OR influe* OR pace* OR extent OR importan*)",Species populations,IUCN red list of threatened species,"(IUCN OR ""red list"") AND (threat* OR extinct*) AND species NOT ""red list ind*""","TS=(((IUCN OR ""red list"") AND (threat* OR extinct*) AND species NOT ""red list ind*"") AND ((driver* OR factor* OR determinant* OR ""driving force*"" OR threat* OR ""proximate cause*"" OR pressure* OR stressor* OR risk* OR ""global change"") AND (multi* OR quantif* OR compar* OR partition* OR rank* OR order* OR relative OR interact* OR interplay* OR synerg* OR magnitude* OR rate* OR effect* OR impact* OR influe* OR pace* OR extent OR importan*)) AND (que*bec OR canada OR montr*al or Saint-Lawrence or Bas-Saint-Laurent or Saguenay or Lac-Saint-Jean  or Capitale-Nationale or Mauricie or Estrie or Outaouais or Abitibi-T*miscamingue or C*te-Nord or Nord-du-Qu*bec or Gasp*sie–*les-de-la-Madeleine or Chaudi*re-Appalaches or Laval or Lanaudi*re or Laurentides or Mont*r*gie or Centre-du-Qu*bec))"
General,NA,"(driver* OR factor* OR determinant* OR ""driving force*"" OR threat* OR ""proximate cause*"" OR pressure* OR stressor* OR risk* OR ""global change"") AND (multi* OR quantif* OR compar* OR partition* OR rank* OR order* OR relative OR interact* OR interplay* OR synerg* OR magnitude* OR rate* OR effect* OR impact* OR influe* OR pace* OR extent OR importan*)",Species populations,Living planet index,"""living planet ind*"" OR ""living planet report*""","TS=((""living planet ind*"" OR ""living planet report*"") AND ((driver* OR factor* OR determinant* OR ""driving force*"" OR threat* OR ""proximate cause*"" OR pressure* OR stressor* OR risk* OR ""global change"") AND (multi* OR quantif* OR compar* OR partition* OR rank* OR order* OR relative OR interact* OR interplay* OR synerg* OR magnitude* OR rate* OR effect* OR impact* OR influe* OR pace* OR extent OR importan*)) AND (que*bec OR canada OR montr*al or Saint-Lawrence or Bas-Saint-Laurent or Saguenay or Lac-Saint-Jean  or Capitale-Nationale or Mauricie or Estrie or Outaouais or Abitibi-T*miscamingue or C*te-Nord or Nord-du-Qu*bec or Gasp*sie–*les-de-la-Madeleine or Chaudi*re-Appalaches or Laval or Lanaudi*re or Laurentides or Mont*r*gie or Centre-du-Qu*bec))"
General,NA,"(driver* OR factor* OR determinant* OR ""driving force*"" OR threat* OR ""proximate cause*"" OR pressure* OR stressor* OR risk* OR ""global change"") AND (multi* OR quantif* OR compar* OR partition* OR rank* OR order* OR relative OR interact* OR interplay* OR synerg* OR magnitude* OR rate* OR effect* OR impact* OR influe* OR pace* OR extent OR importan*)",Species populations,Local species abundance,"((species OR assemblage*) AND abundance AND (local OR location* OR sample*)) AND (global OR world*) AND (""time series"" OR ""time -series"" OR temporal)","TS=((((species OR assemblage*) AND abundance AND (local OR location* OR sample*)) AND (global OR world*) AND (""time series"" OR ""time -series"" OR temporal)) AND ((driver* OR factor* OR determinant* OR ""driving force*"" OR threat* OR ""proximate cause*"" OR pressure* OR stressor* OR risk* OR ""global change"") AND (multi* OR quantif* OR compar* OR partition* OR rank* OR order* OR relative OR interact* OR interplay* OR synerg* OR magnitude* OR rate* OR effect* OR impact* OR influe* OR pace* OR extent OR importan*)) AND (que*bec OR canada OR montr*al or Saint-Lawrence or Bas-Saint-Laurent or Saguenay or Lac-Saint-Jean  or Capitale-Nationale or Mauricie or Estrie or Outaouais or Abitibi-T*miscamingue or C*te-Nord or Nord-du-Qu*bec or Gasp*sie–*les-de-la-Madeleine or Chaudi*re-Appalaches or Laval or Lanaudi*re or Laurentides or Mont*r*gie or Centre-du-Qu*bec))"
General,NA,"(driver* OR factor* OR determinant* OR ""driving force*"" OR threat* OR ""proximate cause*"" OR pressure* OR stressor* OR risk* OR ""global change"") AND (multi* OR quantif* OR compar* OR partition* OR rank* OR order* OR relative OR interact* OR interplay* OR synerg* OR magnitude* OR rate* OR effect* OR impact* OR influe* OR pace* OR extent OR importan*)",Species populations,Predatory fish biomass,predator* AND fish* AND (biomass OR abundance),"TS=((predator* AND fish* AND (biomass OR abundance)) AND ((driver* OR factor* OR determinant* OR ""driving force*"" OR threat* OR ""proximate cause*"" OR pressure* OR stressor* OR risk* OR ""global change"") AND (multi* OR quantif* OR compar* OR partition* OR rank* OR order* OR relative OR interact* OR interplay* OR synerg* OR magnitude* OR rate* OR effect* OR impact* OR influe* OR pace* OR extent OR importan*)) AND (que*bec OR canada OR montr*al or Saint-Lawrence or Bas-Saint-Laurent or Saguenay or Lac-Saint-Jean  or Capitale-Nationale or Mauricie or Estrie or Outaouais or Abitibi-T*miscamingue or C*te-Nord or Nord-du-Qu*bec or Gasp*sie–*les-de-la-Madeleine or Chaudi*re-Appalaches or Laval or Lanaudi*re or Laurentides or Mont*r*gie or Centre-du-Qu*bec))"
General,NA,"(driver* OR factor* OR determinant* OR ""driving force*"" OR threat* OR ""proximate cause*"" OR pressure* OR stressor* OR risk* OR ""global change"") AND (multi* OR quantif* OR compar* OR partition* OR rank* OR order* OR relative OR interact* OR interplay* OR synerg* OR magnitude* OR rate* OR effect* OR impact* OR influe* OR pace* OR extent OR importan*)",Species populations,Prey fish biomass,prey* AND fish* AND (biomass OR abundance),"TS=((prey* AND fish* AND (biomass OR abundance)) AND ((driver* OR factor* OR determinant* OR ""driving force*"" OR threat* OR ""proximate cause*"" OR pressure* OR stressor* OR risk* OR ""global change"") AND (multi* OR quantif* OR compar* OR partition* OR rank* OR order* OR relative OR interact* OR interplay* OR synerg* OR magnitude* OR rate* OR effect* OR impact* OR influe* OR pace* OR extent OR importan*)) AND (que*bec OR canada OR montr*al or Saint-Lawrence or Bas-Saint-Laurent or Saguenay or Lac-Saint-Jean  or Capitale-Nationale or Mauricie or Estrie or Outaouais or Abitibi-T*miscamingue or C*te-Nord or Nord-du-Qu*bec or Gasp*sie–*les-de-la-Madeleine or Chaudi*re-Appalaches or Laval or Lanaudi*re or Laurentides or Mont*r*gie or Centre-du-Qu*bec))"
General,NA,"(driver* OR factor* OR determinant* OR ""driving force*"" OR threat* OR ""proximate cause*"" OR pressure* OR stressor* OR risk* OR ""global change"") AND (multi* OR quantif* OR compar* OR partition* OR rank* OR order* OR relative OR interact* OR interplay* OR synerg* OR magnitude* OR rate* OR effect* OR impact* OR influe* OR pace* OR extent OR importan*)",Species populations,Proportion of fish stocks within biologically sustainable levels,"fish* AND stock* AND (""sustainab*"" OR safe)","TS=((fish* AND stock* AND (""sustainab*"" OR safe)) AND ((driver* OR factor* OR determinant* OR ""driving force*"" OR threat* OR ""proximate cause*"" OR pressure* OR stressor* OR risk* OR ""global change"") AND (multi* OR quantif* OR compar* OR partition* OR rank* OR order* OR relative OR interact* OR interplay* OR synerg* OR magnitude* OR rate* OR effect* OR impact* OR influe* OR pace* OR extent OR importan*)) AND (que*bec OR canada OR montr*al or Saint-Lawrence or Bas-Saint-Laurent or Saguenay or Lac-Saint-Jean  or Capitale-Nationale or Mauricie or Estrie or Outaouais or Abitibi-T*miscamingue or C*te-Nord or Nord-du-Qu*bec or Gasp*sie–*les-de-la-Madeleine or Chaudi*re-Appalaches or Laval or Lanaudi*re or Laurentides or Mont*r*gie or Centre-du-Qu*bec))"
General,NA,"(driver* OR factor* OR determinant* OR ""driving force*"" OR threat* OR ""proximate cause*"" OR pressure* OR stressor* OR risk* OR ""global change"") AND (multi* OR quantif* OR compar* OR partition* OR rank* OR order* OR relative OR interact* OR interplay* OR synerg* OR magnitude* OR rate* OR effect* OR impact* OR influe* OR pace* OR extent OR importan*)",Species populations,Red list index,"""red list ind*""","TS=((""red list ind*"") AND ((driver* OR factor* OR determinant* OR ""driving force*"" OR threat* OR ""proximate cause*"" OR pressure* OR stressor* OR risk* OR ""global change"") AND (multi* OR quantif* OR compar* OR partition* OR rank* OR order* OR relative OR interact* OR interplay* OR synerg* OR magnitude* OR rate* OR effect* OR impact* OR influe* OR pace* OR extent OR importan*)) AND (que*bec OR canada OR montr*al or Saint-Lawrence or Bas-Saint-Laurent or Saguenay or Lac-Saint-Jean  or Capitale-Nationale or Mauricie or Estrie or Outaouais or Abitibi-T*miscamingue or C*te-Nord or Nord-du-Qu*bec or Gasp*sie–*les-de-la-Madeleine or Chaudi*re-Appalaches or Laval or Lanaudi*re or Laurentides or Mont*r*gie or Centre-du-Qu*bec))"
General,NA,"(driver* OR factor* OR determinant* OR ""driving force*"" OR threat* OR ""proximate cause*"" OR pressure* OR stressor* OR risk* OR ""global change"") AND (multi* OR quantif* OR compar* OR partition* OR rank* OR order* OR relative OR interact* OR interplay* OR synerg* OR magnitude* OR rate* OR effect* OR impact* OR influe* OR pace* OR extent OR importan*)",Species populations,Wild bird index,"""wild bird ind*""","TS=((""wild bird ind*"") AND ((driver* OR factor* OR determinant* OR ""driving force*"" OR threat* OR ""proximate cause*"" OR pressure* OR stressor* OR risk* OR ""global change"") AND (multi* OR quantif* OR compar* OR partition* OR rank* OR order* OR relative OR interact* OR interplay* OR synerg* OR magnitude* OR rate* OR effect* OR impact* OR influe* OR pace* OR extent OR importan*)) AND (que*bec OR canada OR montr*al or Saint-Lawrence or Bas-Saint-Laurent or Saguenay or Lac-Saint-Jean  or Capitale-Nationale or Mauricie or Estrie or Outaouais or Abitibi-T*miscamingue or C*te-Nord or Nord-du-Qu*bec or Gasp*sie–*les-de-la-Madeleine or Chaudi*re-Appalaches or Laval or Lanaudi*re or Laurentides or Mont*r*gie or Centre-du-Qu*bec))"
General,NA,"(driver* OR factor* OR determinant* OR ""driving force*"" OR threat* OR ""proximate cause*"" OR pressure* OR stressor* OR risk* OR ""global change"") AND (multi* OR quantif* OR compar* OR partition* OR rank* OR order* OR relative OR interact* OR interplay* OR synerg* OR magnitude* OR rate* OR effect* OR impact* OR influe* OR pace* OR extent OR importan*)",Species traits,Mean length of fish,"(""mean length*"" OR ""average length*"") AND fish*","TS=(((""mean length*"" OR ""average length*"") AND fish*) AND ((driver* OR factor* OR determinant* OR ""driving force*"" OR threat* OR ""proximate cause*"" OR pressure* OR stressor* OR risk* OR ""global change"") AND (multi* OR quantif* OR compar* OR partition* OR rank* OR order* OR relative OR interact* OR interplay* OR synerg* OR magnitude* OR rate* OR effect* OR impact* OR influe* OR pace* OR extent OR importan*)) AND (que*bec OR canada OR montr*al or Saint-Lawrence or Bas-Saint-Laurent or Saguenay or Lac-Saint-Jean  or Capitale-Nationale or Mauricie or Estrie or Outaouais or Abitibi-T*miscamingue or C*te-Nord or Nord-du-Qu*bec or Gasp*sie–*les-de-la-Madeleine or Chaudi*re-Appalaches or Laval or Lanaudi*re or Laurentides or Mont*r*gie or Centre-du-Qu*bec))"
General,NA,"(driver* OR factor* OR determinant* OR ""driving force*"" OR threat* OR ""proximate cause*"" OR pressure* OR stressor* OR risk* OR ""global change"") AND (multi* OR quantif* OR compar* OR partition* OR rank* OR order* OR relative OR interact* OR interplay* OR synerg* OR magnitude* OR rate* OR effect* OR impact* OR influe* OR pace* OR extent OR importan*)",Species traits,Proportion of predatory fish,"(proportion OR ratio OR percentage) AND ""predator* fish*""","TS=(((proportion OR ratio OR percentage) AND ""predator* fish*"") AND ((driver* OR factor* OR determinant* OR ""driving force*"" OR threat* OR ""proximate cause*"" OR pressure* OR stressor* OR risk* OR ""global change"") AND (multi* OR quantif* OR compar* OR partition* OR rank* OR order* OR relative OR interact* OR interplay* OR synerg* OR magnitude* OR rate* OR effect* OR impact* OR influe* OR pace* OR extent OR importan*)) AND (que*bec OR canada OR montr*al or Saint-Lawrence or Bas-Saint-Laurent or Saguenay or Lac-Saint-Jean  or Capitale-Nationale or Mauricie or Estrie or Outaouais or Abitibi-T*miscamingue or C*te-Nord or Nord-du-Qu*bec or Gasp*sie–*les-de-la-Madeleine or Chaudi*re-Appalaches or Laval or Lanaudi*re or Laurentides or Mont*r*gie or Centre-du-Qu*bec))"
